Project,Bug_ID,Technique,Target_Classes,Line_Coverage_%,Branch_Coverage_%,Fault_Detection_Status,Test_Count,Duration_Sec,Execution_Status,Source
Lang,1,DeepSeek V4 Flash,org.apache.commons.lang3.math.NumberUtils,68.27,51.78,FLAKY_OR_REGRESSION,18,15.0,DONE,benchmark_results.csv
Lang,1,Gemini 3.8 Flash,org.apache.commons.lang3.math.NumberUtils,98.67,93.79,BUG_DETECTED,11,6.0,DONE,benchmark_results.csv
Cli,1,DeepSeek V4 Flash,org.apache.commons.cli.CommandLine,0.0,0.0,FLAKY_OR_REGRESSION,11,15.0,DONE,benchmark_results.csv
Cli,1,Gemini 3.8 Flash,org.apache.commons.cli.CommandLine,0.0,0.0,FLAKY_OR_REGRESSION,11,6.0,DONE,benchmark_results.csv
Closure,1,DeepSeek V4 Flash,com.google.javascript.jscomp.RemoveUnusedVars,0.0,0.0,COMPILE_ERROR,10,15.0,COMPILE_ERROR,benchmark_results.csv
Closure,1,Gemini 3.8 Flash,com.google.javascript.jscomp.RemoveUnusedVars,94.36,78.95,FLAKY_OR_REGRESSION,12,6.0,DONE,benchmark_results.csv
Codec,1,DeepSeek V4 Flash,org.apache.commons.codec.language.Caverphone;org.apache.commons.codec.language.Metaphone;org.apache.commons.codec.language.SoundexUtils,92.19,83.15,FLAKY_OR_REGRESSION,48,15.0,DONE,benchmark_results.csv
Codec,1,Gemini 3.8 Flash,org.apache.commons.codec.language.Caverphone;org.apache.commons.codec.language.Metaphone;org.apache.commons.codec.language.SoundexUtils,94.14,83.15,FLAKY_OR_REGRESSION,31,6.0,DONE,benchmark_results.csv
Collections,25,DeepSeek V4 Flash,org.apache.commons.collections4.IteratorUtils,0.0,0.0,COMPILE_ERROR,10,15.0,COMPILE_ERROR,benchmark_results.csv
Collections,25,Gemini 3.8 Flash,org.apache.commons.collections4.IteratorUtils,93.43,93.65,FLAKY_OR_REGRESSION,15,6.0,DONE,benchmark_results.csv
Compress,1,DeepSeek V4 Flash,org.apache.commons.compress.archivers.cpio.CpioArchiveOutputStream,0.0,0.0,COMPILE_ERROR,10,15.0,COMPILE_ERROR,benchmark_results.csv
Compress,1,Gemini 3.8 Flash,org.apache.commons.compress.archivers.cpio.CpioArchiveOutputStream,0.0,0.0,COMPILE_ERROR,10,6.0,COMPILE_ERROR,benchmark_results.csv
Csv,1,DeepSeek V4 Flash,org.apache.commons.csv.ExtendedBufferedReader,0.0,0.0,COMPILE_ERROR,10,15.0,COMPILE_ERROR,benchmark_results.csv
Csv,1,Gemini 3.8 Flash,org.apache.commons.csv.ExtendedBufferedReader,100.0,95.45,BUG_DETECTED,12,6.0,DONE,benchmark_results.csv
Gson,1,DeepSeek V4 Flash,com.google.gson.TypeInfoFactory,89.58,81.82,FLAKY_OR_REGRESSION,19,15.0,DONE,benchmark_results.csv
Gson,1,Gemini 3.8 Flash,com.google.gson.TypeInfoFactory,100.0,100.0,FLAKY_OR_REGRESSION,12,6.0,DONE,benchmark_results.csv
JacksonCore,1,DeepSeek V4 Flash,com.fasterxml.jackson.core.io.NumberInput;com.fasterxml.jackson.core.util.TextBuffer,81.91,68.91,FLAKY_OR_REGRESSION,21,15.0,DONE,benchmark_results.csv
JacksonCore,1,Gemini 3.8 Flash,com.fasterxml.jackson.core.io.NumberInput;com.fasterxml.jackson.core.util.TextBuffer,95.98,87.39,FLAKY_OR_REGRESSION,17,6.0,DONE,benchmark_results.csv
JacksonDatabind,1,DeepSeek V4 Flash,com.fasterxml.jackson.databind.ser.BeanPropertyWriter,0.0,0.0,COMPILE_ERROR,10,15.0,COMPILE_ERROR,benchmark_results.csv
JacksonDatabind,1,Gemini 3.8 Flash,com.fasterxml.jackson.databind.ser.BeanPropertyWriter,0.0,0.0,COMPILE_ERROR,10,6.0,COMPILE_ERROR,benchmark_results.csv
JacksonXml,1,DeepSeek V4 Flash,com.fasterxml.jackson.dataformat.xml.deser.FromXmlParser,0.0,0.0,COMPILE_ERROR,10,15.0,COMPILE_ERROR,benchmark_results.csv
JacksonXml,1,Gemini 3.8 Flash,com.fasterxml.jackson.dataformat.xml.deser.FromXmlParser,70.41,62.59,FLAKY_OR_REGRESSION,11,6.0,DONE,benchmark_results.csv
Jsoup,1,DeepSeek V4 Flash,org.jsoup.nodes.Document,100.0,100.0,FLAKY_OR_REGRESSION,11,15.0,DONE,benchmark_results.csv
Jsoup,1,Gemini 3.8 Flash,org.jsoup.nodes.Document,100.0,100.0,BUG_DETECTED,12,6.0,DONE,benchmark_results.csv
JxPath,1,DeepSeek V4 Flash,org.apache.commons.jxpath.ri.model.dom.DOMNodePointer;org.apache.commons.jxpath.ri.model.jdom.JDOMNodePointer,0.0,0.0,COMPILE_ERROR,10,15.0,COMPILE_ERROR,benchmark_results.csv
JxPath,1,Gemini 3.8 Flash,org.apache.commons.jxpath.ri.model.dom.DOMNodePointer;org.apache.commons.jxpath.ri.model.jdom.JDOMNodePointer,0.0,0.0,COMPILE_ERROR,10,6.0,COMPILE_ERROR,benchmark_results.csv
Math,2,DeepSeek V4 Flash,org.apache.commons.math3.distribution.HypergeometricDistribution,100.0,100.0,BUG_DETECTED,11,15.0,DONE,benchmark_results.csv
Math,2,Gemini 3.8 Flash,org.apache.commons.math3.distribution.HypergeometricDistribution,100.0,100.0,BUG_DETECTED,11,6.0,DONE,benchmark_results.csv
Mockito,1,DeepSeek V4 Flash,org.mockito.internal.invocation.InvocationMatcher,0.0,0.0,COMPILE_ERROR,10,15.0,COMPILE_ERROR,benchmark_results.csv
Mockito,1,Gemini 3.8 Flash,org.mockito.internal.invocation.InvocationMatcher,0.0,0.0,COMPILE_ERROR,10,6.0,COMPILE_ERROR,benchmark_results.csv
Time,1,DeepSeek V4 Flash,org.joda.time.field.UnsupportedDurationField;org.joda.time.Partial,0.0,0.0,COMPILE_ERROR,10,15.0,COMPILE_ERROR,benchmark_results.csv
Time,1,Gemini 3.8 Flash,org.joda.time.field.UnsupportedDurationField;org.joda.time.Partial,0.0,0.0,COMPILE_ERROR,10,6.0,COMPILE_ERROR,benchmark_results.csv
Csv,1,DeepSeek V4 Flash,org.apache.commons.csv.ExtendedBufferedReader,0.0,0.0,COMPILE_ERROR,10,15.0,COMPILE_ERROR,benchmark_results.csv
Csv,6,DeepSeek V4 Flash,org.apache.commons.csv.CSVRecord,100.0,100.0,FLAKY_OR_REGRESSION,13,15.0,DONE,benchmark_results.csv
Csv,9,DeepSeek V4 Flash,org.apache.commons.csv.CSVRecord,100.0,100.0,FLAKY_OR_REGRESSION,14,15.0,DONE,benchmark_results.csv
Csv,8,DeepSeek V4 Flash,org.apache.commons.csv.CSVFormat,93.3,77.86,FLAKY_OR_REGRESSION,13,15.0,DONE,benchmark_results.csv
Csv,1,DeepSeek V4 Flash,org.apache.commons.csv.ExtendedBufferedReader,0.0,0.0,COMPILE_ERROR,10,15.0,COMPILE_ERROR,benchmark_results.csv
Csv,2,DeepSeek V4 Flash,org.apache.commons.csv.CSVRecord,100.0,100.0,FLAKY_OR_REGRESSION,13,15.0,DONE,benchmark_results.csv
Csv,3,DeepSeek V4 Flash,org.apache.commons.csv.Lexer,0.0,0.0,COMPILE_ERROR,10,15.0,COMPILE_ERROR,benchmark_results.csv
Csv,4,DeepSeek V4 Flash,org.apache.commons.csv.CSVParser,0.0,0.0,COMPILE_ERROR,10,15.0,COMPILE_ERROR,benchmark_results.csv
Csv,5,DeepSeek V4 Flash,org.apache.commons.csv.CSVPrinter,0.0,0.0,COMPILE_ERROR,10,15.0,COMPILE_ERROR,benchmark_results.csv
Csv,6,DeepSeek V4 Flash,org.apache.commons.csv.CSVRecord,100.0,100.0,FLAKY_OR_REGRESSION,14,15.0,DONE,benchmark_results.csv
Csv,7,DeepSeek V4 Flash,org.apache.commons.csv.CSVParser,0.0,0.0,COMPILE_ERROR,10,15.0,COMPILE_ERROR,benchmark_results.csv
Csv,8,DeepSeek V4 Flash,org.apache.commons.csv.CSVFormat,93.3,77.86,FLAKY_OR_REGRESSION,13,15.0,DONE,benchmark_results.csv
Csv,9,DeepSeek V4 Flash,org.apache.commons.csv.CSVRecord,100.0,100.0,FLAKY_OR_REGRESSION,12,15.0,DONE,benchmark_results.csv
Csv,10,DeepSeek V4 Flash,org.apache.commons.csv.CSVPrinter,0.0,0.0,COMPILE_ERROR,10,15.0,COMPILE_ERROR,benchmark_results.csv
Csv,11,DeepSeek V4 Flash,org.apache.commons.csv.CSVParser,0.0,0.0,COMPILE_ERROR,10,15.0,COMPILE_ERROR,benchmark_results.csv
Csv,12,DeepSeek V4 Flash,org.apache.commons.csv.CSVFormat,0.0,0.0,COMPILE_ERROR,10,15.0,COMPILE_ERROR,benchmark_results.csv
Csv,13,DeepSeek V4 Flash,org.apache.commons.csv.CSVFormat;org.apache.commons.csv.CSVPrinter,87.01,78.55,FLAKY_OR_REGRESSION,47,15.0,DONE,benchmark_results.csv
Csv,14,DeepSeek V4 Flash,org.apache.commons.csv.CSVFormat,0.0,0.0,COMPILE_ERROR,10,15.0,COMPILE_ERROR,benchmark_results.csv
Csv,15,DeepSeek V4 Flash,org.apache.commons.csv.CSVFormat,0.0,0.0,COMPILE_ERROR,10,15.0,COMPILE_ERROR,benchmark_results.csv
Csv,16,DeepSeek V4 Flash,org.apache.commons.csv.CSVParser,82.11,79.41,FLAKY_OR_REGRESSION,22,15.0,DONE,benchmark_results.csv
Codec,1,DeepSeek V4 Flash,org.apache.commons.codec.language.Caverphone;org.apache.commons.codec.language.Metaphone;org.apache.commons.codec.language.SoundexUtils,92.19,83.15,FLAKY_OR_REGRESSION,48,15.0,DONE,benchmark_results.csv
Codec,2,DeepSeek V4 Flash,org.apache.commons.codec.binary.Base64,0.0,0.0,COMPILE_ERROR,10,15.0,COMPILE_ERROR,benchmark_results.csv
Codec,3,DeepSeek V4 Flash,org.apache.commons.codec.language.DoubleMetaphone,0.0,0.0,COMPILE_ERROR,10,15.0,COMPILE_ERROR,benchmark_results.csv
Codec,4,DeepSeek V4 Flash,org.apache.commons.codec.binary.Base64,0.0,0.0,COMPILE_ERROR,10,15.0,COMPILE_ERROR,benchmark_results.csv
Codec,5,DeepSeek V4 Flash,org.apache.commons.codec.binary.Base64,91.77,82.91,FLAKY_OR_REGRESSION,23,15.0,DONE,benchmark_results.csv
Codec,6,DeepSeek V4 Flash,org.apache.commons.codec.binary.Base64InputStream,100.0,96.43,FLAKY_OR_REGRESSION,15,15.0,DONE,benchmark_results.csv
Codec,7,DeepSeek V4 Flash,org.apache.commons.codec.binary.Base64,0.0,0.0,COMPILE_ERROR,10,15.0,COMPILE_ERROR,benchmark_results.csv
Codec,8,DeepSeek V4 Flash,org.apache.commons.codec.binary.Base64;org.apache.commons.codec.binary.Base64InputStream,0.0,0.0,COMPILE_ERROR,10,15.0,COMPILE_ERROR,benchmark_results.csv
Codec,9,DeepSeek V4 Flash,org.apache.commons.codec.binary.Base64,0.0,0.0,COMPILE_ERROR,10,15.0,COMPILE_ERROR,benchmark_results.csv
Codec,10,DeepSeek V4 Flash,org.apache.commons.codec.language.Caverphone,0.0,0.0,COMPILE_ERROR,10,15.0,COMPILE_ERROR,benchmark_results.csv
Codec,11,DeepSeek V4 Flash,org.apache.commons.codec.net.QuotedPrintableCodec,90.12,83.33,FLAKY_OR_REGRESSION,15,15.0,DONE,benchmark_results.csv
Codec,12,DeepSeek V4 Flash,org.apache.commons.codec.binary.BaseNCodecInputStream,96.77,92.31,FLAKY_OR_REGRESSION,20,15.0,DONE,benchmark_results.csv
Codec,13,DeepSeek V4 Flash,org.apache.commons.codec.binary.CharSequenceUtils;org.apache.commons.codec.binary.StringUtils;org.apache.commons.codec.language.DoubleMetaphone,0.0,0.0,COMPILE_ERROR,10,15.0,COMPILE_ERROR,benchmark_results.csv
Codec,14,DeepSeek V4 Flash,org.apache.commons.codec.language.bm.Lang;org.apache.commons.codec.language.bm.PhoneticEngine;org.apache.commons.codec.language.bm.Rule;src.main.resources.org.apache.commons.codec.language.bm.ash_lang.txt;src.main.resources.org.apache.commons.codec.language.bm.gen_lang.txt;src.main.resources.org.apache.commons.codec.language.bm.sep_lang.txt,0.0,0.0,COMPILE_ERROR,10,15.0,COMPILE_ERROR,benchmark_results.csv
Codec,15,DeepSeek V4 Flash,org.apache.commons.codec.language.Soundex,0.0,0.0,COMPILE_ERROR,10,15.0,COMPILE_ERROR,benchmark_results.csv
Codec,16,DeepSeek V4 Flash,org.apache.commons.codec.binary.Base32,0.0,0.0,COMPILE_ERROR,10,15.0,COMPILE_ERROR,benchmark_results.csv
Codec,17,DeepSeek V4 Flash,org.apache.commons.codec.binary.StringUtils,97.44,100.0,FLAKY_OR_REGRESSION,12,15.0,DONE,benchmark_results.csv
Codec,18,DeepSeek V4 Flash,org.apache.commons.codec.binary.StringUtils,0.0,0.0,COMPILE_ERROR,10,15.0,COMPILE_ERROR,benchmark_results.csv
Csv,1,DeepSeek V4 Flash,org.apache.commons.csv.ExtendedBufferedReader,0.0,0.0,COMPILE_ERROR,10,15.0,COMPILE_ERROR,benchmark_results.csv
Csv,1,Gemini 3.8 Flash,org.apache.commons.csv.ExtendedBufferedReader,100.0,95.45,BUG_DETECTED,12,6.0,DONE,benchmark_results.csv
Csv,2,DeepSeek V4 Flash,org.apache.commons.csv.CSVRecord,100.0,100.0,FLAKY_OR_REGRESSION,13,15.0,DONE,benchmark_results.csv
Csv,2,Gemini 3.8 Flash,org.apache.commons.csv.CSVRecord,100.0,100.0,BUG_DETECTED,11,6.0,DONE,benchmark_results.csv
Csv,3,DeepSeek V4 Flash,org.apache.commons.csv.Lexer,0.0,0.0,COMPILE_ERROR,10,15.0,COMPILE_ERROR,benchmark_results.csv
Csv,3,Gemini 3.8 Flash,org.apache.commons.csv.Lexer,0.0,0.0,COMPILE_ERROR,10,6.0,COMPILE_ERROR,benchmark_results.csv
Csv,4,DeepSeek V4 Flash,org.apache.commons.csv.CSVParser,0.0,0.0,COMPILE_ERROR,10,15.0,COMPILE_ERROR,benchmark_results.csv
Csv,4,Gemini 3.8 Flash,org.apache.commons.csv.CSVParser,0.0,0.0,COMPILE_ERROR,10,6.0,COMPILE_ERROR,benchmark_results.csv
Csv,5,DeepSeek V4 Flash,org.apache.commons.csv.CSVPrinter,0.0,0.0,COMPILE_ERROR,10,15.0,COMPILE_ERROR,benchmark_results.csv
Csv,5,Gemini 3.8 Flash,org.apache.commons.csv.CSVPrinter,0.0,0.0,COMPILE_ERROR,10,6.0,COMPILE_ERROR,benchmark_results.csv
Csv,6,DeepSeek V4 Flash,org.apache.commons.csv.CSVRecord,100.0,100.0,FLAKY_OR_REGRESSION,14,15.0,DONE,benchmark_results.csv
Csv,6,Gemini 3.8 Flash,org.apache.commons.csv.CSVRecord,100.0,100.0,BUG_DETECTED,12,6.0,DONE,benchmark_results.csv
Csv,7,DeepSeek V4 Flash,org.apache.commons.csv.CSVParser,0.0,0.0,COMPILE_ERROR,10,15.0,COMPILE_ERROR,benchmark_results.csv
Csv,7,Gemini 3.8 Flash,org.apache.commons.csv.CSVParser,0.0,0.0,COMPILE_ERROR,10,6.0,COMPILE_ERROR,benchmark_results.csv
Csv,8,DeepSeek V4 Flash,org.apache.commons.csv.CSVFormat,93.3,77.86,FLAKY_OR_REGRESSION,13,15.0,DONE,benchmark_results.csv
Csv,8,Gemini 3.8 Flash,org.apache.commons.csv.CSVFormat,0.0,0.0,COMPILE_ERROR,10,6.0,COMPILE_ERROR,benchmark_results.csv
Csv,9,DeepSeek V4 Flash,org.apache.commons.csv.CSVRecord,100.0,100.0,FLAKY_OR_REGRESSION,12,15.0,DONE,benchmark_results.csv
Csv,9,Gemini 3.8 Flash,org.apache.commons.csv.CSVRecord,100.0,100.0,BUG_DETECTED,11,6.0,DONE,benchmark_results.csv
Csv,10,DeepSeek V4 Flash,org.apache.commons.csv.CSVPrinter,0.0,0.0,COMPILE_ERROR,10,15.0,COMPILE_ERROR,benchmark_results.csv
Csv,10,Gemini 3.8 Flash,org.apache.commons.csv.CSVPrinter,0.0,0.0,COMPILE_ERROR,10,6.0,COMPILE_ERROR,benchmark_results.csv
Csv,11,DeepSeek V4 Flash,org.apache.commons.csv.CSVParser,0.0,0.0,COMPILE_ERROR,10,15.0,COMPILE_ERROR,benchmark_results.csv
Csv,11,Gemini 3.8 Flash,org.apache.commons.csv.CSVParser,0.0,0.0,COMPILE_ERROR,10,6.0,COMPILE_ERROR,benchmark_results.csv
Csv,12,DeepSeek V4 Flash,org.apache.commons.csv.CSVFormat,0.0,0.0,COMPILE_ERROR,10,15.0,COMPILE_ERROR,benchmark_results.csv
Csv,12,Gemini 3.8 Flash,org.apache.commons.csv.CSVFormat,96.74,97.14,FLAKY_OR_REGRESSION,12,6.0,DONE,benchmark_results.csv
Csv,13,DeepSeek V4 Flash,org.apache.commons.csv.CSVFormat;org.apache.commons.csv.CSVPrinter,87.01,78.55,FLAKY_OR_REGRESSION,47,15.0,DONE,benchmark_results.csv
Csv,13,Gemini 3.8 Flash,org.apache.commons.csv.CSVFormat;org.apache.commons.csv.CSVPrinter,98.7,91.35,BUG_DETECTED,14,6.0,DONE,benchmark_results.csv
Csv,14,DeepSeek V4 Flash,org.apache.commons.csv.CSVFormat,0.0,0.0,COMPILE_ERROR,10,15.0,COMPILE_ERROR,benchmark_results.csv
Csv,14,Gemini 3.8 Flash,org.apache.commons.csv.CSVFormat,95.51,81.62,FLAKY_OR_REGRESSION,15,6.0,DONE,benchmark_results.csv
Csv,15,DeepSeek V4 Flash,org.apache.commons.csv.CSVFormat,0.0,0.0,COMPILE_ERROR,10,15.0,COMPILE_ERROR,benchmark_results.csv
Csv,15,Gemini 3.8 Flash,org.apache.commons.csv.CSVFormat,98.24,87.64,FLAKY_OR_REGRESSION,15,6.0,DONE,benchmark_results.csv
Csv,16,DeepSeek V4 Flash,org.apache.commons.csv.CSVParser,82.11,79.41,FLAKY_OR_REGRESSION,22,15.0,DONE,benchmark_results.csv
Csv,16,Gemini 3.8 Flash,org.apache.commons.csv.CSVParser,96.75,83.82,FLAKY_OR_REGRESSION,13,6.0,DONE,benchmark_results.csv
Codec,1,Gemini 3.8 Flash,org.apache.commons.codec.language.Caverphone;org.apache.commons.codec.language.Metaphone;org.apache.commons.codec.language.SoundexUtils,94.14,83.15,FLAKY_OR_REGRESSION,31,6.0,DONE,benchmark_results.csv
Codec,2,DeepSeek V4 Flash,org.apache.commons.codec.binary.Base64,0.0,0.0,COMPILE_ERROR,10,15.0,COMPILE_ERROR,benchmark_results.csv
Codec,2,Gemini 3.8 Flash,org.apache.commons.codec.binary.Base64,0.0,0.0,COMPILE_ERROR,10,6.0,COMPILE_ERROR,benchmark_results.csv
Codec,3,DeepSeek V4 Flash,org.apache.commons.codec.language.DoubleMetaphone,0.0,0.0,COMPILE_ERROR,10,15.0,COMPILE_ERROR,benchmark_results.csv
Codec,3,Gemini 3.8 Flash,org.apache.commons.codec.language.DoubleMetaphone,75.94,60.0,FLAKY_OR_REGRESSION,30,6.0,DONE,benchmark_results.csv
Codec,4,DeepSeek V4 Flash,org.apache.commons.codec.binary.Base64,0.0,0.0,COMPILE_ERROR,10,15.0,COMPILE_ERROR,benchmark_results.csv
Codec,4,Gemini 3.8 Flash,org.apache.commons.codec.binary.Base64,98.7,94.3,BUG_DETECTED,14,6.0,DONE,benchmark_results.csv
Codec,5,Gemini 3.8 Flash,org.apache.commons.codec.binary.Base64,0.0,0.0,COMPILE_ERROR,10,6.0,COMPILE_ERROR,benchmark_results.csv
Codec,6,Gemini 3.8 Flash,org.apache.commons.codec.binary.Base64InputStream,0.0,0.0,COMPILE_ERROR,10,6.0,COMPILE_ERROR,benchmark_results.csv
Codec,7,DeepSeek V4 Flash,org.apache.commons.codec.binary.Base64,0.0,0.0,COMPILE_ERROR,10,15.0,COMPILE_ERROR,benchmark_results.csv
Codec,7,Gemini 3.8 Flash,org.apache.commons.codec.binary.Base64,99.57,91.98,BUG_DETECTED,13,6.0,DONE,benchmark_results.csv
Codec,8,DeepSeek V4 Flash,org.apache.commons.codec.binary.Base64;org.apache.commons.codec.binary.Base64InputStream,0.0,0.0,COMPILE_ERROR,10,15.0,COMPILE_ERROR,benchmark_results.csv
Codec,8,Gemini 3.8 Flash,org.apache.commons.codec.binary.Base64;org.apache.commons.codec.binary.Base64InputStream,99.23,93.55,BUG_DETECTED,14,6.0,DONE,benchmark_results.csv
Codec,9,DeepSeek V4 Flash,org.apache.commons.codec.binary.Base64,0.0,0.0,COMPILE_ERROR,10,15.0,COMPILE_ERROR,benchmark_results.csv
Codec,9,Gemini 3.8 Flash,org.apache.commons.codec.binary.Base64,99.09,90.79,FLAKY_OR_REGRESSION,13,6.0,DONE,benchmark_results.csv
Codec,10,DeepSeek V4 Flash,org.apache.commons.codec.language.Caverphone,0.0,0.0,COMPILE_ERROR,10,15.0,COMPILE_ERROR,benchmark_results.csv
Codec,10,Gemini 3.8 Flash,org.apache.commons.codec.language.Caverphone,100.0,100.0,FLAKY_OR_REGRESSION,18,6.0,DONE,benchmark_results.csv
Codec,11,Gemini 3.8 Flash,org.apache.commons.codec.net.QuotedPrintableCodec,100.0,100.0,FLAKY_OR_REGRESSION,12,6.0,DONE,benchmark_results.csv
Codec,12,Gemini 3.8 Flash,org.apache.commons.codec.binary.BaseNCodecInputStream,0.0,0.0,COMPILE_ERROR,10,6.0,COMPILE_ERROR,benchmark_results.csv
Codec,13,DeepSeek V4 Flash,org.apache.commons.codec.binary.CharSequenceUtils;org.apache.commons.codec.binary.StringUtils;org.apache.commons.codec.language.DoubleMetaphone,0.0,0.0,COMPILE_ERROR,10,15.0,COMPILE_ERROR,benchmark_results.csv
Codec,13,Gemini 3.8 Flash,org.apache.commons.codec.binary.CharSequenceUtils;org.apache.commons.codec.binary.StringUtils;org.apache.commons.codec.language.DoubleMetaphone,0.0,0.0,COMPILE_ERROR,10,6.0,COMPILE_ERROR,benchmark_results.csv
Codec,14,DeepSeek V4 Flash,org.apache.commons.codec.language.bm.Lang;org.apache.commons.codec.language.bm.PhoneticEngine;org.apache.commons.codec.language.bm.Rule;src.main.resources.org.apache.commons.codec.language.bm.ash_lang.txt;src.main.resources.org.apache.commons.codec.language.bm.gen_lang.txt;src.main.resources.org.apache.commons.codec.language.bm.sep_lang.txt,0.0,0.0,COMPILE_ERROR,10,15.0,COMPILE_ERROR,benchmark_results.csv
Codec,14,Gemini 3.8 Flash,org.apache.commons.codec.language.bm.Lang;org.apache.commons.codec.language.bm.PhoneticEngine;org.apache.commons.codec.language.bm.Rule;src.main.resources.org.apache.commons.codec.language.bm.ash_lang.txt;src.main.resources.org.apache.commons.codec.language.bm.gen_lang.txt;src.main.resources.org.apache.commons.codec.language.bm.sep_lang.txt,0.0,0.0,COMPILE_ERROR,10,6.0,COMPILE_ERROR,benchmark_results.csv
Codec,15,DeepSeek V4 Flash,org.apache.commons.codec.language.Soundex,0.0,0.0,COMPILE_ERROR,10,15.0,COMPILE_ERROR,benchmark_results.csv
Codec,16,DeepSeek V4 Flash,org.apache.commons.codec.binary.Base32,0.0,0.0,COMPILE_ERROR,10,15.0,COMPILE_ERROR,benchmark_results.csv
Codec,16,Gemini 3.8 Flash,org.apache.commons.codec.binary.Base32,98.19,92.0,BUG_DETECTED,12,6.0,DONE,benchmark_results.csv
Codec,17,Gemini 3.8 Flash,org.apache.commons.codec.binary.StringUtils,100.0,100.0,FLAKY_OR_REGRESSION,14,6.0,DONE,benchmark_results.csv
Codec,18,DeepSeek V4 Flash,org.apache.commons.codec.binary.StringUtils,0.0,0.0,COMPILE_ERROR,10,15.0,COMPILE_ERROR,benchmark_results.csv
Codec,18,Gemini 3.8 Flash,org.apache.commons.codec.binary.StringUtils,100.0,100.0,FLAKY_OR_REGRESSION,15,6.0,DONE,benchmark_results.csv
Gson,1,DeepSeek V4 Flash,com.google.gson.TypeInfoFactory,89.58,81.82,FLAKY_OR_REGRESSION,19,15.0,DONE,benchmark_results.csv
Gson,1,Gemini 3.8 Flash,com.google.gson.TypeInfoFactory,100.0,100.0,FLAKY_OR_REGRESSION,12,6.0,DONE,benchmark_results.csv
Gson,2,DeepSeek V4 Flash,com.google.gson.internal.bind.TypeAdapters,60.99,46.81,FLAKY_OR_REGRESSION,69,15.0,DONE,benchmark_results.csv
Gson,2,Gemini 3.8 Flash,com.google.gson.internal.bind.TypeAdapters,0.0,0.0,COMPILE_ERROR,10,6.0,COMPILE_ERROR,benchmark_results.csv
Gson,3,DeepSeek V4 Flash,com.google.gson.internal.ConstructorConstructor,0.0,0.0,COMPILE_ERROR,10,15.0,COMPILE_ERROR,benchmark_results.csv
Gson,3,Gemini 3.8 Flash,com.google.gson.internal.ConstructorConstructor,97.67,96.88,BUG_DETECTED,12,6.0,DONE,benchmark_results.csv
Gson,4,DeepSeek V4 Flash,com.google.gson.stream.JsonReader;com.google.gson.stream.JsonWriter,0.0,0.0,COMPILE_ERROR,10,15.0,COMPILE_ERROR,benchmark_results.csv
Gson,4,Gemini 3.8 Flash,com.google.gson.stream.JsonReader;com.google.gson.stream.JsonWriter,0.0,0.0,COMPILE_ERROR,10,6.0,COMPILE_ERROR,benchmark_results.csv
Gson,5,DeepSeek V4 Flash,com.google.gson.internal.bind.util.ISO8601Utils,98.67,86.52,FLAKY_OR_REGRESSION,16,15.0,DONE,benchmark_results.csv
Gson,5,Gemini 3.8 Flash,com.google.gson.internal.bind.util.ISO8601Utils,98.0,83.15,FLAKY_OR_REGRESSION,12,6.0,DONE,benchmark_results.csv
Gson,6,DeepSeek V4 Flash,com.google.gson.internal.bind.JsonAdapterAnnotationTypeAdapterFactory,0.0,0.0,COMPILE_ERROR,10,15.0,COMPILE_ERROR,benchmark_results.csv
Gson,6,Gemini 3.8 Flash,com.google.gson.internal.bind.JsonAdapterAnnotationTypeAdapterFactory,100.0,100.0,BUG_DETECTED,14,6.0,DONE,benchmark_results.csv
Gson,7,DeepSeek V4 Flash,com.google.gson.stream.JsonReader,0.0,0.0,COMPILE_ERROR,10,15.0,COMPILE_ERROR,benchmark_results.csv
Gson,7,Gemini 3.8 Flash,com.google.gson.stream.JsonReader,85.09,73.77,FLAKY_OR_REGRESSION,14,6.0,DONE,benchmark_results.csv
Gson,8,DeepSeek V4 Flash,com.google.gson.internal.UnsafeAllocator,0.0,0.0,NOT_DETECTED,10,15.0,DONE,benchmark_results.csv
Gson,8,Gemini 3.8 Flash,com.google.gson.internal.UnsafeAllocator,0.0,0.0,NOT_DETECTED,10,6.0,DONE,benchmark_results.csv
Gson,9,DeepSeek V4 Flash,com.google.gson.internal.bind.JsonTreeWriter;com.google.gson.internal.bind.TypeAdapters;com.google.gson.stream.JsonWriter,0.0,0.0,COMPILE_ERROR,10,15.0,COMPILE_ERROR,benchmark_results.csv
Gson,9,Gemini 3.8 Flash,com.google.gson.internal.bind.JsonTreeWriter;com.google.gson.internal.bind.TypeAdapters;com.google.gson.stream.JsonWriter,0.0,0.0,COMPILE_ERROR,10,6.0,COMPILE_ERROR,benchmark_results.csv
Gson,10,DeepSeek V4 Flash,com.google.gson.internal.bind.ReflectiveTypeAdapterFactory,0.0,0.0,COMPILE_ERROR,10,15.0,COMPILE_ERROR,benchmark_results.csv
Gson,10,Gemini 3.8 Flash,com.google.gson.internal.bind.ReflectiveTypeAdapterFactory,96.58,94.83,BUG_DETECTED,11,6.0,DONE,benchmark_results.csv
Gson,11,DeepSeek V4 Flash,com.google.gson.internal.bind.TypeAdapters,0.0,0.0,COMPILE_ERROR,10,15.0,COMPILE_ERROR,benchmark_results.csv
Gson,11,Gemini 3.8 Flash,com.google.gson.internal.bind.TypeAdapters,0.0,0.0,COMPILE_ERROR,10,6.0,COMPILE_ERROR,benchmark_results.csv
Gson,12,DeepSeek V4 Flash,com.google.gson.internal.bind.JsonTreeReader,92.26,83.72,FLAKY_OR_REGRESSION,19,15.0,DONE,benchmark_results.csv
Gson,12,Gemini 3.8 Flash,com.google.gson.internal.bind.JsonTreeReader,97.02,87.21,FLAKY_OR_REGRESSION,14,6.0,DONE,benchmark_results.csv
Gson,13,DeepSeek V4 Flash,com.google.gson.stream.JsonReader,0.0,0.0,COMPILE_ERROR,10,15.0,COMPILE_ERROR,benchmark_results.csv
Gson,13,Gemini 3.8 Flash,com.google.gson.stream.JsonReader,0.0,0.0,COMPILE_ERROR,10,6.0,COMPILE_ERROR,benchmark_results.csv
Gson,14,DeepSeek V4 Flash,com.google.gson.internal.$Gson$Types,0.0,0.0,COMPILE_ERROR,10,15.0,COMPILE_ERROR,benchmark_results.csv
Gson,14,Gemini 3.8 Flash,com.google.gson.internal.$Gson$Types,95.06,85.26,FLAKY_OR_REGRESSION,17,6.0,DONE,benchmark_results.csv
Gson,15,DeepSeek V4 Flash,com.google.gson.stream.JsonWriter,0.0,0.0,COMPILE_ERROR,10,15.0,COMPILE_ERROR,benchmark_results.csv
Gson,15,Gemini 3.8 Flash,com.google.gson.stream.JsonWriter,98.48,93.48,FLAKY_OR_REGRESSION,13,6.0,DONE,benchmark_results.csv
Gson,16,DeepSeek V4 Flash,com.google.gson.internal.$Gson$Types,0.0,0.0,COMPILE_ERROR,10,15.0,COMPILE_ERROR,benchmark_results.csv
Gson,16,Gemini 3.8 Flash,com.google.gson.internal.$Gson$Types,0.0,0.0,COMPILE_ERROR,10,6.0,COMPILE_ERROR,benchmark_results.csv
Gson,17,DeepSeek V4 Flash,com.google.gson.DefaultDateTypeAdapter,0.0,0.0,COMPILE_ERROR,10,15.0,COMPILE_ERROR,benchmark_results.csv
Gson,17,Gemini 3.8 Flash,com.google.gson.DefaultDateTypeAdapter,98.18,93.75,FLAKY_OR_REGRESSION,16,6.0,DONE,benchmark_results.csv
Gson,18,DeepSeek V4 Flash,com.google.gson.internal.$Gson$Types,0.0,0.0,COMPILE_ERROR,10,15.0,COMPILE_ERROR,benchmark_results.csv
Gson,18,Gemini 3.8 Flash,com.google.gson.internal.$Gson$Types,96.02,83.67,BUG_DETECTED,12,6.0,DONE,benchmark_results.csv
JacksonXml,1,DeepSeek V4 Flash,com.fasterxml.jackson.dataformat.xml.deser.FromXmlParser,0.0,0.0,COMPILE_ERROR,10,15.0,COMPILE_ERROR,benchmark_results.csv
JacksonXml,1,Gemini 3.8 Flash,com.fasterxml.jackson.dataformat.xml.deser.FromXmlParser,70.41,62.59,FLAKY_OR_REGRESSION,11,6.0,DONE,benchmark_results.csv
JacksonXml,2,DeepSeek V4 Flash,com.fasterxml.jackson.dataformat.xml.deser.XmlTokenStream,0.0,0.0,COMPILE_ERROR,10,15.0,COMPILE_ERROR,benchmark_results.csv
JacksonXml,2,Gemini 3.8 Flash,com.fasterxml.jackson.dataformat.xml.deser.XmlTokenStream,64.12,74.32,FLAKY_OR_REGRESSION,14,6.0,DONE,benchmark_results.csv
JacksonXml,3,DeepSeek V4 Flash,com.fasterxml.jackson.dataformat.xml.deser.FromXmlParser,0.0,0.0,COMPILE_ERROR,10,15.0,COMPILE_ERROR,benchmark_results.csv
JacksonXml,3,Gemini 3.8 Flash,com.fasterxml.jackson.dataformat.xml.deser.FromXmlParser,60.68,52.32,FLAKY_OR_REGRESSION,16,6.0,DONE,benchmark_results.csv
JacksonXml,4,DeepSeek V4 Flash,com.fasterxml.jackson.dataformat.xml.ser.XmlSerializerProvider,0.0,0.0,COMPILE_ERROR,10,15.0,COMPILE_ERROR,benchmark_results.csv
JacksonXml,4,Gemini 3.8 Flash,com.fasterxml.jackson.dataformat.xml.ser.XmlSerializerProvider,67.23,56.9,BUG_DETECTED,12,6.0,DONE,benchmark_results.csv
JacksonXml,5,DeepSeek V4 Flash,com.fasterxml.jackson.dataformat.xml.ser.XmlSerializerProvider,0.0,0.0,COMPILE_ERROR,10,15.0,COMPILE_ERROR,benchmark_results.csv
JacksonXml,5,Gemini 3.8 Flash,com.fasterxml.jackson.dataformat.xml.ser.XmlSerializerProvider,93.75,87.5,BUG_DETECTED,12,6.0,DONE,benchmark_results.csv
JacksonXml,6,DeepSeek V4 Flash,com.fasterxml.jackson.dataformat.xml.ser.ToXmlGenerator,0.0,0.0,COMPILE_ERROR,10,15.0,COMPILE_ERROR,benchmark_results.csv
JacksonXml,6,Gemini 3.8 Flash,com.fasterxml.jackson.dataformat.xml.ser.ToXmlGenerator,38.35,29.73,FLAKY_OR_REGRESSION,28,6.0,DONE,benchmark_results.csv
JxPath,1,DeepSeek V4 Flash,org.apache.commons.jxpath.ri.model.dom.DOMNodePointer;org.apache.commons.jxpath.ri.model.jdom.JDOMNodePointer,0.0,0.0,COMPILE_ERROR,10,15.0,COMPILE_ERROR,benchmark_results.csv
JxPath,1,Gemini 3.8 Flash,org.apache.commons.jxpath.ri.model.dom.DOMNodePointer;org.apache.commons.jxpath.ri.model.jdom.JDOMNodePointer,0.0,0.0,COMPILE_ERROR,10,6.0,COMPILE_ERROR,benchmark_results.csv
JxPath,2,DeepSeek V4 Flash,org.apache.commons.jxpath.ri.compiler.Expression,0.0,0.0,COMPILE_ERROR,10,15.0,COMPILE_ERROR,benchmark_results.csv
JxPath,2,Gemini 3.8 Flash,org.apache.commons.jxpath.ri.compiler.Expression,100.0,100.0,BUG_DETECTED,11,6.0,DONE,benchmark_results.csv
JxPath,3,DeepSeek V4 Flash,org.apache.commons.jxpath.ri.model.beans.NullPropertyPointer,0.0,0.0,COMPILE_ERROR,10,15.0,COMPILE_ERROR,benchmark_results.csv
JxPath,3,Gemini 3.8 Flash,org.apache.commons.jxpath.ri.model.beans.NullPropertyPointer,0.0,0.0,COMPILE_ERROR,10,6.0,COMPILE_ERROR,benchmark_results.csv
JxPath,4,DeepSeek V4 Flash,org.apache.commons.jxpath.ri.model.dom.DOMNodePointer;org.apache.commons.jxpath.ri.model.jdom.JDOMNodePointer,0.0,0.0,COMPILE_ERROR,10,15.0,COMPILE_ERROR,benchmark_results.csv
JxPath,4,Gemini 3.8 Flash,org.apache.commons.jxpath.ri.model.dom.DOMNodePointer;org.apache.commons.jxpath.ri.model.jdom.JDOMNodePointer,0.0,0.0,COMPILE_ERROR,10,6.0,COMPILE_ERROR,benchmark_results.csv
JxPath,5,DeepSeek V4 Flash,org.apache.commons.jxpath.ri.model.NodePointer,0.0,0.0,COMPILE_ERROR,10,15.0,COMPILE_ERROR,benchmark_results.csv
JxPath,5,Gemini 3.8 Flash,org.apache.commons.jxpath.ri.model.NodePointer,94.41,90.0,FLAKY_OR_REGRESSION,12,6.0,DONE,benchmark_results.csv
JxPath,6,DeepSeek V4 Flash,org.apache.commons.jxpath.ri.compiler.CoreOperationCompare,0.0,0.0,COMPILE_ERROR,10,15.0,COMPILE_ERROR,benchmark_results.csv
JxPath,6,Gemini 3.8 Flash,org.apache.commons.jxpath.ri.compiler.CoreOperationCompare,0.0,0.0,COMPILE_ERROR,10,6.0,COMPILE_ERROR,benchmark_results.csv
JxPath,7,DeepSeek V4 Flash,org.apache.commons.jxpath.ri.compiler.CoreOperationGreaterThan;org.apache.commons.jxpath.ri.compiler.CoreOperationGreaterThanOrEqual;org.apache.commons.jxpath.ri.compiler.CoreOperationLessThan;org.apache.commons.jxpath.ri.compiler.CoreOperationLessThanOrEqual;org.apache.commons.jxpath.ri.compiler.CoreOperationRelationalExpression,0.0,0.0,COMPILE_ERROR,10,15.0,COMPILE_ERROR,benchmark_results.csv
JxPath,7,Gemini 3.8 Flash,org.apache.commons.jxpath.ri.compiler.CoreOperationGreaterThan;org.apache.commons.jxpath.ri.compiler.CoreOperationGreaterThanOrEqual;org.apache.commons.jxpath.ri.compiler.CoreOperationLessThan;org.apache.commons.jxpath.ri.compiler.CoreOperationLessThanOrEqual;org.apache.commons.jxpath.ri.compiler.CoreOperationRelationalExpression,0.0,0.0,COMPILE_ERROR,10,6.0,COMPILE_ERROR,benchmark_results.csv
JxPath,8,DeepSeek V4 Flash,org.apache.commons.jxpath.ri.compiler.CoreOperationRelationalExpression,0.0,0.0,COMPILE_ERROR,10,15.0,COMPILE_ERROR,benchmark_results.csv
JxPath,8,Gemini 3.8 Flash,org.apache.commons.jxpath.ri.compiler.CoreOperationRelationalExpression,0.0,0.0,COMPILE_ERROR,10,6.0,COMPILE_ERROR,benchmark_results.csv
JxPath,9,DeepSeek V4 Flash,org.apache.commons.jxpath.ri.compiler.CoreOperationCompare;org.apache.commons.jxpath.ri.compiler.CoreOperationEqual;org.apache.commons.jxpath.ri.compiler.CoreOperationNotEqual,0.0,0.0,COMPILE_ERROR,10,15.0,COMPILE_ERROR,benchmark_results.csv
JxPath,9,Gemini 3.8 Flash,org.apache.commons.jxpath.ri.compiler.CoreOperationCompare;org.apache.commons.jxpath.ri.compiler.CoreOperationEqual;org.apache.commons.jxpath.ri.compiler.CoreOperationNotEqual,100.0,100.0,FLAKY_OR_REGRESSION,15,6.0,DONE,benchmark_results.csv
JxPath,10,DeepSeek V4 Flash,org.apache.commons.jxpath.ri.compiler.CoreOperationRelationalExpression,0.0,0.0,COMPILE_ERROR,10,15.0,COMPILE_ERROR,benchmark_results.csv
JxPath,10,Gemini 3.8 Flash,org.apache.commons.jxpath.ri.compiler.CoreOperationRelationalExpression,0.0,0.0,COMPILE_ERROR,10,6.0,COMPILE_ERROR,benchmark_results.csv
JxPath,11,DeepSeek V4 Flash,org.apache.commons.jxpath.ri.model.dom.DOMAttributeIterator;org.apache.commons.jxpath.ri.model.jdom.JDOMAttributeIterator,0.0,0.0,COMPILE_ERROR,10,15.0,COMPILE_ERROR,benchmark_results.csv
JxPath,11,Gemini 3.8 Flash,org.apache.commons.jxpath.ri.model.dom.DOMAttributeIterator;org.apache.commons.jxpath.ri.model.jdom.JDOMAttributeIterator,0.0,0.0,COMPILE_ERROR,10,6.0,COMPILE_ERROR,benchmark_results.csv
JxPath,12,DeepSeek V4 Flash,org.apache.commons.jxpath.ri.model.dom.DOMNodePointer,0.0,0.0,COMPILE_ERROR,10,15.0,COMPILE_ERROR,benchmark_results.csv
JxPath,12,Gemini 3.8 Flash,org.apache.commons.jxpath.ri.model.dom.DOMNodePointer,0.0,0.0,COMPILE_ERROR,10,6.0,COMPILE_ERROR,benchmark_results.csv
JxPath,13,DeepSeek V4 Flash,org.apache.commons.jxpath.ri.NamespaceResolver;org.apache.commons.jxpath.ri.model.dom.DOMNodePointer,0.0,0.0,COMPILE_ERROR,10,15.0,COMPILE_ERROR,benchmark_results.csv
JxPath,13,Gemini 3.8 Flash,org.apache.commons.jxpath.ri.NamespaceResolver;org.apache.commons.jxpath.ri.model.dom.DOMNodePointer,11.84,9.9,FLAKY_OR_REGRESSION,35,6.0,DONE,benchmark_results.csv
JxPath,14,DeepSeek V4 Flash,org.apache.commons.jxpath.ri.compiler.CoreFunction,0.0,0.0,COMPILE_ERROR,10,15.0,COMPILE_ERROR,benchmark_results.csv
JxPath,14,Gemini 3.8 Flash,org.apache.commons.jxpath.ri.compiler.CoreFunction,0.0,0.0,COMPILE_ERROR,10,6.0,COMPILE_ERROR,benchmark_results.csv
JxPath,15,DeepSeek V4 Flash,org.apache.commons.jxpath.ri.axes.UnionContext,0.0,0.0,COMPILE_ERROR,10,15.0,COMPILE_ERROR,benchmark_results.csv
JxPath,15,Gemini 3.8 Flash,org.apache.commons.jxpath.ri.axes.UnionContext,0.0,0.0,COMPILE_ERROR,10,6.0,COMPILE_ERROR,benchmark_results.csv
JxPath,16,DeepSeek V4 Flash,org.apache.commons.jxpath.ri.model.dom.DOMNodePointer;org.apache.commons.jxpath.ri.model.jdom.JDOMNodePointer,0.0,0.0,COMPILE_ERROR,10,15.0,COMPILE_ERROR,benchmark_results.csv
JxPath,16,Gemini 3.8 Flash,org.apache.commons.jxpath.ri.model.dom.DOMNodePointer;org.apache.commons.jxpath.ri.model.jdom.JDOMNodePointer,0.0,0.0,COMPILE_ERROR,10,6.0,COMPILE_ERROR,benchmark_results.csv
JxPath,17,DeepSeek V4 Flash,org.apache.commons.jxpath.ri.model.dom.DOMAttributeIterator;org.apache.commons.jxpath.ri.model.jdom.JDOMAttributeIterator,0.0,0.0,COMPILE_ERROR,10,15.0,COMPILE_ERROR,benchmark_results.csv
JxPath,17,Gemini 3.8 Flash,org.apache.commons.jxpath.ri.model.dom.DOMAttributeIterator;org.apache.commons.jxpath.ri.model.jdom.JDOMAttributeIterator,41.59,36.05,FLAKY_OR_REGRESSION,31,6.0,DONE,benchmark_results.csv
JxPath,18,DeepSeek V4 Flash,org.apache.commons.jxpath.ri.axes.AttributeContext,0.0,0.0,COMPILE_ERROR,10,15.0,COMPILE_ERROR,benchmark_results.csv
JxPath,18,Gemini 3.8 Flash,org.apache.commons.jxpath.ri.axes.AttributeContext,0.0,0.0,COMPILE_ERROR,10,6.0,COMPILE_ERROR,benchmark_results.csv
JxPath,19,DeepSeek V4 Flash,org.apache.commons.jxpath.ri.model.dom.DOMNodePointer;org.apache.commons.jxpath.ri.model.jdom.JDOMNodePointer,0.0,0.0,COMPILE_ERROR,10,15.0,COMPILE_ERROR,benchmark_results.csv
JxPath,19,Gemini 3.8 Flash,org.apache.commons.jxpath.ri.model.dom.DOMNodePointer;org.apache.commons.jxpath.ri.model.jdom.JDOMNodePointer,0.0,0.0,COMPILE_ERROR,10,6.0,COMPILE_ERROR,benchmark_results.csv
JxPath,20,DeepSeek V4 Flash,org.apache.commons.jxpath.ri.compiler.CoreOperationRelationalExpression,0.0,0.0,COMPILE_ERROR,10,15.0,COMPILE_ERROR,benchmark_results.csv
JxPath,21,DeepSeek V4 Flash,org.apache.commons.jxpath.ri.model.beans.PropertyPointer,0.0,0.0,COMPILE_ERROR,10,15.0,COMPILE_ERROR,benchmark_results.csv
JxPath,21,Gemini 3.8 Flash,org.apache.commons.jxpath.ri.model.beans.PropertyPointer,92.86,84.62,FLAKY_OR_REGRESSION,14,6.0,DONE,benchmark_results.csv
JxPath,22,DeepSeek V4 Flash,org.apache.commons.jxpath.ri.model.dom.DOMNodePointer,0.0,0.0,FLAKY_OR_REGRESSION,30,15.0,DONE,benchmark_results.csv
JxPath,22,Gemini 3.8 Flash,org.apache.commons.jxpath.ri.model.dom.DOMNodePointer,0.0,0.0,COMPILE_ERROR,10,6.0,COMPILE_ERROR,benchmark_results.csv
Time,1,DeepSeek V4 Flash,org.joda.time.field.UnsupportedDurationField;org.joda.time.Partial,0.0,0.0,COMPILE_ERROR,10,15.0,COMPILE_ERROR,benchmark_results.csv
Time,1,Gemini 3.8 Flash,org.joda.time.field.UnsupportedDurationField;org.joda.time.Partial,0.0,0.0,COMPILE_ERROR,10,6.0,COMPILE_ERROR,benchmark_results.csv
Time,2,DeepSeek V4 Flash,org.joda.time.field.UnsupportedDurationField;org.joda.time.Partial,0.0,0.0,COMPILE_ERROR,10,15.0,COMPILE_ERROR,benchmark_results.csv
Time,2,Gemini 3.8 Flash,org.joda.time.field.UnsupportedDurationField;org.joda.time.Partial,0.0,0.0,COMPILE_ERROR,10,6.0,COMPILE_ERROR,benchmark_results.csv
Time,3,DeepSeek V4 Flash,org.joda.time.MutableDateTime,0.0,0.0,COMPILE_ERROR,10,15.0,COMPILE_ERROR,benchmark_results.csv
Time,3,Gemini 3.8 Flash,org.joda.time.MutableDateTime,0.0,0.0,COMPILE_ERROR,10,6.0,COMPILE_ERROR,benchmark_results.csv
Time,4,DeepSeek V4 Flash,org.joda.time.Partial,0.0,0.0,COMPILE_ERROR,10,15.0,COMPILE_ERROR,benchmark_results.csv
Time,4,Gemini 3.8 Flash,org.joda.time.Partial,0.0,0.0,COMPILE_ERROR,10,6.0,COMPILE_ERROR,benchmark_results.csv
Time,5,DeepSeek V4 Flash,org.joda.time.Period,0.0,0.0,COMPILE_ERROR,10,15.0,COMPILE_ERROR,benchmark_results.csv
Time,5,Gemini 3.8 Flash,org.joda.time.Period,99.29,95.16,FLAKY_OR_REGRESSION,13,6.0,DONE,benchmark_results.csv
Time,6,DeepSeek V4 Flash,org.joda.time.chrono.GJChronology,0.0,0.0,COMPILE_ERROR,10,15.0,COMPILE_ERROR,benchmark_results.csv
Time,7,DeepSeek V4 Flash,org.joda.time.format.DateTimeFormatter,0.0,0.0,COMPILE_ERROR,10,15.0,COMPILE_ERROR,benchmark_results.csv
Time,8,DeepSeek V4 Flash,org.joda.time.DateTimeZone,0.0,0.0,COMPILE_ERROR,10,15.0,COMPILE_ERROR,benchmark_results.csv
Time,9,DeepSeek V4 Flash,org.joda.time.DateTimeZone,0.0,0.0,COMPILE_ERROR,10,15.0,COMPILE_ERROR,benchmark_results.csv
Time,10,DeepSeek V4 Flash,org.joda.time.base.BaseSingleFieldPeriod,0.0,0.0,COMPILE_ERROR,10,15.0,COMPILE_ERROR,benchmark_results.csv
Time,11,DeepSeek V4 Flash,org.joda.time.tz.ZoneInfoCompiler,0.0,0.0,COMPILE_ERROR,10,15.0,COMPILE_ERROR,benchmark_results.csv
Time,12,DeepSeek V4 Flash,org.joda.time.LocalDate;org.joda.time.LocalDateTime,0.0,0.0,COMPILE_ERROR,10,15.0,COMPILE_ERROR,benchmark_results.csv
Time,13,DeepSeek V4 Flash,org.joda.time.format.PeriodFormatterBuilder,0.0,0.0,COMPILE_ERROR,10,15.0,COMPILE_ERROR,benchmark_results.csv
Time,14,DeepSeek V4 Flash,org.joda.time.chrono.BasicMonthOfYearDateTimeField,0.0,0.0,COMPILE_ERROR,10,15.0,COMPILE_ERROR,benchmark_results.csv
Time,15,DeepSeek V4 Flash,org.joda.time.field.FieldUtils,0.0,0.0,COMPILE_ERROR,10,15.0,COMPILE_ERROR,benchmark_results.csv
Time,16,DeepSeek V4 Flash,org.joda.time.format.DateTimeFormatter,0.0,0.0,COMPILE_ERROR,10,15.0,COMPILE_ERROR,benchmark_results.csv
Time,17,DeepSeek V4 Flash,org.joda.time.DateTimeZone,0.0,0.0,COMPILE_ERROR,10,15.0,COMPILE_ERROR,benchmark_results.csv
Time,18,DeepSeek V4 Flash,org.joda.time.chrono.GJChronology,0.0,0.0,COMPILE_ERROR,10,15.0,COMPILE_ERROR,benchmark_results.csv
Time,19,DeepSeek V4 Flash,org.joda.time.DateTimeZone,82.51,69.75,FLAKY_OR_REGRESSION,15,15.0,DONE,benchmark_results.csv
Time,20,DeepSeek V4 Flash,org.joda.time.format.DateTimeFormatterBuilder,53.82,42.28,FLAKY_OR_REGRESSION,28,15.0,DONE,benchmark_results.csv
Time,22,DeepSeek V4 Flash,org.joda.time.base.BasePeriod,0.0,0.0,COMPILE_ERROR,10,15.0,COMPILE_ERROR,benchmark_results.csv
Time,23,DeepSeek V4 Flash,org.joda.time.DateTimeZone,0.0,0.0,COMPILE_ERROR,10,15.0,COMPILE_ERROR,benchmark_results.csv
Time,24,DeepSeek V4 Flash,org.joda.time.format.DateTimeParserBucket,0.0,0.0,COMPILE_ERROR,10,15.0,COMPILE_ERROR,benchmark_results.csv
Time,25,DeepSeek V4 Flash,org.joda.time.DateTimeZone,0.0,0.0,COMPILE_ERROR,10,15.0,COMPILE_ERROR,benchmark_results.csv
Time,26,DeepSeek V4 Flash,org.joda.time.chrono.ZonedChronology;org.joda.time.DateTimeZone;org.joda.time.field.LenientDateTimeField,0.0,0.0,COMPILE_ERROR,10,15.0,COMPILE_ERROR,benchmark_results.csv
Time,27,DeepSeek V4 Flash,org.joda.time.format.PeriodFormatterBuilder,0.0,0.0,COMPILE_ERROR,10,15.0,COMPILE_ERROR,benchmark_results.csv
Collections,1,DeepSeek V4 Flash,org.apache.commons.collections.map.Flat3Map,87.98,75.8,FLAKY_OR_REGRESSION,15,15.0,DONE,benchmark_results.csv
Collections,2,DeepSeek V4 Flash,org.apache.commons.collections.ExtendedProperties,0.0,0.0,COMPILE_ERROR,10,15.0,COMPILE_ERROR,benchmark_results.csv
Collections,3,DeepSeek V4 Flash,org.apache.commons.collections.CollectionUtils,80.24,74.18,FLAKY_OR_REGRESSION,45,15.0,DONE,benchmark_results.csv
Collections,4,DeepSeek V4 Flash,org.apache.commons.collections.map.MultiValueMap,0.0,0.0,COMPILE_ERROR,10,15.0,COMPILE_ERROR,benchmark_results.csv
Collections,5,DeepSeek V4 Flash,org.apache.commons.collections.list.SetUniqueList,95.12,100.0,FLAKY_OR_REGRESSION,13,15.0,DONE,benchmark_results.csv
Collections,6,DeepSeek V4 Flash,org.apache.commons.collections.map.Flat3Map,0.0,0.0,COMPILE_ERROR,10,15.0,COMPILE_ERROR,benchmark_results.csv
Collections,7,DeepSeek V4 Flash,org.apache.commons.collections.ExtendedProperties,0.0,0.0,COMPILE_ERROR,10,15.0,COMPILE_ERROR,benchmark_results.csv
Collections,8,DeepSeek V4 Flash,org.apache.commons.collections.buffer.UnboundedFifoBuffer,0.0,0.0,COMPILE_ERROR,10,15.0,COMPILE_ERROR,benchmark_results.csv
Collections,9,DeepSeek V4 Flash,org.apache.commons.collections.ExtendedProperties,0.0,0.0,COMPILE_ERROR,10,15.0,COMPILE_ERROR,benchmark_results.csv
Collections,10,DeepSeek V4 Flash,org.apache.commons.collections.map.MultiValueMap,92.44,87.5,FLAKY_OR_REGRESSION,16,15.0,DONE,benchmark_results.csv
Collections,11,DeepSeek V4 Flash,org.apache.commons.collections.keyvalue.MultiKey,100.0,100.0,BUG_DETECTED,14,15.0,DONE,benchmark_results.csv
Collections,12,DeepSeek V4 Flash,org.apache.commons.collections.ExtendedProperties,0.0,0.0,COMPILE_ERROR,10,15.0,COMPILE_ERROR,benchmark_results.csv
Collections,13,DeepSeek V4 Flash,org.apache.commons.collections.ExtendedProperties,0.0,0.0,COMPILE_ERROR,10,15.0,COMPILE_ERROR,benchmark_results.csv
Collections,14,DeepSeek V4 Flash,org.apache.commons.collections.map.CaseInsensitiveMap,100.0,100.0,FLAKY_OR_REGRESSION,14,15.0,DONE,benchmark_results.csv
Collections,15,DeepSeek V4 Flash,org.apache.commons.collections.list.SetUniqueList,100.0,100.0,FLAKY_OR_REGRESSION,14,15.0,DONE,benchmark_results.csv
Collections,16,DeepSeek V4 Flash,org.apache.commons.collections.list.SetUniqueList,100.0,100.0,FLAKY_OR_REGRESSION,13,15.0,DONE,benchmark_results.csv
Collections,17,DeepSeek V4 Flash,org.apache.commons.collections.functors.EqualPredicate,0.0,0.0,COMPILE_ERROR,10,15.0,COMPILE_ERROR,benchmark_results.csv
Collections,18,DeepSeek V4 Flash,org.apache.commons.collections.set.ListOrderedSet,0.0,0.0,COMPILE_ERROR,10,15.0,COMPILE_ERROR,benchmark_results.csv
Collections,19,DeepSeek V4 Flash,org.apache.commons.collections.list.SetUniqueList,0.0,0.0,COMPILE_ERROR,10,15.0,COMPILE_ERROR,benchmark_results.csv
Collections,20,DeepSeek V4 Flash,org.apache.commons.collections.list.TreeList,86.35,77.27,FLAKY_OR_REGRESSION,12,15.0,DONE,benchmark_results.csv
Collections,21,DeepSeek V4 Flash,org.apache.commons.collections4.list.SetUniqueList,91.74,97.37,FLAKY_OR_REGRESSION,14,15.0,DONE,benchmark_results.csv
Collections,22,DeepSeek V4 Flash,org.apache.commons.collections4.map.ListOrderedMap,0.0,0.0,COMPILE_ERROR,10,15.0,COMPILE_ERROR,benchmark_results.csv
Collections,23,DeepSeek V4 Flash,org.apache.commons.collections4.trie.UnmodifiableTrie,0.0,0.0,COMPILE_ERROR,10,15.0,COMPILE_ERROR,benchmark_results.csv
Collections,24,DeepSeek V4 Flash,org.apache.commons.collections4.collection.UnmodifiableBoundedCollection,100.0,100.0,NOT_DETECTED,10,15.0,DONE,benchmark_results.csv
Collections,25,DeepSeek V4 Flash,org.apache.commons.collections4.IteratorUtils,0.0,0.0,COMPILE_ERROR,10,15.0,COMPILE_ERROR,benchmark_results.csv
Collections,25,Gemini 3.8 Flash,org.apache.commons.collections4.IteratorUtils,93.43,93.65,FLAKY_OR_REGRESSION,15,6.0,DONE,benchmark_results.csv
Collections,26,DeepSeek V4 Flash,org.apache.commons.collections4.keyvalue.MultiKey,100.0,100.0,FLAKY_OR_REGRESSION,13,15.0,DONE,benchmark_results.csv
Collections,27,DeepSeek V4 Flash,org.apache.commons.collections4.map.MultiValueMap,0.0,0.0,COMPILE_ERROR,10,15.0,COMPILE_ERROR,benchmark_results.csv
Collections,28,DeepSeek V4 Flash,org.apache.commons.collections4.trie.AbstractPatriciaTrie,0.0,0.0,COMPILE_ERROR,10,15.0,COMPILE_ERROR,benchmark_results.csv
Chart,2,DeepSeek V4 Flash,org.jfree.data.general.DatasetUtilities,0.0,0.0,COMPILE_ERROR,10,15.0,COMPILE_ERROR,benchmark_results.csv
Chart,3,DeepSeek V4 Flash,org.jfree.data.time.TimeSeries,0.0,0.0,COMPILE_ERROR,10,15.0,COMPILE_ERROR,benchmark_results.csv
Chart,4,DeepSeek V4 Flash,org.jfree.chart.plot.XYPlot,0.0,0.0,COMPILE_ERROR,10,15.0,COMPILE_ERROR,benchmark_results.csv
Chart,5,DeepSeek V4 Flash,org.jfree.data.xy.XYSeries,0.0,0.0,COMPILE_ERROR,10,15.0,COMPILE_ERROR,benchmark_results.csv
Chart,6,DeepSeek V4 Flash,org.jfree.chart.util.ShapeList,0.0,0.0,COMPILE_ERROR,10,15.0,COMPILE_ERROR,benchmark_results.csv
Chart,7,DeepSeek V4 Flash,org.jfree.data.time.TimePeriodValues,0.0,0.0,COMPILE_ERROR,10,15.0,COMPILE_ERROR,benchmark_results.csv
Chart,8,DeepSeek V4 Flash,org.jfree.data.time.Week,95.06,88.24,FLAKY_OR_REGRESSION,16,15.0,DONE,benchmark_results.csv
Chart,9,DeepSeek V4 Flash,org.jfree.data.time.TimeSeries,0.0,0.0,COMPILE_ERROR,10,15.0,COMPILE_ERROR,benchmark_results.csv
Chart,9,DeepSeek V4 Flash,org.jfree.data.time.TimeSeries,89.27,83.59,FLAKY_OR_REGRESSION,13,15.0,DONE,benchmark_results.csv
Codec,1,DeepSeek V4 Flash,org.apache.commons.codec.language.Caverphone;org.apache.commons.codec.language.Metaphone;org.apache.commons.codec.language.SoundexUtils,92.19,83.15,FLAKY_OR_REGRESSION,48,15.0,DONE,benchmark_results.csv
Codec,1,Gemini 3.8 Flash,org.apache.commons.codec.language.Caverphone;org.apache.commons.codec.language.Metaphone;org.apache.commons.codec.language.SoundexUtils,94.14,83.15,FLAKY_OR_REGRESSION,31,6.0,DONE,benchmark_results.csv
Codec,2,DeepSeek V4 Flash,org.apache.commons.codec.binary.Base64,0.0,0.0,COMPILE_ERROR,10,15.0,COMPILE_ERROR,benchmark_results.csv
Codec,2,Gemini 3.8 Flash,org.apache.commons.codec.binary.Base64,0.0,0.0,COMPILE_ERROR,10,6.0,COMPILE_ERROR,benchmark_results.csv
Codec,3,DeepSeek V4 Flash,org.apache.commons.codec.language.DoubleMetaphone,0.0,0.0,COMPILE_ERROR,10,15.0,COMPILE_ERROR,benchmark_results.csv
Codec,3,Gemini 3.8 Flash,org.apache.commons.codec.language.DoubleMetaphone,75.94,60.0,FLAKY_OR_REGRESSION,30,6.0,DONE,benchmark_results.csv
Codec,4,DeepSeek V4 Flash,org.apache.commons.codec.binary.Base64,0.0,0.0,COMPILE_ERROR,10,15.0,COMPILE_ERROR,benchmark_results.csv
Codec,4,Gemini 3.8 Flash,org.apache.commons.codec.binary.Base64,98.7,94.3,BUG_DETECTED,14,6.0,DONE,benchmark_results.csv
Codec,5,DeepSeek V4 Flash,org.apache.commons.codec.binary.Base64,91.77,82.91,FLAKY_OR_REGRESSION,23,15.0,DONE,benchmark_results.csv
Codec,5,Gemini 3.8 Flash,org.apache.commons.codec.binary.Base64,0.0,0.0,COMPILE_ERROR,10,6.0,COMPILE_ERROR,benchmark_results.csv
Codec,6,DeepSeek V4 Flash,org.apache.commons.codec.binary.Base64InputStream,100.0,96.43,FLAKY_OR_REGRESSION,15,15.0,DONE,benchmark_results.csv
Codec,6,Gemini 3.8 Flash,org.apache.commons.codec.binary.Base64InputStream,0.0,0.0,COMPILE_ERROR,10,6.0,COMPILE_ERROR,benchmark_results.csv
Codec,7,DeepSeek V4 Flash,org.apache.commons.codec.binary.Base64,0.0,0.0,COMPILE_ERROR,10,15.0,COMPILE_ERROR,benchmark_results.csv
Codec,7,Gemini 3.8 Flash,org.apache.commons.codec.binary.Base64,99.57,91.98,BUG_DETECTED,13,6.0,DONE,benchmark_results.csv
Codec,8,DeepSeek V4 Flash,org.apache.commons.codec.binary.Base64;org.apache.commons.codec.binary.Base64InputStream,0.0,0.0,COMPILE_ERROR,10,15.0,COMPILE_ERROR,benchmark_results.csv
Codec,8,Gemini 3.8 Flash,org.apache.commons.codec.binary.Base64;org.apache.commons.codec.binary.Base64InputStream,99.23,93.55,BUG_DETECTED,14,6.0,DONE,benchmark_results.csv
Codec,9,DeepSeek V4 Flash,org.apache.commons.codec.binary.Base64,0.0,0.0,COMPILE_ERROR,10,15.0,COMPILE_ERROR,benchmark_results.csv
Codec,9,Gemini 3.8 Flash,org.apache.commons.codec.binary.Base64,99.09,90.79,FLAKY_OR_REGRESSION,13,6.0,DONE,benchmark_results.csv
Codec,10,DeepSeek V4 Flash,org.apache.commons.codec.language.Caverphone,0.0,0.0,COMPILE_ERROR,10,15.0,COMPILE_ERROR,benchmark_results.csv
Codec,10,Gemini 3.8 Flash,org.apache.commons.codec.language.Caverphone,100.0,100.0,FLAKY_OR_REGRESSION,18,6.0,DONE,benchmark_results.csv
Codec,11,DeepSeek V4 Flash,org.apache.commons.codec.net.QuotedPrintableCodec,90.12,83.33,FLAKY_OR_REGRESSION,15,15.0,DONE,benchmark_results.csv
Codec,11,Gemini 3.8 Flash,org.apache.commons.codec.net.QuotedPrintableCodec,100.0,100.0,FLAKY_OR_REGRESSION,12,6.0,DONE,benchmark_results.csv
Codec,12,DeepSeek V4 Flash,org.apache.commons.codec.binary.BaseNCodecInputStream,96.77,92.31,FLAKY_OR_REGRESSION,20,15.0,DONE,benchmark_results.csv
Codec,12,Gemini 3.8 Flash,org.apache.commons.codec.binary.BaseNCodecInputStream,0.0,0.0,COMPILE_ERROR,10,6.0,COMPILE_ERROR,benchmark_results.csv
Codec,13,DeepSeek V4 Flash,org.apache.commons.codec.binary.CharSequenceUtils;org.apache.commons.codec.binary.StringUtils;org.apache.commons.codec.language.DoubleMetaphone,0.0,0.0,COMPILE_ERROR,10,15.0,COMPILE_ERROR,benchmark_results.csv
Codec,13,Gemini 3.8 Flash,org.apache.commons.codec.binary.CharSequenceUtils;org.apache.commons.codec.binary.StringUtils;org.apache.commons.codec.language.DoubleMetaphone,0.0,0.0,COMPILE_ERROR,10,6.0,COMPILE_ERROR,benchmark_results.csv
Codec,14,DeepSeek V4 Flash,org.apache.commons.codec.language.bm.Lang;org.apache.commons.codec.language.bm.PhoneticEngine;org.apache.commons.codec.language.bm.Rule;src.main.resources.org.apache.commons.codec.language.bm.ash_lang.txt;src.main.resources.org.apache.commons.codec.language.bm.gen_lang.txt;src.main.resources.org.apache.commons.codec.language.bm.sep_lang.txt,0.0,0.0,COMPILE_ERROR,10,15.0,COMPILE_ERROR,benchmark_results.csv
Codec,14,Gemini 3.8 Flash,org.apache.commons.codec.language.bm.Lang;org.apache.commons.codec.language.bm.PhoneticEngine;org.apache.commons.codec.language.bm.Rule;src.main.resources.org.apache.commons.codec.language.bm.ash_lang.txt;src.main.resources.org.apache.commons.codec.language.bm.gen_lang.txt;src.main.resources.org.apache.commons.codec.language.bm.sep_lang.txt,0.0,0.0,COMPILE_ERROR,10,6.0,COMPILE_ERROR,benchmark_results.csv
Codec,15,DeepSeek V4 Flash,org.apache.commons.codec.language.Soundex,0.0,0.0,COMPILE_ERROR,10,15.0,COMPILE_ERROR,benchmark_results.csv
Codec,15,Gemini 3.8 Flash,org.apache.commons.codec.language.Soundex,100.0,94.12,FLAKY_OR_REGRESSION,17,6.0,DONE,benchmark_results.csv
Codec,16,DeepSeek V4 Flash,org.apache.commons.codec.binary.Base32,0.0,0.0,COMPILE_ERROR,10,15.0,COMPILE_ERROR,benchmark_results.csv
Codec,16,Gemini 3.8 Flash,org.apache.commons.codec.binary.Base32,98.19,92.0,BUG_DETECTED,12,6.0,DONE,benchmark_results.csv
Codec,17,DeepSeek V4 Flash,org.apache.commons.codec.binary.StringUtils,97.44,100.0,FLAKY_OR_REGRESSION,12,15.0,DONE,benchmark_results.csv
Codec,17,Gemini 3.8 Flash,org.apache.commons.codec.binary.StringUtils,100.0,100.0,FLAKY_OR_REGRESSION,14,6.0,DONE,benchmark_results.csv
Codec,18,DeepSeek V4 Flash,org.apache.commons.codec.binary.StringUtils,0.0,0.0,COMPILE_ERROR,10,15.0,COMPILE_ERROR,benchmark_results.csv
Codec,18,Gemini 3.8 Flash,org.apache.commons.codec.binary.StringUtils,100.0,100.0,FLAKY_OR_REGRESSION,15,6.0,DONE,benchmark_results.csv
JxPath,1,DeepSeek V4 Flash,org.apache.commons.jxpath.ri.model.dom.DOMNodePointer;org.apache.commons.jxpath.ri.model.jdom.JDOMNodePointer,0.0,0.0,COMPILE_ERROR,10,15.0,COMPILE_ERROR,benchmark_results.csv
JxPath,1,Gemini 3.8 Flash,org.apache.commons.jxpath.ri.model.dom.DOMNodePointer;org.apache.commons.jxpath.ri.model.jdom.JDOMNodePointer,0.0,0.0,COMPILE_ERROR,10,6.0,COMPILE_ERROR,benchmark_results.csv
JxPath,2,DeepSeek V4 Flash,org.apache.commons.jxpath.ri.compiler.Expression,0.0,0.0,COMPILE_ERROR,10,15.0,COMPILE_ERROR,benchmark_results.csv
JxPath,2,Gemini 3.8 Flash,org.apache.commons.jxpath.ri.compiler.Expression,100.0,100.0,BUG_DETECTED,11,6.0,DONE,benchmark_results.csv
JxPath,3,DeepSeek V4 Flash,org.apache.commons.jxpath.ri.model.beans.NullPropertyPointer,0.0,0.0,COMPILE_ERROR,10,15.0,COMPILE_ERROR,benchmark_results.csv
JxPath,3,Gemini 3.8 Flash,org.apache.commons.jxpath.ri.model.beans.NullPropertyPointer,0.0,0.0,COMPILE_ERROR,10,6.0,COMPILE_ERROR,benchmark_results.csv
JxPath,4,DeepSeek V4 Flash,org.apache.commons.jxpath.ri.model.dom.DOMNodePointer;org.apache.commons.jxpath.ri.model.jdom.JDOMNodePointer,0.0,0.0,COMPILE_ERROR,10,15.0,COMPILE_ERROR,benchmark_results.csv
JxPath,4,Gemini 3.8 Flash,org.apache.commons.jxpath.ri.model.dom.DOMNodePointer;org.apache.commons.jxpath.ri.model.jdom.JDOMNodePointer,0.0,0.0,COMPILE_ERROR,10,6.0,COMPILE_ERROR,benchmark_results.csv
JxPath,5,DeepSeek V4 Flash,org.apache.commons.jxpath.ri.model.NodePointer,0.0,0.0,COMPILE_ERROR,10,15.0,COMPILE_ERROR,benchmark_results.csv
JxPath,5,Gemini 3.8 Flash,org.apache.commons.jxpath.ri.model.NodePointer,94.41,90.0,FLAKY_OR_REGRESSION,12,6.0,DONE,benchmark_results.csv
JxPath,6,DeepSeek V4 Flash,org.apache.commons.jxpath.ri.compiler.CoreOperationCompare,0.0,0.0,COMPILE_ERROR,10,15.0,COMPILE_ERROR,benchmark_results.csv
JxPath,6,Gemini 3.8 Flash,org.apache.commons.jxpath.ri.compiler.CoreOperationCompare,0.0,0.0,COMPILE_ERROR,10,6.0,COMPILE_ERROR,benchmark_results.csv
JxPath,7,DeepSeek V4 Flash,org.apache.commons.jxpath.ri.compiler.CoreOperationGreaterThan;org.apache.commons.jxpath.ri.compiler.CoreOperationGreaterThanOrEqual;org.apache.commons.jxpath.ri.compiler.CoreOperationLessThan;org.apache.commons.jxpath.ri.compiler.CoreOperationLessThanOrEqual;org.apache.commons.jxpath.ri.compiler.CoreOperationRelationalExpression,0.0,0.0,COMPILE_ERROR,10,15.0,COMPILE_ERROR,benchmark_results.csv
JxPath,7,Gemini 3.8 Flash,org.apache.commons.jxpath.ri.compiler.CoreOperationGreaterThan;org.apache.commons.jxpath.ri.compiler.CoreOperationGreaterThanOrEqual;org.apache.commons.jxpath.ri.compiler.CoreOperationLessThan;org.apache.commons.jxpath.ri.compiler.CoreOperationLessThanOrEqual;org.apache.commons.jxpath.ri.compiler.CoreOperationRelationalExpression,0.0,0.0,COMPILE_ERROR,10,6.0,COMPILE_ERROR,benchmark_results.csv
JxPath,8,DeepSeek V4 Flash,org.apache.commons.jxpath.ri.compiler.CoreOperationRelationalExpression,0.0,0.0,COMPILE_ERROR,10,15.0,COMPILE_ERROR,benchmark_results.csv
JxPath,8,Gemini 3.8 Flash,org.apache.commons.jxpath.ri.compiler.CoreOperationRelationalExpression,0.0,0.0,COMPILE_ERROR,10,6.0,COMPILE_ERROR,benchmark_results.csv
JxPath,9,DeepSeek V4 Flash,org.apache.commons.jxpath.ri.compiler.CoreOperationCompare;org.apache.commons.jxpath.ri.compiler.CoreOperationEqual;org.apache.commons.jxpath.ri.compiler.CoreOperationNotEqual,0.0,0.0,COMPILE_ERROR,10,15.0,COMPILE_ERROR,benchmark_results.csv
JxPath,9,Gemini 3.8 Flash,org.apache.commons.jxpath.ri.compiler.CoreOperationCompare;org.apache.commons.jxpath.ri.compiler.CoreOperationEqual;org.apache.commons.jxpath.ri.compiler.CoreOperationNotEqual,100.0,100.0,FLAKY_OR_REGRESSION,15,6.0,DONE,benchmark_results.csv
JxPath,10,DeepSeek V4 Flash,org.apache.commons.jxpath.ri.compiler.CoreOperationRelationalExpression,0.0,0.0,COMPILE_ERROR,10,15.0,COMPILE_ERROR,benchmark_results.csv
JxPath,10,Gemini 3.8 Flash,org.apache.commons.jxpath.ri.compiler.CoreOperationRelationalExpression,0.0,0.0,COMPILE_ERROR,10,6.0,COMPILE_ERROR,benchmark_results.csv
JxPath,11,DeepSeek V4 Flash,org.apache.commons.jxpath.ri.model.dom.DOMAttributeIterator;org.apache.commons.jxpath.ri.model.jdom.JDOMAttributeIterator,0.0,0.0,COMPILE_ERROR,10,15.0,COMPILE_ERROR,benchmark_results.csv
JxPath,11,Gemini 3.8 Flash,org.apache.commons.jxpath.ri.model.dom.DOMAttributeIterator;org.apache.commons.jxpath.ri.model.jdom.JDOMAttributeIterator,0.0,0.0,COMPILE_ERROR,10,6.0,COMPILE_ERROR,benchmark_results.csv
JxPath,12,DeepSeek V4 Flash,org.apache.commons.jxpath.ri.model.dom.DOMNodePointer,0.0,0.0,COMPILE_ERROR,10,15.0,COMPILE_ERROR,benchmark_results.csv
JxPath,12,Gemini 3.8 Flash,org.apache.commons.jxpath.ri.model.dom.DOMNodePointer,0.0,0.0,COMPILE_ERROR,10,6.0,COMPILE_ERROR,benchmark_results.csv
JxPath,13,DeepSeek V4 Flash,org.apache.commons.jxpath.ri.NamespaceResolver;org.apache.commons.jxpath.ri.model.dom.DOMNodePointer,0.0,0.0,COMPILE_ERROR,10,15.0,COMPILE_ERROR,benchmark_results.csv
JxPath,13,Gemini 3.8 Flash,org.apache.commons.jxpath.ri.NamespaceResolver;org.apache.commons.jxpath.ri.model.dom.DOMNodePointer,11.84,9.9,FLAKY_OR_REGRESSION,35,6.0,DONE,benchmark_results.csv
JxPath,14,DeepSeek V4 Flash,org.apache.commons.jxpath.ri.compiler.CoreFunction,0.0,0.0,COMPILE_ERROR,10,15.0,COMPILE_ERROR,benchmark_results.csv
JxPath,14,Gemini 3.8 Flash,org.apache.commons.jxpath.ri.compiler.CoreFunction,0.0,0.0,COMPILE_ERROR,10,6.0,COMPILE_ERROR,benchmark_results.csv
JxPath,15,DeepSeek V4 Flash,org.apache.commons.jxpath.ri.axes.UnionContext,0.0,0.0,COMPILE_ERROR,10,15.0,COMPILE_ERROR,benchmark_results.csv
JxPath,15,Gemini 3.8 Flash,org.apache.commons.jxpath.ri.axes.UnionContext,0.0,0.0,COMPILE_ERROR,10,6.0,COMPILE_ERROR,benchmark_results.csv
JxPath,16,DeepSeek V4 Flash,org.apache.commons.jxpath.ri.model.dom.DOMNodePointer;org.apache.commons.jxpath.ri.model.jdom.JDOMNodePointer,0.0,0.0,COMPILE_ERROR,10,15.0,COMPILE_ERROR,benchmark_results.csv
JxPath,16,Gemini 3.8 Flash,org.apache.commons.jxpath.ri.model.dom.DOMNodePointer;org.apache.commons.jxpath.ri.model.jdom.JDOMNodePointer,0.0,0.0,COMPILE_ERROR,10,6.0,COMPILE_ERROR,benchmark_results.csv
JxPath,17,DeepSeek V4 Flash,org.apache.commons.jxpath.ri.model.dom.DOMAttributeIterator;org.apache.commons.jxpath.ri.model.jdom.JDOMAttributeIterator,0.0,0.0,COMPILE_ERROR,10,15.0,COMPILE_ERROR,benchmark_results.csv
JxPath,17,Gemini 3.8 Flash,org.apache.commons.jxpath.ri.model.dom.DOMAttributeIterator;org.apache.commons.jxpath.ri.model.jdom.JDOMAttributeIterator,41.59,36.05,FLAKY_OR_REGRESSION,31,6.0,DONE,benchmark_results.csv
JxPath,18,DeepSeek V4 Flash,org.apache.commons.jxpath.ri.axes.AttributeContext,0.0,0.0,COMPILE_ERROR,10,15.0,COMPILE_ERROR,benchmark_results.csv
JxPath,18,Gemini 3.8 Flash,org.apache.commons.jxpath.ri.axes.AttributeContext,0.0,0.0,COMPILE_ERROR,10,6.0,COMPILE_ERROR,benchmark_results.csv
JxPath,19,DeepSeek V4 Flash,org.apache.commons.jxpath.ri.model.dom.DOMNodePointer;org.apache.commons.jxpath.ri.model.jdom.JDOMNodePointer,0.0,0.0,COMPILE_ERROR,10,15.0,COMPILE_ERROR,benchmark_results.csv
JxPath,19,Gemini 3.8 Flash,org.apache.commons.jxpath.ri.model.dom.DOMNodePointer;org.apache.commons.jxpath.ri.model.jdom.JDOMNodePointer,0.0,0.0,COMPILE_ERROR,10,6.0,COMPILE_ERROR,benchmark_results.csv
JxPath,20,DeepSeek V4 Flash,org.apache.commons.jxpath.ri.compiler.CoreOperationRelationalExpression,0.0,0.0,COMPILE_ERROR,10,15.0,COMPILE_ERROR,benchmark_results.csv
JxPath,20,Gemini 3.8 Flash,org.apache.commons.jxpath.ri.compiler.CoreOperationRelationalExpression,0.0,0.0,COMPILE_ERROR,10,6.0,COMPILE_ERROR,benchmark_results.csv
JxPath,21,DeepSeek V4 Flash,org.apache.commons.jxpath.ri.model.beans.PropertyPointer,0.0,0.0,COMPILE_ERROR,10,15.0,COMPILE_ERROR,benchmark_results.csv
JxPath,21,Gemini 3.8 Flash,org.apache.commons.jxpath.ri.model.beans.PropertyPointer,92.86,84.62,FLAKY_OR_REGRESSION,14,6.0,DONE,benchmark_results.csv
JxPath,22,DeepSeek V4 Flash,org.apache.commons.jxpath.ri.model.dom.DOMNodePointer,0.0,0.0,FLAKY_OR_REGRESSION,30,15.0,DONE,benchmark_results.csv
JxPath,22,Gemini 3.8 Flash,org.apache.commons.jxpath.ri.model.dom.DOMNodePointer,0.0,0.0,COMPILE_ERROR,10,6.0,COMPILE_ERROR,benchmark_results.csv
Time,1,DeepSeek V4 Flash,org.joda.time.field.UnsupportedDurationField;org.joda.time.Partial,0.0,0.0,COMPILE_ERROR,10,15.0,COMPILE_ERROR,benchmark_results.csv
Time,1,Gemini 3.8 Flash,org.joda.time.field.UnsupportedDurationField;org.joda.time.Partial,0.0,0.0,COMPILE_ERROR,10,6.0,COMPILE_ERROR,benchmark_results.csv
Time,2,DeepSeek V4 Flash,org.joda.time.field.UnsupportedDurationField;org.joda.time.Partial,0.0,0.0,COMPILE_ERROR,10,15.0,COMPILE_ERROR,benchmark_results.csv
Time,2,Gemini 3.8 Flash,org.joda.time.field.UnsupportedDurationField;org.joda.time.Partial,0.0,0.0,COMPILE_ERROR,10,6.0,COMPILE_ERROR,benchmark_results.csv
Time,3,DeepSeek V4 Flash,org.joda.time.MutableDateTime,0.0,0.0,COMPILE_ERROR,10,15.0,COMPILE_ERROR,benchmark_results.csv
Time,3,Gemini 3.8 Flash,org.joda.time.MutableDateTime,0.0,0.0,COMPILE_ERROR,10,6.0,COMPILE_ERROR,benchmark_results.csv
Time,4,DeepSeek V4 Flash,org.joda.time.Partial,0.0,0.0,COMPILE_ERROR,10,15.0,COMPILE_ERROR,benchmark_results.csv
Time,4,Gemini 3.8 Flash,org.joda.time.Partial,0.0,0.0,COMPILE_ERROR,10,6.0,COMPILE_ERROR,benchmark_results.csv
Time,5,DeepSeek V4 Flash,org.joda.time.Period,0.0,0.0,COMPILE_ERROR,10,15.0,COMPILE_ERROR,benchmark_results.csv
Time,5,Gemini 3.8 Flash,org.joda.time.Period,99.29,95.16,FLAKY_OR_REGRESSION,13,6.0,DONE,benchmark_results.csv
Time,6,DeepSeek V4 Flash,org.joda.time.chrono.GJChronology,0.0,0.0,COMPILE_ERROR,10,15.0,COMPILE_ERROR,benchmark_results.csv
Time,6,Gemini 3.8 Flash,org.joda.time.chrono.GJChronology,0.0,0.0,COMPILE_ERROR,10,6.0,COMPILE_ERROR,benchmark_results.csv
Time,7,DeepSeek V4 Flash,org.joda.time.format.DateTimeFormatter,0.0,0.0,COMPILE_ERROR,10,15.0,COMPILE_ERROR,benchmark_results.csv
Time,7,Gemini 3.8 Flash,org.joda.time.format.DateTimeFormatter,0.0,0.0,COMPILE_ERROR,10,6.0,COMPILE_ERROR,benchmark_results.csv
Time,8,DeepSeek V4 Flash,org.joda.time.DateTimeZone,0.0,0.0,COMPILE_ERROR,10,15.0,COMPILE_ERROR,benchmark_results.csv
Time,8,Gemini 3.8 Flash,org.joda.time.DateTimeZone,85.07,70.79,FLAKY_OR_REGRESSION,14,6.0,DONE,benchmark_results.csv
Time,9,DeepSeek V4 Flash,org.joda.time.DateTimeZone,0.0,0.0,COMPILE_ERROR,10,15.0,COMPILE_ERROR,benchmark_results.csv
Time,9,Gemini 3.8 Flash,org.joda.time.DateTimeZone,0.0,0.0,COMPILE_ERROR,10,6.0,COMPILE_ERROR,benchmark_results.csv
Time,10,DeepSeek V4 Flash,org.joda.time.base.BaseSingleFieldPeriod,0.0,0.0,COMPILE_ERROR,10,15.0,COMPILE_ERROR,benchmark_results.csv
Time,10,Gemini 3.8 Flash,org.joda.time.base.BaseSingleFieldPeriod,98.59,100.0,BUG_DETECTED,12,6.0,DONE,benchmark_results.csv
Time,11,DeepSeek V4 Flash,org.joda.time.tz.ZoneInfoCompiler,0.0,0.0,COMPILE_ERROR,10,15.0,COMPILE_ERROR,benchmark_results.csv
Time,11,Gemini 3.8 Flash,org.joda.time.tz.ZoneInfoCompiler,0.0,0.0,COMPILE_ERROR,10,6.0,COMPILE_ERROR,benchmark_results.csv
Time,12,DeepSeek V4 Flash,org.joda.time.LocalDate;org.joda.time.LocalDateTime,0.0,0.0,COMPILE_ERROR,10,15.0,COMPILE_ERROR,benchmark_results.csv
Time,12,Gemini 3.8 Flash,org.joda.time.LocalDate;org.joda.time.LocalDateTime,0.0,0.0,COMPILE_ERROR,10,6.0,COMPILE_ERROR,benchmark_results.csv
Time,13,DeepSeek V4 Flash,org.joda.time.format.PeriodFormatterBuilder,0.0,0.0,COMPILE_ERROR,10,15.0,COMPILE_ERROR,benchmark_results.csv
Time,13,Gemini 3.8 Flash,org.joda.time.format.PeriodFormatterBuilder,0.0,0.0,COMPILE_ERROR,10,6.0,COMPILE_ERROR,benchmark_results.csv
Time,14,DeepSeek V4 Flash,org.joda.time.chrono.BasicMonthOfYearDateTimeField,0.0,0.0,COMPILE_ERROR,10,15.0,COMPILE_ERROR,benchmark_results.csv
Time,14,Gemini 3.8 Flash,org.joda.time.chrono.BasicMonthOfYearDateTimeField,91.23,86.96,FLAKY_OR_REGRESSION,13,6.0,DONE,benchmark_results.csv
Time,15,DeepSeek V4 Flash,org.joda.time.field.FieldUtils,0.0,0.0,COMPILE_ERROR,10,15.0,COMPILE_ERROR,benchmark_results.csv
Time,15,Gemini 3.8 Flash,org.joda.time.field.FieldUtils,100.0,94.29,BUG_DETECTED,11,6.0,DONE,benchmark_results.csv
Time,16,DeepSeek V4 Flash,org.joda.time.format.DateTimeFormatter,0.0,0.0,COMPILE_ERROR,10,15.0,COMPILE_ERROR,benchmark_results.csv
Time,16,Gemini 3.8 Flash,org.joda.time.format.DateTimeFormatter,0.0,0.0,COMPILE_ERROR,10,6.0,COMPILE_ERROR,benchmark_results.csv
Time,17,DeepSeek V4 Flash,org.joda.time.DateTimeZone,0.0,0.0,COMPILE_ERROR,10,15.0,COMPILE_ERROR,benchmark_results.csv
Time,17,Gemini 3.8 Flash,org.joda.time.DateTimeZone,0.0,0.0,COMPILE_ERROR,10,6.0,COMPILE_ERROR,benchmark_results.csv
Time,18,DeepSeek V4 Flash,org.joda.time.chrono.GJChronology,0.0,0.0,COMPILE_ERROR,10,15.0,COMPILE_ERROR,benchmark_results.csv
Time,18,Gemini 3.8 Flash,org.joda.time.chrono.GJChronology,0.0,0.0,COMPILE_ERROR,10,6.0,COMPILE_ERROR,benchmark_results.csv
Time,19,DeepSeek V4 Flash,org.joda.time.DateTimeZone,82.51,69.75,FLAKY_OR_REGRESSION,15,15.0,DONE,benchmark_results.csv
Time,19,Gemini 3.8 Flash,org.joda.time.DateTimeZone,87.46,77.16,FLAKY_OR_REGRESSION,14,6.0,DONE,benchmark_results.csv
Time,20,DeepSeek V4 Flash,org.joda.time.format.DateTimeFormatterBuilder,53.82,42.28,FLAKY_OR_REGRESSION,28,15.0,DONE,benchmark_results.csv
Time,20,Gemini 3.8 Flash,org.joda.time.format.DateTimeFormatterBuilder,61.37,48.22,FLAKY_OR_REGRESSION,16,6.0,DONE,benchmark_results.csv
Time,22,DeepSeek V4 Flash,org.joda.time.base.BasePeriod,0.0,0.0,COMPILE_ERROR,10,15.0,COMPILE_ERROR,benchmark_results.csv
Time,22,Gemini 3.8 Flash,org.joda.time.base.BasePeriod,0.0,0.0,COMPILE_ERROR,10,6.0,COMPILE_ERROR,benchmark_results.csv
Time,23,DeepSeek V4 Flash,org.joda.time.DateTimeZone,0.0,0.0,COMPILE_ERROR,10,15.0,COMPILE_ERROR,benchmark_results.csv
Time,23,Gemini 3.8 Flash,org.joda.time.DateTimeZone,88.6,78.4,FLAKY_OR_REGRESSION,14,6.0,DONE,benchmark_results.csv
Time,24,DeepSeek V4 Flash,org.joda.time.format.DateTimeParserBucket,0.0,0.0,COMPILE_ERROR,10,15.0,COMPILE_ERROR,benchmark_results.csv
Time,24,Gemini 3.8 Flash,org.joda.time.format.DateTimeParserBucket,0.0,0.0,COMPILE_ERROR,10,6.0,COMPILE_ERROR,benchmark_results.csv
Time,25,DeepSeek V4 Flash,org.joda.time.DateTimeZone,0.0,0.0,COMPILE_ERROR,10,15.0,COMPILE_ERROR,benchmark_results.csv
Time,25,Gemini 3.8 Flash,org.joda.time.DateTimeZone,0.0,0.0,COMPILE_ERROR,10,6.0,COMPILE_ERROR,benchmark_results.csv
Time,26,DeepSeek V4 Flash,org.joda.time.chrono.ZonedChronology;org.joda.time.DateTimeZone;org.joda.time.field.LenientDateTimeField,0.0,0.0,COMPILE_ERROR,10,15.0,COMPILE_ERROR,benchmark_results.csv
Time,26,Gemini 3.8 Flash,org.joda.time.chrono.ZonedChronology;org.joda.time.DateTimeZone;org.joda.time.field.LenientDateTimeField,92.59,80.83,FLAKY_OR_REGRESSION,36,6.0,DONE,benchmark_results.csv
Time,27,DeepSeek V4 Flash,org.joda.time.format.PeriodFormatterBuilder,0.0,0.0,COMPILE_ERROR,10,15.0,COMPILE_ERROR,benchmark_results.csv
Time,27,Gemini 3.8 Flash,org.joda.time.format.PeriodFormatterBuilder,92.54,80.94,FLAKY_OR_REGRESSION,13,6.0,DONE,benchmark_results.csv
Collections,1,DeepSeek V4 Flash,org.apache.commons.collections.map.Flat3Map,87.98,75.8,FLAKY_OR_REGRESSION,15,15.0,DONE,benchmark_results.csv
Collections,1,Gemini 3.8 Flash,org.apache.commons.collections.map.Flat3Map,82.48,73.94,FLAKY_OR_REGRESSION,16,6.0,DONE,benchmark_results.csv
Collections,2,DeepSeek V4 Flash,org.apache.commons.collections.ExtendedProperties,0.0,0.0,COMPILE_ERROR,10,15.0,COMPILE_ERROR,benchmark_results.csv
Collections,2,Gemini 3.8 Flash,org.apache.commons.collections.ExtendedProperties,90.54,78.73,FLAKY_OR_REGRESSION,13,6.0,DONE,benchmark_results.csv
Collections,3,DeepSeek V4 Flash,org.apache.commons.collections.CollectionUtils,80.24,74.18,FLAKY_OR_REGRESSION,45,15.0,DONE,benchmark_results.csv
Collections,3,Gemini 3.8 Flash,org.apache.commons.collections.CollectionUtils,98.78,98.77,BUG_DETECTED,11,6.0,DONE,benchmark_results.csv
Collections,4,DeepSeek V4 Flash,org.apache.commons.collections.map.MultiValueMap,0.0,0.0,COMPILE_ERROR,10,15.0,COMPILE_ERROR,benchmark_results.csv
Collections,4,Gemini 3.8 Flash,org.apache.commons.collections.map.MultiValueMap,99.1,93.75,BUG_DETECTED,13,6.0,DONE,benchmark_results.csv
Collections,5,DeepSeek V4 Flash,org.apache.commons.collections.list.SetUniqueList,95.12,100.0,FLAKY_OR_REGRESSION,13,15.0,DONE,benchmark_results.csv
Collections,5,Gemini 3.8 Flash,org.apache.commons.collections.list.SetUniqueList,100.0,100.0,FLAKY_OR_REGRESSION,13,6.0,DONE,benchmark_results.csv
Collections,6,DeepSeek V4 Flash,org.apache.commons.collections.map.Flat3Map,0.0,0.0,COMPILE_ERROR,10,15.0,COMPILE_ERROR,benchmark_results.csv
Collections,6,Gemini 3.8 Flash,org.apache.commons.collections.map.Flat3Map,0.0,0.0,COMPILE_ERROR,10,6.0,COMPILE_ERROR,benchmark_results.csv
Collections,7,DeepSeek V4 Flash,org.apache.commons.collections.ExtendedProperties,0.0,0.0,COMPILE_ERROR,10,15.0,COMPILE_ERROR,benchmark_results.csv
Collections,7,Gemini 3.8 Flash,org.apache.commons.collections.ExtendedProperties,0.0,0.0,COMPILE_ERROR,10,6.0,COMPILE_ERROR,benchmark_results.csv
Collections,8,DeepSeek V4 Flash,org.apache.commons.collections.buffer.UnboundedFifoBuffer,0.0,0.0,NOT_DETECTED,10,15.0,DONE,benchmark_results.csv
Collections,8,Gemini 3.8 Flash,org.apache.commons.collections.buffer.UnboundedFifoBuffer,48.86,33.33,NOT_DETECTED,10,6.0,DONE,benchmark_results.csv
Collections,9,DeepSeek V4 Flash,org.apache.commons.collections.ExtendedProperties,0.0,0.0,COMPILE_ERROR,10,15.0,COMPILE_ERROR,benchmark_results.csv
Collections,9,Gemini 3.8 Flash,org.apache.commons.collections.ExtendedProperties,88.8,82.14,FLAKY_OR_REGRESSION,12,6.0,DONE,benchmark_results.csv
Collections,10,DeepSeek V4 Flash,org.apache.commons.collections.map.MultiValueMap,92.44,87.5,FLAKY_OR_REGRESSION,16,15.0,DONE,benchmark_results.csv
Collections,10,Gemini 3.8 Flash,org.apache.commons.collections.map.MultiValueMap,93.28,93.75,BUG_DETECTED,12,6.0,DONE,benchmark_results.csv
Collections,11,DeepSeek V4 Flash,org.apache.commons.collections.keyvalue.MultiKey,100.0,100.0,BUG_DETECTED,14,15.0,DONE,benchmark_results.csv
Collections,11,Gemini 3.8 Flash,org.apache.commons.collections.keyvalue.MultiKey,100.0,100.0,BUG_DETECTED,12,6.0,DONE,benchmark_results.csv
Collections,12,DeepSeek V4 Flash,org.apache.commons.collections.ExtendedProperties,0.0,0.0,COMPILE_ERROR,10,15.0,COMPILE_ERROR,benchmark_results.csv
Collections,12,Gemini 3.8 Flash,org.apache.commons.collections.ExtendedProperties,0.0,0.0,COMPILE_ERROR,10,6.0,COMPILE_ERROR,benchmark_results.csv
Collections,13,DeepSeek V4 Flash,org.apache.commons.collections.ExtendedProperties,0.0,0.0,COMPILE_ERROR,10,15.0,COMPILE_ERROR,benchmark_results.csv
Collections,13,Gemini 3.8 Flash,org.apache.commons.collections.ExtendedProperties,0.0,0.0,COMPILE_ERROR,10,6.0,COMPILE_ERROR,benchmark_results.csv
Collections,14,DeepSeek V4 Flash,org.apache.commons.collections.map.CaseInsensitiveMap,100.0,100.0,FLAKY_OR_REGRESSION,14,15.0,DONE,benchmark_results.csv
Collections,14,Gemini 3.8 Flash,org.apache.commons.collections.map.CaseInsensitiveMap,0.0,0.0,COMPILE_ERROR,10,6.0,COMPILE_ERROR,benchmark_results.csv
Collections,15,DeepSeek V4 Flash,org.apache.commons.collections.list.SetUniqueList,100.0,100.0,FLAKY_OR_REGRESSION,14,15.0,DONE,benchmark_results.csv
Collections,15,Gemini 3.8 Flash,org.apache.commons.collections.list.SetUniqueList,100.0,100.0,FLAKY_OR_REGRESSION,11,6.0,DONE,benchmark_results.csv
Collections,16,DeepSeek V4 Flash,org.apache.commons.collections.list.SetUniqueList,100.0,100.0,FLAKY_OR_REGRESSION,13,15.0,DONE,benchmark_results.csv
Collections,16,Gemini 3.8 Flash,org.apache.commons.collections.list.SetUniqueList,100.0,100.0,FLAKY_OR_REGRESSION,12,6.0,DONE,benchmark_results.csv
Collections,17,DeepSeek V4 Flash,org.apache.commons.collections.functors.EqualPredicate,0.0,0.0,COMPILE_ERROR,10,15.0,COMPILE_ERROR,benchmark_results.csv
Collections,17,Gemini 3.8 Flash,org.apache.commons.collections.functors.EqualPredicate,100.0,100.0,BUG_DETECTED,11,6.0,DONE,benchmark_results.csv
Collections,18,DeepSeek V4 Flash,org.apache.commons.collections.set.ListOrderedSet,0.0,0.0,COMPILE_ERROR,10,15.0,COMPILE_ERROR,benchmark_results.csv
Collections,18,Gemini 3.8 Flash,org.apache.commons.collections.set.ListOrderedSet,100.0,100.0,FLAKY_OR_REGRESSION,11,6.0,DONE,benchmark_results.csv
Collections,19,DeepSeek V4 Flash,org.apache.commons.collections.list.SetUniqueList,0.0,0.0,COMPILE_ERROR,10,15.0,COMPILE_ERROR,benchmark_results.csv
Collections,19,Gemini 3.8 Flash,org.apache.commons.collections.list.SetUniqueList,98.17,100.0,FLAKY_OR_REGRESSION,12,6.0,DONE,benchmark_results.csv
Collections,20,DeepSeek V4 Flash,org.apache.commons.collections.list.TreeList,86.35,77.27,FLAKY_OR_REGRESSION,12,15.0,DONE,benchmark_results.csv
Collections,20,Gemini 3.8 Flash,org.apache.commons.collections.list.TreeList,91.81,87.01,NOT_DETECTED,10,6.0,DONE,benchmark_results.csv
Collections,21,DeepSeek V4 Flash,org.apache.commons.collections4.list.SetUniqueList,91.74,97.37,FLAKY_OR_REGRESSION,14,15.0,DONE,benchmark_results.csv
Collections,21,Gemini 3.8 Flash,org.apache.commons.collections4.list.SetUniqueList,100.0,100.0,FLAKY_OR_REGRESSION,15,6.0,DONE,benchmark_results.csv
Collections,22,DeepSeek V4 Flash,org.apache.commons.collections4.map.ListOrderedMap,0.0,0.0,COMPILE_ERROR,10,15.0,COMPILE_ERROR,benchmark_results.csv
Collections,22,Gemini 3.8 Flash,org.apache.commons.collections4.map.ListOrderedMap,0.0,0.0,COMPILE_ERROR,10,6.0,COMPILE_ERROR,benchmark_results.csv
Collections,23,DeepSeek V4 Flash,org.apache.commons.collections4.trie.UnmodifiableTrie,0.0,0.0,COMPILE_ERROR,10,15.0,COMPILE_ERROR,benchmark_results.csv
Collections,23,Gemini 3.8 Flash,org.apache.commons.collections4.trie.UnmodifiableTrie,97.06,100.0,FLAKY_OR_REGRESSION,12,6.0,DONE,benchmark_results.csv
Collections,24,DeepSeek V4 Flash,org.apache.commons.collections4.collection.UnmodifiableBoundedCollection,100.0,100.0,NOT_DETECTED,10,15.0,DONE,benchmark_results.csv
Collections,24,Gemini 3.8 Flash,org.apache.commons.collections4.collection.UnmodifiableBoundedCollection,100.0,100.0,FLAKY_OR_REGRESSION,12,6.0,DONE,benchmark_results.csv
Collections,25,DeepSeek V4 Flash,org.apache.commons.collections4.IteratorUtils,0.0,0.0,COMPILE_ERROR,10,15.0,COMPILE_ERROR,benchmark_results.csv
Collections,25,Gemini 3.8 Flash,org.apache.commons.collections4.IteratorUtils,93.43,93.65,FLAKY_OR_REGRESSION,15,6.0,DONE,benchmark_results.csv
Collections,26,DeepSeek V4 Flash,org.apache.commons.collections4.keyvalue.MultiKey,100.0,100.0,FLAKY_OR_REGRESSION,13,15.0,DONE,benchmark_results.csv
Collections,26,Gemini 3.8 Flash,org.apache.commons.collections4.keyvalue.MultiKey,100.0,100.0,FLAKY_OR_REGRESSION,12,6.0,DONE,benchmark_results.csv
Collections,27,DeepSeek V4 Flash,org.apache.commons.collections4.map.MultiValueMap,0.0,0.0,COMPILE_ERROR,10,15.0,COMPILE_ERROR,benchmark_results.csv
Collections,27,Gemini 3.8 Flash,org.apache.commons.collections4.map.MultiValueMap,0.0,0.0,COMPILE_ERROR,10,6.0,COMPILE_ERROR,benchmark_results.csv
Collections,28,DeepSeek V4 Flash,org.apache.commons.collections4.trie.AbstractPatriciaTrie,0.0,0.0,COMPILE_ERROR,10,15.0,COMPILE_ERROR,benchmark_results.csv
Collections,28,Gemini 3.8 Flash,org.apache.commons.collections4.trie.AbstractPatriciaTrie,78.49,65.68,FLAKY_OR_REGRESSION,13,6.0,DONE,benchmark_results.csv
Chart,2,DeepSeek V4 Flash,org.jfree.data.general.DatasetUtilities,0.0,0.0,COMPILE_ERROR,10,15.0,COMPILE_ERROR,benchmark_results.csv
Chart,2,Gemini 3.8 Flash,org.jfree.data.general.DatasetUtilities,0.0,0.0,COMPILE_ERROR,10,6.0,COMPILE_ERROR,benchmark_results.csv
Chart,3,DeepSeek V4 Flash,org.jfree.data.time.TimeSeries,0.0,0.0,COMPILE_ERROR,10,15.0,COMPILE_ERROR,benchmark_results.csv
Chart,3,Gemini 3.8 Flash,org.jfree.data.time.TimeSeries,94.74,87.63,BUG_DETECTED,12,6.0,DONE,benchmark_results.csv
Chart,4,DeepSeek V4 Flash,org.jfree.chart.plot.XYPlot,0.0,0.0,COMPILE_ERROR,10,15.0,COMPILE_ERROR,benchmark_results.csv
Chart,4,Gemini 3.8 Flash,org.jfree.chart.plot.XYPlot,68.47,53.22,FLAKY_OR_REGRESSION,14,6.0,DONE,benchmark_results.csv
Chart,5,DeepSeek V4 Flash,org.jfree.data.xy.XYSeries,0.0,0.0,COMPILE_ERROR,10,15.0,COMPILE_ERROR,benchmark_results.csv
Chart,5,Gemini 3.8 Flash,org.jfree.data.xy.XYSeries,97.67,97.5,BUG_DETECTED,12,6.0,DONE,benchmark_results.csv
Chart,6,DeepSeek V4 Flash,org.jfree.chart.util.ShapeList,0.0,0.0,COMPILE_ERROR,10,15.0,COMPILE_ERROR,benchmark_results.csv
Chart,6,Gemini 3.8 Flash,org.jfree.chart.util.ShapeList,100.0,100.0,FLAKY_OR_REGRESSION,15,6.0,DONE,benchmark_results.csv
Chart,7,DeepSeek V4 Flash,org.jfree.data.time.TimePeriodValues,0.0,0.0,COMPILE_ERROR,10,15.0,COMPILE_ERROR,benchmark_results.csv
Chart,7,Gemini 3.8 Flash,org.jfree.data.time.TimePeriodValues,0.0,0.0,COMPILE_ERROR,10,6.0,COMPILE_ERROR,benchmark_results.csv
Chart,8,DeepSeek V4 Flash,org.jfree.data.time.Week,95.06,88.24,FLAKY_OR_REGRESSION,16,15.0,DONE,benchmark_results.csv
Chart,8,Gemini 3.8 Flash,org.jfree.data.time.Week,98.15,85.29,BUG_DETECTED,11,6.0,DONE,benchmark_results.csv
Chart,9,Gemini 3.8 Flash,org.jfree.data.time.TimeSeries,94.81,89.84,FLAKY_OR_REGRESSION,12,6.0,DONE,benchmark_results.csv
Chart,10,DeepSeek V4 Flash,org.jfree.chart.imagemap.StandardToolTipTagFragmentGenerator,100.0,0.0,FLAKY_OR_REGRESSION,17,15.0,DONE,benchmark_results.csv
Chart,10,Gemini 3.8 Flash,org.jfree.chart.imagemap.StandardToolTipTagFragmentGenerator,100.0,0.0,FLAKY_OR_REGRESSION,13,6.0,DONE,benchmark_results.csv
Chart,11,DeepSeek V4 Flash,org.jfree.chart.util.ShapeUtilities,0.0,0.0,COMPILE_ERROR,10,15.0,COMPILE_ERROR,benchmark_results.csv
Chart,11,Gemini 3.8 Flash,org.jfree.chart.util.ShapeUtilities,95.94,90.52,BUG_DETECTED,13,6.0,DONE,benchmark_results.csv
Chart,12,DeepSeek V4 Flash,org.jfree.chart.plot.MultiplePiePlot,0.0,0.0,COMPILE_ERROR,10,15.0,COMPILE_ERROR,benchmark_results.csv
Chart,12,Gemini 3.8 Flash,org.jfree.chart.plot.MultiplePiePlot,0.0,0.0,COMPILE_ERROR,10,6.0,COMPILE_ERROR,benchmark_results.csv
Chart,13,DeepSeek V4 Flash,org.jfree.chart.block.BorderArrangement,0.0,0.0,COMPILE_ERROR,10,15.0,COMPILE_ERROR,benchmark_results.csv
Chart,13,Gemini 3.8 Flash,org.jfree.chart.block.BorderArrangement,100.0,95.83,BUG_DETECTED,13,6.0,DONE,benchmark_results.csv
Chart,14,DeepSeek V4 Flash,org.jfree.chart.plot.CategoryPlot;org.jfree.chart.plot.XYPlot,0.0,0.0,COMPILE_ERROR,10,15.0,COMPILE_ERROR,benchmark_results.csv
Chart,14,Gemini 3.8 Flash,org.jfree.chart.plot.CategoryPlot;org.jfree.chart.plot.XYPlot,0.0,0.0,COMPILE_ERROR,10,6.0,COMPILE_ERROR,benchmark_results.csv
Chart,15,DeepSeek V4 Flash,org.jfree.chart.plot.PiePlot,0.0,0.0,COMPILE_ERROR,10,15.0,COMPILE_ERROR,benchmark_results.csv
Chart,15,Gemini 3.8 Flash,org.jfree.chart.plot.PiePlot,0.0,0.0,COMPILE_ERROR,10,6.0,COMPILE_ERROR,benchmark_results.csv
Chart,16,DeepSeek V4 Flash,org.jfree.data.category.DefaultIntervalCategoryDataset,0.0,0.0,COMPILE_ERROR,10,15.0,COMPILE_ERROR,benchmark_results.csv
Chart,16,Gemini 3.8 Flash,org.jfree.data.category.DefaultIntervalCategoryDataset,97.87,93.75,FLAKY_OR_REGRESSION,19,6.0,DONE,benchmark_results.csv
Chart,17,DeepSeek V4 Flash,org.jfree.data.time.TimeSeries,0.0,0.0,COMPILE_ERROR,10,15.0,COMPILE_ERROR,benchmark_results.csv
Chart,17,Gemini 3.8 Flash,org.jfree.data.time.TimeSeries,93.75,88.28,FLAKY_OR_REGRESSION,13,6.0,DONE,benchmark_results.csv
Chart,18,DeepSeek V4 Flash,org.jfree.data.DefaultKeyedValues;org.jfree.data.DefaultKeyedValues2D,0.0,0.0,COMPILE_ERROR,10,15.0,COMPILE_ERROR,benchmark_results.csv
Chart,18,Gemini 3.8 Flash,org.jfree.data.DefaultKeyedValues;org.jfree.data.DefaultKeyedValues2D,0.0,0.0,COMPILE_ERROR,10,6.0,COMPILE_ERROR,benchmark_results.csv
Chart,19,DeepSeek V4 Flash,org.jfree.chart.plot.CategoryPlot,0.0,0.0,COMPILE_ERROR,10,15.0,COMPILE_ERROR,benchmark_results.csv
Chart,20,DeepSeek V4 Flash,org.jfree.chart.plot.ValueMarker,0.0,0.0,COMPILE_ERROR,10,15.0,COMPILE_ERROR,benchmark_results.csv
Chart,20,Gemini 3.8 Flash,org.jfree.chart.plot.ValueMarker,0.0,0.0,COMPILE_ERROR,10,6.0,COMPILE_ERROR,benchmark_results.csv
Chart,21,DeepSeek V4 Flash,org.jfree.data.statistics.DefaultBoxAndWhiskerCategoryDataset,0.0,0.0,COMPILE_ERROR,10,15.0,COMPILE_ERROR,benchmark_results.csv
Chart,21,Gemini 3.8 Flash,org.jfree.data.statistics.DefaultBoxAndWhiskerCategoryDataset,0.0,0.0,COMPILE_ERROR,10,6.0,COMPILE_ERROR,benchmark_results.csv
Chart,22,DeepSeek V4 Flash,org.jfree.data.KeyedObjects2D,96.77,89.66,FLAKY_OR_REGRESSION,12,15.0,DONE,benchmark_results.csv
Chart,22,Gemini 3.8 Flash,org.jfree.data.KeyedObjects2D,94.35,84.48,FLAKY_OR_REGRESSION,16,6.0,DONE,benchmark_results.csv
Chart,23,DeepSeek V4 Flash,org.jfree.chart.renderer.category.MinMaxCategoryRenderer,37.5,26.09,FLAKY_OR_REGRESSION,16,15.0,DONE,benchmark_results.csv
Chart,23,Gemini 3.8 Flash,org.jfree.chart.renderer.category.MinMaxCategoryRenderer,97.22,86.96,BUG_DETECTED,13,6.0,DONE,benchmark_results.csv
Chart,24,DeepSeek V4 Flash,org.jfree.chart.renderer.GrayPaintScale,100.0,100.0,FLAKY_OR_REGRESSION,14,15.0,DONE,benchmark_results.csv
Chart,24,Gemini 3.8 Flash,org.jfree.chart.renderer.GrayPaintScale,100.0,100.0,BUG_DETECTED,13,6.0,DONE,benchmark_results.csv
Chart,25,DeepSeek V4 Flash,org.jfree.chart.renderer.category.StatisticalBarRenderer,0.0,0.0,COMPILE_ERROR,10,15.0,COMPILE_ERROR,benchmark_results.csv
Chart,25,Gemini 3.8 Flash,org.jfree.chart.renderer.category.StatisticalBarRenderer,0.0,0.0,COMPILE_ERROR,10,6.0,COMPILE_ERROR,benchmark_results.csv
Chart,26,DeepSeek V4 Flash,org.jfree.chart.axis.Axis,0.0,0.0,COMPILE_ERROR,10,15.0,COMPILE_ERROR,benchmark_results.csv
Chart,26,Gemini 3.8 Flash,org.jfree.chart.axis.Axis,100.0,96.88,FLAKY_OR_REGRESSION,12,6.0,DONE,benchmark_results.csv
Cli,1,DeepSeek V4 Flash,org.apache.commons.cli.CommandLine,0.0,0.0,FLAKY_OR_REGRESSION,11,15.0,DONE,benchmark_results.csv
Cli,1,Gemini 3.8 Flash,org.apache.commons.cli.CommandLine,0.0,0.0,FLAKY_OR_REGRESSION,11,6.0,DONE,benchmark_results.csv
Cli,2,DeepSeek V4 Flash,org.apache.commons.cli.PosixParser,0.0,0.0,FLAKY_OR_REGRESSION,11,15.0,DONE,benchmark_results.csv
Cli,2,Gemini 3.8 Flash,org.apache.commons.cli.PosixParser,0.0,0.0,FLAKY_OR_REGRESSION,11,6.0,DONE,benchmark_results.csv
Cli,3,DeepSeek V4 Flash,org.apache.commons.cli.TypeHandler,0.0,0.0,FLAKY_OR_REGRESSION,11,15.0,DONE,benchmark_results.csv
Cli,3,Gemini 3.8 Flash,org.apache.commons.cli.TypeHandler,0.0,0.0,FLAKY_OR_REGRESSION,11,6.0,DONE,benchmark_results.csv
Cli,4,DeepSeek V4 Flash,org.apache.commons.cli.Parser,0.0,0.0,COMPILE_ERROR,10,15.0,COMPILE_ERROR,benchmark_results.csv
Cli,4,Gemini 3.8 Flash,org.apache.commons.cli.Parser,0.0,0.0,COMPILE_ERROR,10,6.0,COMPILE_ERROR,benchmark_results.csv
Cli,5,DeepSeek V4 Flash,org.apache.commons.cli.Util,0.0,0.0,FLAKY_OR_REGRESSION,11,15.0,DONE,benchmark_results.csv
Cli,5,Gemini 3.8 Flash,org.apache.commons.cli.Util,0.0,0.0,FLAKY_OR_REGRESSION,11,6.0,DONE,benchmark_results.csv
Cli,7,DeepSeek V4 Flash,org.apache.commons.cli2.builder.PatternBuilder,0.0,0.0,COMPILE_ERROR,10,15.0,COMPILE_ERROR,benchmark_results.csv
Cli,7,Gemini 3.8 Flash,org.apache.commons.cli2.builder.PatternBuilder,0.0,0.0,COMPILE_ERROR,10,6.0,COMPILE_ERROR,benchmark_results.csv
Cli,8,DeepSeek V4 Flash,org.apache.commons.cli.HelpFormatter,0.0,0.0,FLAKY_OR_REGRESSION,11,15.0,DONE,benchmark_results.csv
Cli,8,Gemini 3.8 Flash,org.apache.commons.cli.HelpFormatter,0.0,0.0,FLAKY_OR_REGRESSION,11,6.0,DONE,benchmark_results.csv
Cli,9,DeepSeek V4 Flash,org.apache.commons.cli.Parser,0.0,0.0,COMPILE_ERROR,10,15.0,COMPILE_ERROR,benchmark_results.csv
Cli,9,Gemini 3.8 Flash,org.apache.commons.cli.Parser,0.0,0.0,FLAKY_OR_REGRESSION,11,6.0,DONE,benchmark_results.csv
Cli,10,DeepSeek V4 Flash,org.apache.commons.cli.Parser,0.0,0.0,FLAKY_OR_REGRESSION,11,15.0,DONE,benchmark_results.csv
Cli,10,Gemini 3.8 Flash,org.apache.commons.cli.Parser,0.0,0.0,COMPILE_ERROR,10,6.0,COMPILE_ERROR,benchmark_results.csv
Cli,11,DeepSeek V4 Flash,org.apache.commons.cli.HelpFormatter,0.0,0.0,COMPILE_ERROR,10,15.0,COMPILE_ERROR,benchmark_results.csv
Cli,11,Gemini 3.8 Flash,org.apache.commons.cli.HelpFormatter,0.0,0.0,COMPILE_ERROR,10,6.0,COMPILE_ERROR,benchmark_results.csv
Cli,12,DeepSeek V4 Flash,org.apache.commons.cli.GnuParser,0.0,0.0,COMPILE_ERROR,10,15.0,COMPILE_ERROR,benchmark_results.csv
Cli,12,Gemini 3.8 Flash,org.apache.commons.cli.GnuParser,0.0,0.0,FLAKY_OR_REGRESSION,11,6.0,DONE,benchmark_results.csv
Cli,13,DeepSeek V4 Flash,org.apache.commons.cli2.WriteableCommandLine;org.apache.commons.cli2.commandline.WriteableCommandLineImpl;org.apache.commons.cli2.option.ArgumentImpl,0.0,0.0,COMPILE_ERROR,10,15.0,COMPILE_ERROR,benchmark_results.csv
Cli,13,Gemini 3.8 Flash,org.apache.commons.cli2.WriteableCommandLine;org.apache.commons.cli2.commandline.WriteableCommandLineImpl;org.apache.commons.cli2.option.ArgumentImpl,0.0,0.0,COMPILE_ERROR,10,6.0,COMPILE_ERROR,benchmark_results.csv
Cli,14,DeepSeek V4 Flash,org.apache.commons.cli2.option.GroupImpl,0.0,0.0,COMPILE_ERROR,10,15.0,COMPILE_ERROR,benchmark_results.csv
Cli,14,Gemini 3.8 Flash,org.apache.commons.cli2.option.GroupImpl,0.0,0.0,COMPILE_ERROR,10,6.0,COMPILE_ERROR,benchmark_results.csv
Cli,15,DeepSeek V4 Flash,org.apache.commons.cli2.commandline.WriteableCommandLineImpl,0.0,0.0,COMPILE_ERROR,10,15.0,COMPILE_ERROR,benchmark_results.csv
Cli,15,Gemini 3.8 Flash,org.apache.commons.cli2.commandline.WriteableCommandLineImpl,0.0,0.0,COMPILE_ERROR,10,6.0,COMPILE_ERROR,benchmark_results.csv
Cli,16,DeepSeek V4 Flash,org.apache.commons.cli2.Option;org.apache.commons.cli2.commandline.WriteableCommandLineImpl;org.apache.commons.cli2.option.GroupImpl;org.apache.commons.cli2.option.OptionImpl,0.0,0.0,COMPILE_ERROR,10,15.0,COMPILE_ERROR,benchmark_results.csv
Cli,16,Gemini 3.8 Flash,org.apache.commons.cli2.Option;org.apache.commons.cli2.commandline.WriteableCommandLineImpl;org.apache.commons.cli2.option.GroupImpl;org.apache.commons.cli2.option.OptionImpl,0.0,0.0,COMPILE_ERROR,10,6.0,COMPILE_ERROR,benchmark_results.csv
Cli,17,DeepSeek V4 Flash,org.apache.commons.cli.PosixParser,0.0,0.0,FLAKY_OR_REGRESSION,11,15.0,DONE,benchmark_results.csv
Cli,17,Gemini 3.8 Flash,org.apache.commons.cli.PosixParser,0.0,0.0,FLAKY_OR_REGRESSION,11,6.0,DONE,benchmark_results.csv
Cli,18,DeepSeek V4 Flash,org.apache.commons.cli.PosixParser,0.0,0.0,FLAKY_OR_REGRESSION,11,15.0,DONE,benchmark_results.csv
Cli,18,Gemini 3.8 Flash,org.apache.commons.cli.PosixParser,0.0,0.0,FLAKY_OR_REGRESSION,11,6.0,DONE,benchmark_results.csv
Cli,19,DeepSeek V4 Flash,org.apache.commons.cli.PosixParser,0.0,0.0,FLAKY_OR_REGRESSION,11,15.0,DONE,benchmark_results.csv
Cli,19,Gemini 3.8 Flash,org.apache.commons.cli.PosixParser,0.0,0.0,FLAKY_OR_REGRESSION,11,6.0,DONE,benchmark_results.csv
Cli,20,DeepSeek V4 Flash,org.apache.commons.cli.PosixParser,0.0,0.0,COMPILE_ERROR,10,15.0,COMPILE_ERROR,benchmark_results.csv
Cli,20,Gemini 3.8 Flash,org.apache.commons.cli.PosixParser,0.0,0.0,FLAKY_OR_REGRESSION,11,6.0,DONE,benchmark_results.csv
Cli,21,DeepSeek V4 Flash,org.apache.commons.cli2.WriteableCommandLine;org.apache.commons.cli2.commandline.WriteableCommandLineImpl;org.apache.commons.cli2.option.GroupImpl,0.0,0.0,COMPILE_ERROR,10,15.0,COMPILE_ERROR,benchmark_results.csv
Cli,21,Gemini 3.8 Flash,org.apache.commons.cli2.WriteableCommandLine;org.apache.commons.cli2.commandline.WriteableCommandLineImpl;org.apache.commons.cli2.option.GroupImpl,0.0,0.0,COMPILE_ERROR,10,6.0,COMPILE_ERROR,benchmark_results.csv
Cli,22,DeepSeek V4 Flash,org.apache.commons.cli.PosixParser,0.0,0.0,COMPILE_ERROR,10,15.0,COMPILE_ERROR,benchmark_results.csv
Cli,22,Gemini 3.8 Flash,org.apache.commons.cli.PosixParser,0.0,0.0,FLAKY_OR_REGRESSION,11,6.0,DONE,benchmark_results.csv
Cli,23,DeepSeek V4 Flash,org.apache.commons.cli.HelpFormatter,0.0,0.0,COMPILE_ERROR,10,15.0,COMPILE_ERROR,benchmark_results.csv
Cli,23,Gemini 3.8 Flash,org.apache.commons.cli.HelpFormatter,0.0,0.0,COMPILE_ERROR,10,6.0,COMPILE_ERROR,benchmark_results.csv
Cli,24,DeepSeek V4 Flash,org.apache.commons.cli.HelpFormatter,0.0,0.0,COMPILE_ERROR,10,15.0,COMPILE_ERROR,benchmark_results.csv
Cli,24,Gemini 3.8 Flash,org.apache.commons.cli.HelpFormatter,0.0,0.0,FLAKY_OR_REGRESSION,11,6.0,DONE,benchmark_results.csv
Cli,25,DeepSeek V4 Flash,org.apache.commons.cli.HelpFormatter,0.0,0.0,COMPILE_ERROR,10,15.0,COMPILE_ERROR,benchmark_results.csv
Cli,25,Gemini 3.8 Flash,org.apache.commons.cli.HelpFormatter,0.0,0.0,FLAKY_OR_REGRESSION,11,6.0,DONE,benchmark_results.csv
Cli,26,DeepSeek V4 Flash,org.apache.commons.cli.OptionBuilder,0.0,0.0,COMPILE_ERROR,10,15.0,COMPILE_ERROR,benchmark_results.csv
Cli,26,Gemini 3.8 Flash,org.apache.commons.cli.OptionBuilder,0.0,0.0,FLAKY_OR_REGRESSION,11,6.0,DONE,benchmark_results.csv
Cli,27,DeepSeek V4 Flash,org.apache.commons.cli.OptionGroup,0.0,0.0,FLAKY_OR_REGRESSION,11,15.0,DONE,benchmark_results.csv
Cli,27,Gemini 3.8 Flash,org.apache.commons.cli.OptionGroup,0.0,0.0,FLAKY_OR_REGRESSION,11,6.0,DONE,benchmark_results.csv
Cli,28,DeepSeek V4 Flash,org.apache.commons.cli.Parser,0.0,0.0,FLAKY_OR_REGRESSION,11,15.0,DONE,benchmark_results.csv
Cli,28,Gemini 3.8 Flash,org.apache.commons.cli.Parser,0.0,0.0,COMPILE_ERROR,10,6.0,COMPILE_ERROR,benchmark_results.csv
Cli,29,DeepSeek V4 Flash,org.apache.commons.cli.Util,0.0,0.0,FLAKY_OR_REGRESSION,11,15.0,DONE,benchmark_results.csv
Cli,29,Gemini 3.8 Flash,org.apache.commons.cli.Util,0.0,0.0,FLAKY_OR_REGRESSION,11,6.0,DONE,benchmark_results.csv
Cli,30,DeepSeek V4 Flash,org.apache.commons.cli.DefaultParser;org.apache.commons.cli.Parser,0.0,0.0,COMPILE_ERROR,10,15.0,COMPILE_ERROR,benchmark_results.csv
Cli,30,Gemini 3.8 Flash,org.apache.commons.cli.DefaultParser;org.apache.commons.cli.Parser,0.0,0.0,COMPILE_ERROR,10,6.0,COMPILE_ERROR,benchmark_results.csv
Cli,31,DeepSeek V4 Flash,org.apache.commons.cli.HelpFormatter;org.apache.commons.cli.Option;org.apache.commons.cli.OptionBuilder,0.0,0.0,COMPILE_ERROR,10,15.0,COMPILE_ERROR,benchmark_results.csv
Cli,31,Gemini 3.8 Flash,org.apache.commons.cli.HelpFormatter;org.apache.commons.cli.Option;org.apache.commons.cli.OptionBuilder,0.0,0.0,FLAKY_OR_REGRESSION,13,6.0,DONE,benchmark_results.csv
Cli,32,DeepSeek V4 Flash,org.apache.commons.cli.HelpFormatter,0.0,0.0,FLAKY_OR_REGRESSION,11,15.0,DONE,benchmark_results.csv
Cli,32,Gemini 3.8 Flash,org.apache.commons.cli.HelpFormatter,0.0,0.0,COMPILE_ERROR,10,6.0,COMPILE_ERROR,benchmark_results.csv
Cli,33,DeepSeek V4 Flash,org.apache.commons.cli.HelpFormatter,0.0,0.0,COMPILE_ERROR,10,15.0,COMPILE_ERROR,benchmark_results.csv
Cli,33,Gemini 3.8 Flash,org.apache.commons.cli.HelpFormatter,0.0,0.0,COMPILE_ERROR,10,6.0,COMPILE_ERROR,benchmark_results.csv
Cli,34,DeepSeek V4 Flash,org.apache.commons.cli.Option;org.apache.commons.cli.OptionBuilder,0.0,0.0,COMPILE_ERROR,10,15.0,COMPILE_ERROR,benchmark_results.csv
Cli,34,Gemini 3.8 Flash,org.apache.commons.cli.Option;org.apache.commons.cli.OptionBuilder,0.0,0.0,FLAKY_OR_REGRESSION,12,6.0,DONE,benchmark_results.csv
Cli,35,DeepSeek V4 Flash,org.apache.commons.cli.Options,0.0,0.0,COMPILE_ERROR,10,15.0,COMPILE_ERROR,benchmark_results.csv
Cli,35,Gemini 3.8 Flash,org.apache.commons.cli.Options,0.0,0.0,COMPILE_ERROR,10,6.0,COMPILE_ERROR,benchmark_results.csv
Cli,36,DeepSeek V4 Flash,org.apache.commons.cli.OptionGroup;org.apache.commons.cli.Options,0.0,0.0,COMPILE_ERROR,10,15.0,COMPILE_ERROR,benchmark_results.csv
Cli,36,Gemini 3.8 Flash,org.apache.commons.cli.OptionGroup;org.apache.commons.cli.Options,0.0,0.0,COMPILE_ERROR,10,6.0,COMPILE_ERROR,benchmark_results.csv
Cli,37,DeepSeek V4 Flash,org.apache.commons.cli.DefaultParser,0.0,0.0,COMPILE_ERROR,10,15.0,COMPILE_ERROR,benchmark_results.csv
Cli,37,Gemini 3.8 Flash,org.apache.commons.cli.DefaultParser,97.33,86.71,FLAKY_OR_REGRESSION,13,6.0,DONE,benchmark_results.csv
Cli,38,DeepSeek V4 Flash,org.apache.commons.cli.DefaultParser,0.0,0.0,COMPILE_ERROR,10,15.0,COMPILE_ERROR,benchmark_results.csv
Cli,38,Gemini 3.8 Flash,org.apache.commons.cli.DefaultParser,95.29,80.38,FLAKY_OR_REGRESSION,12,6.0,DONE,benchmark_results.csv
Cli,39,DeepSeek V4 Flash,org.apache.commons.cli.TypeHandler,97.62,100.0,FLAKY_OR_REGRESSION,20,15.0,DONE,benchmark_results.csv
Cli,39,Gemini 3.8 Flash,org.apache.commons.cli.TypeHandler,100.0,100.0,BUG_DETECTED,12,6.0,DONE,benchmark_results.csv
Cli,40,DeepSeek V4 Flash,org.apache.commons.cli.TypeHandler,0.0,0.0,COMPILE_ERROR,10,15.0,COMPILE_ERROR,benchmark_results.csv
Cli,40,Gemini 3.8 Flash,org.apache.commons.cli.TypeHandler,100.0,100.0,FLAKY_OR_REGRESSION,11,6.0,DONE,benchmark_results.csv
Compress,1,DeepSeek V4 Flash,org.apache.commons.compress.archivers.cpio.CpioArchiveOutputStream,0.0,0.0,COMPILE_ERROR,10,15.0,COMPILE_ERROR,benchmark_results.csv
Compress,1,Gemini 3.8 Flash,org.apache.commons.compress.archivers.cpio.CpioArchiveOutputStream,0.0,0.0,COMPILE_ERROR,10,6.0,COMPILE_ERROR,benchmark_results.csv
Compress,2,DeepSeek V4 Flash,org.apache.commons.compress.archivers.ar.ArArchiveInputStream,0.0,0.0,COMPILE_ERROR,10,15.0,COMPILE_ERROR,benchmark_results.csv
Compress,2,Gemini 3.8 Flash,org.apache.commons.compress.archivers.ar.ArArchiveInputStream,100.0,100.0,FLAKY_OR_REGRESSION,13,6.0,DONE,benchmark_results.csv
Compress,3,DeepSeek V4 Flash,org.apache.commons.compress.archivers.tar.TarArchiveOutputStream,0.0,0.0,COMPILE_ERROR,10,15.0,COMPILE_ERROR,benchmark_results.csv
Compress,3,Gemini 3.8 Flash,org.apache.commons.compress.archivers.tar.TarArchiveOutputStream,100.0,96.43,FLAKY_OR_REGRESSION,16,6.0,DONE,benchmark_results.csv
Compress,4,DeepSeek V4 Flash,org.apache.commons.compress.archivers.cpio.CpioArchiveOutputStream;org.apache.commons.compress.archivers.tar.TarArchiveOutputStream;org.apache.commons.compress.archivers.zip.ZipArchiveOutputStream;org.apache.commons.compress.changes.ChangeSetPerformer,0.0,0.0,COMPILE_ERROR,10,15.0,COMPILE_ERROR,benchmark_results.csv
Compress,4,Gemini 3.8 Flash,org.apache.commons.compress.archivers.cpio.CpioArchiveOutputStream;org.apache.commons.compress.archivers.tar.TarArchiveOutputStream;org.apache.commons.compress.archivers.zip.ZipArchiveOutputStream;org.apache.commons.compress.changes.ChangeSetPerformer,0.0,0.0,COMPILE_ERROR,10,6.0,COMPILE_ERROR,benchmark_results.csv
Compress,5,DeepSeek V4 Flash,org.apache.commons.compress.archivers.zip.ZipArchiveInputStream,0.0,0.0,COMPILE_ERROR,10,15.0,COMPILE_ERROR,benchmark_results.csv
Compress,5,Gemini 3.8 Flash,org.apache.commons.compress.archivers.zip.ZipArchiveInputStream,95.03,89.36,FLAKY_OR_REGRESSION,12,6.0,DONE,benchmark_results.csv
Compress,6,DeepSeek V4 Flash,org.apache.commons.compress.archivers.zip.ZipArchiveEntry,83.82,68.33,FLAKY_OR_REGRESSION,16,15.0,DONE,benchmark_results.csv
Compress,6,Gemini 3.8 Flash,org.apache.commons.compress.archivers.zip.ZipArchiveEntry,99.26,98.33,BUG_DETECTED,11,6.0,DONE,benchmark_results.csv
Compress,7,DeepSeek V4 Flash,org.apache.commons.compress.archivers.tar.TarUtils,100.0,94.74,FLAKY_OR_REGRESSION,20,15.0,DONE,benchmark_results.csv
Compress,7,Gemini 3.8 Flash,org.apache.commons.compress.archivers.tar.TarUtils,100.0,97.37,FLAKY_OR_REGRESSION,14,6.0,DONE,benchmark_results.csv
Compress,8,DeepSeek V4 Flash,org.apache.commons.compress.archivers.tar.TarUtils,100.0,94.74,FLAKY_OR_REGRESSION,17,15.0,DONE,benchmark_results.csv
Compress,8,Gemini 3.8 Flash,org.apache.commons.compress.archivers.tar.TarUtils,100.0,100.0,FLAKY_OR_REGRESSION,13,6.0,DONE,benchmark_results.csv
Compress,9,DeepSeek V4 Flash,org.apache.commons.compress.archivers.tar.TarArchiveOutputStream,0.0,0.0,COMPILE_ERROR,10,15.0,COMPILE_ERROR,benchmark_results.csv
Compress,9,Gemini 3.8 Flash,org.apache.commons.compress.archivers.tar.TarArchiveOutputStream,0.0,0.0,COMPILE_ERROR,10,6.0,COMPILE_ERROR,benchmark_results.csv
Compress,10,DeepSeek V4 Flash,org.apache.commons.compress.archivers.zip.ZipFile,0.0,0.0,COMPILE_ERROR,10,15.0,COMPILE_ERROR,benchmark_results.csv
Compress,10,Gemini 3.8 Flash,org.apache.commons.compress.archivers.zip.ZipFile,89.47,64.6,BUG_DETECTED,11,6.0,DONE,benchmark_results.csv
Compress,11,DeepSeek V4 Flash,org.apache.commons.compress.archivers.ArchiveStreamFactory,0.0,0.0,COMPILE_ERROR,10,15.0,COMPILE_ERROR,benchmark_results.csv
Compress,11,Gemini 3.8 Flash,org.apache.commons.compress.archivers.ArchiveStreamFactory,92.75,95.65,FLAKY_OR_REGRESSION,15,6.0,DONE,benchmark_results.csv
Compress,12,DeepSeek V4 Flash,org.apache.commons.compress.archivers.tar.TarArchiveInputStream,85.64,75.45,FLAKY_OR_REGRESSION,12,15.0,DONE,benchmark_results.csv
Compress,12,Gemini 3.8 Flash,org.apache.commons.compress.archivers.tar.TarArchiveInputStream,93.85,90.0,FLAKY_OR_REGRESSION,13,6.0,DONE,benchmark_results.csv
Compress,13,DeepSeek V4 Flash,org.apache.commons.compress.archivers.zip.ZipArchiveEntry,85.0,78.85,FLAKY_OR_REGRESSION,25,15.0,DONE,benchmark_results.csv
Compress,13,Gemini 3.8 Flash,org.apache.commons.compress.archivers.zip.ZipArchiveEntry,79.5,69.23,FLAKY_OR_REGRESSION,18,6.0,DONE,benchmark_results.csv
Compress,14,DeepSeek V4 Flash,org.apache.commons.compress.archivers.tar.TarUtils,97.03,93.94,FLAKY_OR_REGRESSION,17,15.0,DONE,benchmark_results.csv
Compress,14,Gemini 3.8 Flash,org.apache.commons.compress.archivers.tar.TarUtils,99.01,96.97,FLAKY_OR_REGRESSION,13,6.0,DONE,benchmark_results.csv
Compress,15,DeepSeek V4 Flash,org.apache.commons.compress.archivers.zip.ZipArchiveEntry,0.0,0.0,COMPILE_ERROR,10,15.0,COMPILE_ERROR,benchmark_results.csv
Compress,15,Gemini 3.8 Flash,org.apache.commons.compress.archivers.zip.ZipArchiveEntry,92.61,89.09,FLAKY_OR_REGRESSION,13,6.0,DONE,benchmark_results.csv
Compress,16,DeepSeek V4 Flash,org.apache.commons.compress.archivers.ArchiveStreamFactory,0.0,0.0,COMPILE_ERROR,10,15.0,COMPILE_ERROR,benchmark_results.csv
Compress,16,Gemini 3.8 Flash,org.apache.commons.compress.archivers.ArchiveStreamFactory,0.0,0.0,COMPILE_ERROR,10,6.0,COMPILE_ERROR,benchmark_results.csv
Compress,17,DeepSeek V4 Flash,org.apache.commons.compress.archivers.tar.TarUtils,0.0,0.0,COMPILE_ERROR,10,15.0,COMPILE_ERROR,benchmark_results.csv
Compress,17,Gemini 3.8 Flash,org.apache.commons.compress.archivers.tar.TarUtils,94.97,94.83,FLAKY_OR_REGRESSION,13,6.0,DONE,benchmark_results.csv
Compress,18,DeepSeek V4 Flash,org.apache.commons.compress.archivers.tar.TarArchiveOutputStream,0.0,0.0,COMPILE_ERROR,10,15.0,COMPILE_ERROR,benchmark_results.csv
Compress,18,Gemini 3.8 Flash,org.apache.commons.compress.archivers.tar.TarArchiveOutputStream,0.0,0.0,COMPILE_ERROR,10,6.0,COMPILE_ERROR,benchmark_results.csv
Compress,19,DeepSeek V4 Flash,org.apache.commons.compress.archivers.zip.Zip64ExtendedInformationExtraField,100.0,91.67,FLAKY_OR_REGRESSION,13,15.0,DONE,benchmark_results.csv
Compress,19,Gemini 3.8 Flash,org.apache.commons.compress.archivers.zip.Zip64ExtendedInformationExtraField,100.0,90.0,BUG_DETECTED,11,6.0,DONE,benchmark_results.csv
Compress,20,DeepSeek V4 Flash,org.apache.commons.compress.archivers.cpio.CpioArchiveInputStream,0.0,0.0,COMPILE_ERROR,10,15.0,COMPILE_ERROR,benchmark_results.csv
Compress,20,Gemini 3.8 Flash,org.apache.commons.compress.archivers.cpio.CpioArchiveInputStream,97.2,92.98,FLAKY_OR_REGRESSION,12,6.0,DONE,benchmark_results.csv
Compress,21,DeepSeek V4 Flash,org.apache.commons.compress.archivers.sevenz.SevenZOutputFile,90.77,85.29,FLAKY_OR_REGRESSION,11,15.0,DONE,benchmark_results.csv
Compress,21,Gemini 3.8 Flash,org.apache.commons.compress.archivers.sevenz.SevenZOutputFile,0.0,0.0,COMPILE_ERROR,10,6.0,COMPILE_ERROR,benchmark_results.csv
Compress,22,DeepSeek V4 Flash,org.apache.commons.compress.compressors.bzip2.BZip2CompressorInputStream,11.55,12.45,FLAKY_OR_REGRESSION,14,15.0,DONE,benchmark_results.csv
Compress,22,Gemini 3.8 Flash,org.apache.commons.compress.compressors.bzip2.BZip2CompressorInputStream,0.0,0.0,COMPILE_ERROR,10,6.0,COMPILE_ERROR,benchmark_results.csv
Compress,23,DeepSeek V4 Flash,org.apache.commons.compress.archivers.sevenz.Coders,0.0,0.0,COMPILE_ERROR,10,15.0,COMPILE_ERROR,benchmark_results.csv
Compress,23,Gemini 3.8 Flash,org.apache.commons.compress.archivers.sevenz.Coders,91.26,91.18,FLAKY_OR_REGRESSION,13,6.0,DONE,benchmark_results.csv
Compress,24,DeepSeek V4 Flash,org.apache.commons.compress.archivers.tar.TarUtils,85.56,80.51,FLAKY_OR_REGRESSION,21,15.0,DONE,benchmark_results.csv
Compress,24,Gemini 3.8 Flash,org.apache.commons.compress.archivers.tar.TarUtils,92.78,92.37,FLAKY_OR_REGRESSION,12,6.0,DONE,benchmark_results.csv
Compress,25,DeepSeek V4 Flash,org.apache.commons.compress.archivers.zip.ZipArchiveInputStream,0.0,0.0,COMPILE_ERROR,10,15.0,COMPILE_ERROR,benchmark_results.csv
Compress,25,Gemini 3.8 Flash,org.apache.commons.compress.archivers.zip.ZipArchiveInputStream,56.86,43.65,FLAKY_OR_REGRESSION,16,6.0,DONE,benchmark_results.csv
Compress,26,DeepSeek V4 Flash,org.apache.commons.compress.utils.IOUtils,88.89,88.89,BUG_DETECTED,12,15.0,DONE,benchmark_results.csv
Compress,26,Gemini 3.8 Flash,org.apache.commons.compress.utils.IOUtils,100.0,100.0,BUG_DETECTED,12,6.0,DONE,benchmark_results.csv
Compress,27,DeepSeek V4 Flash,org.apache.commons.compress.archivers.tar.TarUtils,79.78,77.59,FLAKY_OR_REGRESSION,17,15.0,DONE,benchmark_results.csv
Compress,27,Gemini 3.8 Flash,org.apache.commons.compress.archivers.tar.TarUtils,0.0,0.0,COMPILE_ERROR,10,6.0,COMPILE_ERROR,benchmark_results.csv
Compress,28,DeepSeek V4 Flash,org.apache.commons.compress.archivers.tar.TarArchiveInputStream,0.0,0.0,COMPILE_ERROR,10,15.0,COMPILE_ERROR,benchmark_results.csv
Compress,28,Gemini 3.8 Flash,org.apache.commons.compress.archivers.tar.TarArchiveInputStream,0.0,0.0,COMPILE_ERROR,10,6.0,COMPILE_ERROR,benchmark_results.csv
Compress,29,DeepSeek V4 Flash,org.apache.commons.compress.archivers.ArchiveStreamFactory;org.apache.commons.compress.archivers.cpio.CpioArchiveInputStream;org.apache.commons.compress.archivers.cpio.CpioArchiveOutputStream;org.apache.commons.compress.archivers.dump.DumpArchiveInputStream;org.apache.commons.compress.archivers.tar.TarArchiveInputStream;org.apache.commons.compress.archivers.tar.TarArchiveOutputStream;org.apache.commons.compress.archivers.zip.ZipArchiveInputStream,0.0,0.0,COMPILE_ERROR,10,15.0,COMPILE_ERROR,benchmark_results.csv
Compress,29,Gemini 3.8 Flash,org.apache.commons.compress.archivers.ArchiveStreamFactory;org.apache.commons.compress.archivers.cpio.CpioArchiveInputStream;org.apache.commons.compress.archivers.cpio.CpioArchiveOutputStream;org.apache.commons.compress.archivers.dump.DumpArchiveInputStream;org.apache.commons.compress.archivers.tar.TarArchiveInputStream;org.apache.commons.compress.archivers.tar.TarArchiveOutputStream;org.apache.commons.compress.archivers.zip.ZipArchiveInputStream,0.0,0.0,COMPILE_ERROR,10,6.0,COMPILE_ERROR,benchmark_results.csv
Compress,30,DeepSeek V4 Flash,org.apache.commons.compress.compressors.bzip2.BZip2CompressorInputStream,0.0,0.0,COMPILE_ERROR,10,15.0,COMPILE_ERROR,benchmark_results.csv
Compress,30,Gemini 3.8 Flash,org.apache.commons.compress.compressors.bzip2.BZip2CompressorInputStream,20.0,23.77,BUG_DETECTED,13,6.0,DONE,benchmark_results.csv
Compress,31,DeepSeek V4 Flash,org.apache.commons.compress.archivers.tar.TarUtils,0.0,0.0,COMPILE_ERROR,10,15.0,COMPILE_ERROR,benchmark_results.csv
Compress,31,Gemini 3.8 Flash,org.apache.commons.compress.archivers.tar.TarUtils,0.0,0.0,COMPILE_ERROR,10,6.0,COMPILE_ERROR,benchmark_results.csv
Compress,32,DeepSeek V4 Flash,org.apache.commons.compress.archivers.tar.TarArchiveInputStream,68.18,53.97,FLAKY_OR_REGRESSION,15,15.0,DONE,benchmark_results.csv
Compress,32,Gemini 3.8 Flash,org.apache.commons.compress.archivers.tar.TarArchiveInputStream,84.55,72.22,FLAKY_OR_REGRESSION,17,6.0,DONE,benchmark_results.csv
Compress,33,DeepSeek V4 Flash,org.apache.commons.compress.compressors.CompressorStreamFactory;org.apache.commons.compress.compressors.deflate.DeflateCompressorInputStream,90.62,90.62,FLAKY_OR_REGRESSION,23,15.0,DONE,benchmark_results.csv
Compress,33,Gemini 3.8 Flash,org.apache.commons.compress.compressors.CompressorStreamFactory;org.apache.commons.compress.compressors.deflate.DeflateCompressorInputStream,0.0,0.0,COMPILE_ERROR,10,6.0,COMPILE_ERROR,benchmark_results.csv
Compress,34,DeepSeek V4 Flash,org.apache.commons.compress.archivers.zip.X7875_NewUnix,98.57,85.71,FLAKY_OR_REGRESSION,13,15.0,DONE,benchmark_results.csv
Compress,34,Gemini 3.8 Flash,org.apache.commons.compress.archivers.zip.X7875_NewUnix,0.0,0.0,COMPILE_ERROR,10,6.0,COMPILE_ERROR,benchmark_results.csv
Compress,35,DeepSeek V4 Flash,org.apache.commons.compress.archivers.tar.TarUtils,85.63,83.93,FLAKY_OR_REGRESSION,20,15.0,DONE,benchmark_results.csv
Compress,35,Gemini 3.8 Flash,org.apache.commons.compress.archivers.tar.TarUtils,0.0,0.0,COMPILE_ERROR,10,6.0,COMPILE_ERROR,benchmark_results.csv
Compress,36,DeepSeek V4 Flash,org.apache.commons.compress.archivers.sevenz.SevenZFile,4.69,2.64,FLAKY_OR_REGRESSION,22,15.0,DONE,benchmark_results.csv
Compress,36,Gemini 3.8 Flash,org.apache.commons.compress.archivers.sevenz.SevenZFile,35.65,26.4,FLAKY_OR_REGRESSION,11,6.0,DONE,benchmark_results.csv
Compress,37,DeepSeek V4 Flash,org.apache.commons.compress.archivers.tar.TarArchiveInputStream,0.0,0.0,COMPILE_ERROR,10,15.0,COMPILE_ERROR,benchmark_results.csv
Compress,37,Gemini 3.8 Flash,org.apache.commons.compress.archivers.tar.TarArchiveInputStream,77.64,63.16,FLAKY_OR_REGRESSION,17,6.0,DONE,benchmark_results.csv
Compress,38,DeepSeek V4 Flash,org.apache.commons.compress.archivers.tar.TarArchiveEntry,0.0,0.0,COMPILE_ERROR,10,15.0,COMPILE_ERROR,benchmark_results.csv
Compress,38,Gemini 3.8 Flash,org.apache.commons.compress.archivers.tar.TarArchiveEntry,86.84,54.55,FLAKY_OR_REGRESSION,17,6.0,DONE,benchmark_results.csv
Compress,39,DeepSeek V4 Flash,org.apache.commons.compress.utils.ArchiveUtils,0.0,0.0,COMPILE_ERROR,10,15.0,COMPILE_ERROR,benchmark_results.csv
Compress,39,Gemini 3.8 Flash,org.apache.commons.compress.utils.ArchiveUtils,87.1,97.22,FLAKY_OR_REGRESSION,12,6.0,DONE,benchmark_results.csv
Compress,40,DeepSeek V4 Flash,org.apache.commons.compress.utils.BitInputStream,0.0,0.0,COMPILE_ERROR,10,15.0,COMPILE_ERROR,benchmark_results.csv
Compress,40,Gemini 3.8 Flash,org.apache.commons.compress.utils.BitInputStream,100.0,100.0,FLAKY_OR_REGRESSION,15,6.0,DONE,benchmark_results.csv
Compress,41,DeepSeek V4 Flash,org.apache.commons.compress.archivers.zip.ZipArchiveInputStream,0.0,0.0,COMPILE_ERROR,10,15.0,COMPILE_ERROR,benchmark_results.csv
Compress,41,Gemini 3.8 Flash,org.apache.commons.compress.archivers.zip.ZipArchiveInputStream,0.0,0.0,COMPILE_ERROR,10,6.0,COMPILE_ERROR,benchmark_results.csv
Compress,42,DeepSeek V4 Flash,org.apache.commons.compress.archivers.zip.UnixStat;org.apache.commons.compress.archivers.zip.ZipArchiveEntry,84.84,65.91,FLAKY_OR_REGRESSION,17,15.0,DONE,benchmark_results.csv
Compress,42,Gemini 3.8 Flash,org.apache.commons.compress.archivers.zip.UnixStat;org.apache.commons.compress.archivers.zip.ZipArchiveEntry,0.0,0.0,COMPILE_ERROR,10,6.0,COMPILE_ERROR,benchmark_results.csv
Compress,43,DeepSeek V4 Flash,org.apache.commons.compress.archivers.zip.ZipArchiveOutputStream,0.0,0.0,COMPILE_ERROR,10,15.0,COMPILE_ERROR,benchmark_results.csv
Compress,43,Gemini 3.8 Flash,org.apache.commons.compress.archivers.zip.ZipArchiveOutputStream,53.66,47.0,FLAKY_OR_REGRESSION,11,6.0,DONE,benchmark_results.csv
Compress,44,DeepSeek V4 Flash,org.apache.commons.compress.utils.ChecksumCalculatingInputStream,100.0,100.0,FLAKY_OR_REGRESSION,14,15.0,DONE,benchmark_results.csv
Compress,44,Gemini 3.8 Flash,org.apache.commons.compress.utils.ChecksumCalculatingInputStream,100.0,100.0,BUG_DETECTED,13,6.0,DONE,benchmark_results.csv
Compress,45,DeepSeek V4 Flash,org.apache.commons.compress.archivers.tar.TarUtils,94.74,89.81,FLAKY_OR_REGRESSION,23,15.0,DONE,benchmark_results.csv
Compress,45,Gemini 3.8 Flash,org.apache.commons.compress.archivers.tar.TarUtils,0.0,0.0,COMPILE_ERROR,10,6.0,COMPILE_ERROR,benchmark_results.csv
Compress,46,DeepSeek V4 Flash,org.apache.commons.compress.archivers.zip.X5455_ExtendedTimestamp,0.0,0.0,COMPILE_ERROR,10,15.0,COMPILE_ERROR,benchmark_results.csv
Compress,46,Gemini 3.8 Flash,org.apache.commons.compress.archivers.zip.X5455_ExtendedTimestamp,100.0,91.67,BUG_DETECTED,13,6.0,DONE,benchmark_results.csv
Compress,47,DeepSeek V4 Flash,org.apache.commons.compress.archivers.zip.ZipArchiveInputStream,0.0,0.0,COMPILE_ERROR,10,15.0,COMPILE_ERROR,benchmark_results.csv
Compress,47,Gemini 3.8 Flash,org.apache.commons.compress.archivers.zip.ZipArchiveInputStream,0.0,0.0,COMPILE_ERROR,10,6.0,COMPILE_ERROR,benchmark_results.csv
Lang,1,DeepSeek V4 Flash,org.apache.commons.lang3.math.NumberUtils,68.27,51.78,FLAKY_OR_REGRESSION,18,15.0,DONE,benchmark_results.csv
Lang,1,Gemini 3.8 Flash,org.apache.commons.lang3.math.NumberUtils,92.53,75.15,FLAKY_OR_REGRESSION,12,6.0,DONE,benchmark_results.csv
Lang,3,DeepSeek V4 Flash,org.apache.commons.lang3.math.NumberUtils,0.0,0.0,COMPILE_ERROR,10,15.0,COMPILE_ERROR,benchmark_results.csv
Lang,3,Gemini 3.8 Flash,org.apache.commons.lang3.math.NumberUtils,89.01,70.36,FLAKY_OR_REGRESSION,12,6.0,DONE,benchmark_results.csv
Lang,4,DeepSeek V4 Flash,org.apache.commons.lang3.text.translate.LookupTranslator,100.0,100.0,BUG_DETECTED,11,15.0,DONE,benchmark_results.csv
Lang,4,Gemini 3.8 Flash,org.apache.commons.lang3.text.translate.LookupTranslator,100.0,100.0,FLAKY_OR_REGRESSION,14,6.0,DONE,benchmark_results.csv
Lang,5,DeepSeek V4 Flash,org.apache.commons.lang3.LocaleUtils,96.34,96.43,FLAKY_OR_REGRESSION,16,15.0,DONE,benchmark_results.csv
Lang,5,Gemini 3.8 Flash,org.apache.commons.lang3.LocaleUtils,100.0,100.0,BUG_DETECTED,11,6.0,DONE,benchmark_results.csv
Lang,6,DeepSeek V4 Flash,org.apache.commons.lang3.text.translate.CharSequenceTranslator,100.0,100.0,FLAKY_OR_REGRESSION,15,15.0,DONE,benchmark_results.csv
Lang,6,Gemini 3.8 Flash,org.apache.commons.lang3.text.translate.CharSequenceTranslator,100.0,100.0,BUG_DETECTED,11,6.0,DONE,benchmark_results.csv
Lang,7,DeepSeek V4 Flash,org.apache.commons.lang3.math.NumberUtils,82.89,70.22,FLAKY_OR_REGRESSION,15,15.0,DONE,benchmark_results.csv
Lang,7,Gemini 3.8 Flash,org.apache.commons.lang3.math.NumberUtils,90.79,74.04,FLAKY_OR_REGRESSION,13,6.0,DONE,benchmark_results.csv
Lang,8,DeepSeek V4 Flash,org.apache.commons.lang3.time.FastDatePrinter,0.0,0.0,COMPILE_ERROR,10,15.0,COMPILE_ERROR,benchmark_results.csv
Lang,8,Gemini 3.8 Flash,org.apache.commons.lang3.time.FastDatePrinter,0.0,0.0,COMPILE_ERROR,10,6.0,COMPILE_ERROR,benchmark_results.csv
Lang,9,DeepSeek V4 Flash,org.apache.commons.lang3.time.FastDateParser,0.0,0.0,COMPILE_ERROR,10,15.0,COMPILE_ERROR,benchmark_results.csv
Lang,9,Gemini 3.8 Flash,org.apache.commons.lang3.time.FastDateParser,0.0,0.0,COMPILE_ERROR,10,6.0,COMPILE_ERROR,benchmark_results.csv
Lang,10,DeepSeek V4 Flash,org.apache.commons.lang3.time.FastDateParser,0.0,0.0,COMPILE_ERROR,10,15.0,COMPILE_ERROR,benchmark_results.csv
Lang,11,DeepSeek V4 Flash,org.apache.commons.lang3.RandomStringUtils,96.43,96.3,FLAKY_OR_REGRESSION,14,15.0,DONE,benchmark_results.csv
Lang,12,DeepSeek V4 Flash,org.apache.commons.lang3.RandomStringUtils,90.38,93.75,FLAKY_OR_REGRESSION,14,15.0,DONE,benchmark_results.csv
Lang,13,DeepSeek V4 Flash,org.apache.commons.lang3.SerializationUtils,87.5,85.71,BUG_DETECTED,11,15.0,DONE,benchmark_results.csv
Lang,14,DeepSeek V4 Flash,org.apache.commons.lang3.StringUtils,84.6,79.67,FLAKY_OR_REGRESSION,17,15.0,DONE,benchmark_results.csv
Lang,15,DeepSeek V4 Flash,org.apache.commons.lang3.reflect.TypeUtils,0.0,0.0,COMPILE_ERROR,10,15.0,COMPILE_ERROR,benchmark_results.csv
Lang,16,DeepSeek V4 Flash,org.apache.commons.lang3.math.NumberUtils,87.73,75.14,FLAKY_OR_REGRESSION,17,15.0,DONE,benchmark_results.csv
Lang,17,DeepSeek V4 Flash,org.apache.commons.lang3.text.translate.CharSequenceTranslator,100.0,100.0,BUG_DETECTED,13,15.0,DONE,benchmark_results.csv
Lang,19,DeepSeek V4 Flash,org.apache.commons.lang3.text.translate.NumericEntityUnescaper,0.0,0.0,COMPILE_ERROR,10,15.0,COMPILE_ERROR,benchmark_results.csv
Lang,20,DeepSeek V4 Flash,org.apache.commons.lang3.StringUtils,49.92,47.08,FLAKY_OR_REGRESSION,12,15.0,DONE,benchmark_results.csv
Lang,21,DeepSeek V4 Flash,org.apache.commons.lang3.time.DateUtils,0.0,0.0,COMPILE_ERROR,10,15.0,COMPILE_ERROR,benchmark_results.csv
Lang,22,DeepSeek V4 Flash,org.apache.commons.lang3.math.Fraction,92.45,80.32,FLAKY_OR_REGRESSION,15,15.0,DONE,benchmark_results.csv
Lang,23,DeepSeek V4 Flash,org.apache.commons.lang3.text.ExtendedMessageFormat,80.24,60.61,FLAKY_OR_REGRESSION,23,15.0,DONE,benchmark_results.csv
Lang,24,DeepSeek V4 Flash,org.apache.commons.lang3.math.NumberUtils,86.7,67.7,FLAKY_OR_REGRESSION,13,15.0,DONE,benchmark_results.csv
Lang,26,DeepSeek V4 Flash,org.apache.commons.lang3.time.FastDateFormat,87.96,73.68,FLAKY_OR_REGRESSION,22,15.0,DONE,benchmark_results.csv
Lang,27,DeepSeek V4 Flash,org.apache.commons.lang3.math.NumberUtils,81.82,71.02,FLAKY_OR_REGRESSION,18,15.0,DONE,benchmark_results.csv
Lang,28,DeepSeek V4 Flash,org.apache.commons.lang3.text.translate.NumericEntityUnescaper,0.0,0.0,COMPILE_ERROR,10,15.0,COMPILE_ERROR,benchmark_results.csv
Lang,29,DeepSeek V4 Flash,org.apache.commons.lang3.SystemUtils,94.33,82.0,FLAKY_OR_REGRESSION,14,15.0,DONE,benchmark_results.csv
Lang,30,DeepSeek V4 Flash,org.apache.commons.lang3.StringUtils,47.6,46.07,FLAKY_OR_REGRESSION,12,15.0,DONE,benchmark_results.csv
Lang,31,DeepSeek V4 Flash,org.apache.commons.lang3.StringUtils,0.0,0.0,COMPILE_ERROR,10,15.0,COMPILE_ERROR,benchmark_results.csv
Lang,32,DeepSeek V4 Flash,org.apache.commons.lang3.builder.HashCodeBuilder,0.0,0.0,COMPILE_ERROR,10,15.0,COMPILE_ERROR,benchmark_results.csv
Lang,33,DeepSeek V4 Flash,org.apache.commons.lang3.ClassUtils,83.22,70.83,FLAKY_OR_REGRESSION,13,15.0,DONE,benchmark_results.csv
Lang,34,DeepSeek V4 Flash,org.apache.commons.lang3.builder.ToStringStyle,0.0,0.0,COMPILE_ERROR,10,15.0,COMPILE_ERROR,benchmark_results.csv
Lang,35,DeepSeek V4 Flash,org.apache.commons.lang3.ArrayUtils,0.0,0.0,COMPILE_ERROR,10,15.0,COMPILE_ERROR,benchmark_results.csv
Lang,36,DeepSeek V4 Flash,org.apache.commons.lang3.math.NumberUtils,86.76,76.16,FLAKY_OR_REGRESSION,18,15.0,DONE,benchmark_results.csv
Lang,37,DeepSeek V4 Flash,org.apache.commons.lang3.ArrayUtils,0.0,0.0,COMPILE_ERROR,10,15.0,COMPILE_ERROR,benchmark_results.csv
Lang,38,DeepSeek V4 Flash,org.apache.commons.lang3.time.FastDateFormat,91.38,79.82,FLAKY_OR_REGRESSION,13,15.0,DONE,benchmark_results.csv
Lang,39,DeepSeek V4 Flash,org.apache.commons.lang3.StringUtils,0.0,0.0,COMPILE_ERROR,10,15.0,COMPILE_ERROR,benchmark_results.csv
Lang,40,DeepSeek V4 Flash,org.apache.commons.lang.StringUtils,0.0,0.0,COMPILE_ERROR,10,15.0,COMPILE_ERROR,benchmark_results.csv
Lang,41,DeepSeek V4 Flash,org.apache.commons.lang.ClassUtils,0.0,0.0,COMPILE_ERROR,10,15.0,COMPILE_ERROR,benchmark_results.csv
Chart,2,DeepSeek V4 Flash,org.jfree.data.general.DatasetUtilities,0.0,0.0,COMPILE_ERROR,10,15.0,COMPILE_ERROR,benchmark_results.csv
Chart,2,Gemini 3.8 Flash,org.jfree.data.general.DatasetUtilities,0.0,0.0,COMPILE_ERROR,10,6.0,COMPILE_ERROR,benchmark_results.csv
Chart,3,DeepSeek V4 Flash,org.jfree.data.time.TimeSeries,0.0,0.0,COMPILE_ERROR,10,15.0,COMPILE_ERROR,benchmark_results.csv
Chart,4,DeepSeek V4 Flash,org.jfree.chart.plot.XYPlot,0.0,0.0,COMPILE_ERROR,10,15.0,COMPILE_ERROR,benchmark_results.csv
Chart,5,DeepSeek V4 Flash,org.jfree.data.xy.XYSeries,0.0,0.0,COMPILE_ERROR,10,15.0,COMPILE_ERROR,benchmark_results.csv
Chart,6,DeepSeek V4 Flash,org.jfree.chart.util.ShapeList,0.0,0.0,COMPILE_ERROR,10,15.0,COMPILE_ERROR,benchmark_results.csv
Chart,7,DeepSeek V4 Flash,org.jfree.data.time.TimePeriodValues,0.0,0.0,COMPILE_ERROR,10,15.0,COMPILE_ERROR,benchmark_results.csv
Chart,7,Gemini 3.8 Flash,org.jfree.data.time.TimePeriodValues,0.0,0.0,COMPILE_ERROR,10,6.0,COMPILE_ERROR,benchmark_results.csv
Chart,11,DeepSeek V4 Flash,org.jfree.chart.util.ShapeUtilities,0.0,0.0,COMPILE_ERROR,10,15.0,COMPILE_ERROR,benchmark_results.csv
Chart,12,DeepSeek V4 Flash,org.jfree.chart.plot.MultiplePiePlot,0.0,0.0,COMPILE_ERROR,10,15.0,COMPILE_ERROR,benchmark_results.csv
Chart,12,Gemini 3.8 Flash,org.jfree.chart.plot.MultiplePiePlot,0.0,0.0,COMPILE_ERROR,10,6.0,COMPILE_ERROR,benchmark_results.csv
Chart,13,DeepSeek V4 Flash,org.jfree.chart.block.BorderArrangement,0.0,0.0,COMPILE_ERROR,10,15.0,COMPILE_ERROR,benchmark_results.csv
Chart,14,DeepSeek V4 Flash,org.jfree.chart.plot.CategoryPlot;org.jfree.chart.plot.XYPlot,0.0,0.0,COMPILE_ERROR,10,15.0,COMPILE_ERROR,benchmark_results.csv
Chart,14,Gemini 3.8 Flash,org.jfree.chart.plot.CategoryPlot;org.jfree.chart.plot.XYPlot,0.0,0.0,COMPILE_ERROR,10,6.0,COMPILE_ERROR,benchmark_results.csv
Chart,15,DeepSeek V4 Flash,org.jfree.chart.plot.PiePlot,0.0,0.0,COMPILE_ERROR,10,15.0,COMPILE_ERROR,benchmark_results.csv
Chart,15,Gemini 3.8 Flash,org.jfree.chart.plot.PiePlot,0.0,0.0,COMPILE_ERROR,10,6.0,COMPILE_ERROR,benchmark_results.csv
Chart,16,DeepSeek V4 Flash,org.jfree.data.category.DefaultIntervalCategoryDataset,0.0,0.0,COMPILE_ERROR,10,15.0,COMPILE_ERROR,benchmark_results.csv
Chart,17,DeepSeek V4 Flash,org.jfree.data.time.TimeSeries,0.0,0.0,COMPILE_ERROR,10,15.0,COMPILE_ERROR,benchmark_results.csv
Chart,18,DeepSeek V4 Flash,org.jfree.data.DefaultKeyedValues;org.jfree.data.DefaultKeyedValues2D,0.0,0.0,COMPILE_ERROR,10,15.0,COMPILE_ERROR,benchmark_results.csv
Chart,18,Gemini 3.8 Flash,org.jfree.data.DefaultKeyedValues;org.jfree.data.DefaultKeyedValues2D,0.0,0.0,COMPILE_ERROR,10,6.0,COMPILE_ERROR,benchmark_results.csv
Chart,19,DeepSeek V4 Flash,org.jfree.chart.plot.CategoryPlot,0.0,0.0,COMPILE_ERROR,10,15.0,COMPILE_ERROR,benchmark_results.csv
Chart,19,Gemini 3.8 Flash,org.jfree.chart.plot.CategoryPlot,0.0,0.0,COMPILE_ERROR,10,6.0,COMPILE_ERROR,benchmark_results.csv
Chart,20,DeepSeek V4 Flash,org.jfree.chart.plot.ValueMarker,0.0,0.0,COMPILE_ERROR,10,15.0,COMPILE_ERROR,benchmark_results.csv
Chart,20,Gemini 3.8 Flash,org.jfree.chart.plot.ValueMarker,0.0,0.0,COMPILE_ERROR,10,6.0,COMPILE_ERROR,benchmark_results.csv
Chart,21,DeepSeek V4 Flash,org.jfree.data.statistics.DefaultBoxAndWhiskerCategoryDataset,0.0,0.0,COMPILE_ERROR,10,15.0,COMPILE_ERROR,benchmark_results.csv
Chart,21,Gemini 3.8 Flash,org.jfree.data.statistics.DefaultBoxAndWhiskerCategoryDataset,0.0,0.0,COMPILE_ERROR,10,6.0,COMPILE_ERROR,benchmark_results.csv
Chart,25,DeepSeek V4 Flash,org.jfree.chart.renderer.category.StatisticalBarRenderer,0.0,0.0,COMPILE_ERROR,10,15.0,COMPILE_ERROR,benchmark_results.csv
Chart,25,Gemini 3.8 Flash,org.jfree.chart.renderer.category.StatisticalBarRenderer,0.0,0.0,COMPILE_ERROR,10,6.0,COMPILE_ERROR,benchmark_results.csv
Chart,26,DeepSeek V4 Flash,org.jfree.chart.axis.Axis,0.0,0.0,COMPILE_ERROR,10,15.0,COMPILE_ERROR,benchmark_results.csv
Compress,1,DeepSeek V4 Flash,org.apache.commons.compress.archivers.cpio.CpioArchiveOutputStream,0.0,0.0,COMPILE_ERROR,10,15.0,COMPILE_ERROR,benchmark_results.csv
Compress,1,Gemini 3.8 Flash,org.apache.commons.compress.archivers.cpio.CpioArchiveOutputStream,0.0,0.0,COMPILE_ERROR,10,6.0,COMPILE_ERROR,benchmark_results.csv
Compress,2,DeepSeek V4 Flash,org.apache.commons.compress.archivers.ar.ArArchiveInputStream,0.0,0.0,COMPILE_ERROR,10,15.0,COMPILE_ERROR,benchmark_results.csv
Compress,3,DeepSeek V4 Flash,org.apache.commons.compress.archivers.tar.TarArchiveOutputStream,0.0,0.0,COMPILE_ERROR,10,15.0,COMPILE_ERROR,benchmark_results.csv
Compress,4,DeepSeek V4 Flash,org.apache.commons.compress.archivers.cpio.CpioArchiveOutputStream;org.apache.commons.compress.archivers.tar.TarArchiveOutputStream;org.apache.commons.compress.archivers.zip.ZipArchiveOutputStream;org.apache.commons.compress.changes.ChangeSetPerformer,0.0,0.0,COMPILE_ERROR,10,15.0,COMPILE_ERROR,benchmark_results.csv
Compress,4,Gemini 3.8 Flash,org.apache.commons.compress.archivers.cpio.CpioArchiveOutputStream;org.apache.commons.compress.archivers.tar.TarArchiveOutputStream;org.apache.commons.compress.archivers.zip.ZipArchiveOutputStream;org.apache.commons.compress.changes.ChangeSetPerformer,0.0,0.0,COMPILE_ERROR,10,6.0,COMPILE_ERROR,benchmark_results.csv
Compress,5,DeepSeek V4 Flash,org.apache.commons.compress.archivers.zip.ZipArchiveInputStream,0.0,0.0,COMPILE_ERROR,10,15.0,COMPILE_ERROR,benchmark_results.csv
Compress,9,DeepSeek V4 Flash,org.apache.commons.compress.archivers.tar.TarArchiveOutputStream,0.0,0.0,COMPILE_ERROR,10,15.0,COMPILE_ERROR,benchmark_results.csv
Compress,9,Gemini 3.8 Flash,org.apache.commons.compress.archivers.tar.TarArchiveOutputStream,0.0,0.0,COMPILE_ERROR,10,6.0,COMPILE_ERROR,benchmark_results.csv
Compress,10,DeepSeek V4 Flash,org.apache.commons.compress.archivers.zip.ZipFile,0.0,0.0,COMPILE_ERROR,10,15.0,COMPILE_ERROR,benchmark_results.csv
Compress,11,DeepSeek V4 Flash,org.apache.commons.compress.archivers.ArchiveStreamFactory,0.0,0.0,COMPILE_ERROR,10,15.0,COMPILE_ERROR,benchmark_results.csv
Compress,15,DeepSeek V4 Flash,org.apache.commons.compress.archivers.zip.ZipArchiveEntry,0.0,0.0,COMPILE_ERROR,10,15.0,COMPILE_ERROR,benchmark_results.csv
Compress,16,DeepSeek V4 Flash,org.apache.commons.compress.archivers.ArchiveStreamFactory,0.0,0.0,COMPILE_ERROR,10,15.0,COMPILE_ERROR,benchmark_results.csv
Compress,16,Gemini 3.8 Flash,org.apache.commons.compress.archivers.ArchiveStreamFactory,0.0,0.0,COMPILE_ERROR,10,6.0,COMPILE_ERROR,benchmark_results.csv
Compress,17,DeepSeek V4 Flash,org.apache.commons.compress.archivers.tar.TarUtils,0.0,0.0,COMPILE_ERROR,10,15.0,COMPILE_ERROR,benchmark_results.csv
Compress,18,DeepSeek V4 Flash,org.apache.commons.compress.archivers.tar.TarArchiveOutputStream,0.0,0.0,COMPILE_ERROR,10,15.0,COMPILE_ERROR,benchmark_results.csv
Compress,18,Gemini 3.8 Flash,org.apache.commons.compress.archivers.tar.TarArchiveOutputStream,0.0,0.0,COMPILE_ERROR,10,6.0,COMPILE_ERROR,benchmark_results.csv
Compress,20,DeepSeek V4 Flash,org.apache.commons.compress.archivers.cpio.CpioArchiveInputStream,0.0,0.0,COMPILE_ERROR,10,15.0,COMPILE_ERROR,benchmark_results.csv
Compress,21,Gemini 3.8 Flash,org.apache.commons.compress.archivers.sevenz.SevenZOutputFile,0.0,0.0,COMPILE_ERROR,10,6.0,COMPILE_ERROR,benchmark_results.csv
Compress,22,Gemini 3.8 Flash,org.apache.commons.compress.compressors.bzip2.BZip2CompressorInputStream,0.0,0.0,COMPILE_ERROR,10,6.0,COMPILE_ERROR,benchmark_results.csv
Compress,23,DeepSeek V4 Flash,org.apache.commons.compress.archivers.sevenz.Coders,0.0,0.0,COMPILE_ERROR,10,15.0,COMPILE_ERROR,benchmark_results.csv
Compress,25,DeepSeek V4 Flash,org.apache.commons.compress.archivers.zip.ZipArchiveInputStream,0.0,0.0,COMPILE_ERROR,10,15.0,COMPILE_ERROR,benchmark_results.csv
Compress,27,Gemini 3.8 Flash,org.apache.commons.compress.archivers.tar.TarUtils,0.0,0.0,COMPILE_ERROR,10,6.0,COMPILE_ERROR,benchmark_results.csv
Compress,28,DeepSeek V4 Flash,org.apache.commons.compress.archivers.tar.TarArchiveInputStream,0.0,0.0,COMPILE_ERROR,10,15.0,COMPILE_ERROR,benchmark_results.csv
Compress,28,Gemini 3.8 Flash,org.apache.commons.compress.archivers.tar.TarArchiveInputStream,0.0,0.0,COMPILE_ERROR,10,6.0,COMPILE_ERROR,benchmark_results.csv
Compress,29,DeepSeek V4 Flash,org.apache.commons.compress.archivers.ArchiveStreamFactory;org.apache.commons.compress.archivers.cpio.CpioArchiveInputStream;org.apache.commons.compress.archivers.cpio.CpioArchiveOutputStream;org.apache.commons.compress.archivers.dump.DumpArchiveInputStream;org.apache.commons.compress.archivers.tar.TarArchiveInputStream;org.apache.commons.compress.archivers.tar.TarArchiveOutputStream;org.apache.commons.compress.archivers.zip.ZipArchiveInputStream,0.0,0.0,COMPILE_ERROR,10,15.0,COMPILE_ERROR,benchmark_results.csv
Compress,29,Gemini 3.8 Flash,org.apache.commons.compress.archivers.ArchiveStreamFactory;org.apache.commons.compress.archivers.cpio.CpioArchiveInputStream;org.apache.commons.compress.archivers.cpio.CpioArchiveOutputStream;org.apache.commons.compress.archivers.dump.DumpArchiveInputStream;org.apache.commons.compress.archivers.tar.TarArchiveInputStream;org.apache.commons.compress.archivers.tar.TarArchiveOutputStream;org.apache.commons.compress.archivers.zip.ZipArchiveInputStream,0.0,0.0,COMPILE_ERROR,10,6.0,COMPILE_ERROR,benchmark_results.csv
Compress,30,DeepSeek V4 Flash,org.apache.commons.compress.compressors.bzip2.BZip2CompressorInputStream,0.0,0.0,COMPILE_ERROR,10,15.0,COMPILE_ERROR,benchmark_results.csv
Compress,31,DeepSeek V4 Flash,org.apache.commons.compress.archivers.tar.TarUtils,0.0,0.0,COMPILE_ERROR,10,15.0,COMPILE_ERROR,benchmark_results.csv
Compress,31,Gemini 3.8 Flash,org.apache.commons.compress.archivers.tar.TarUtils,0.0,0.0,COMPILE_ERROR,10,6.0,COMPILE_ERROR,benchmark_results.csv
Compress,33,Gemini 3.8 Flash,org.apache.commons.compress.compressors.CompressorStreamFactory;org.apache.commons.compress.compressors.deflate.DeflateCompressorInputStream,0.0,0.0,COMPILE_ERROR,10,6.0,COMPILE_ERROR,benchmark_results.csv
Compress,34,Gemini 3.8 Flash,org.apache.commons.compress.archivers.zip.X7875_NewUnix,0.0,0.0,COMPILE_ERROR,10,6.0,COMPILE_ERROR,benchmark_results.csv
Compress,35,Gemini 3.8 Flash,org.apache.commons.compress.archivers.tar.TarUtils,0.0,0.0,COMPILE_ERROR,10,6.0,COMPILE_ERROR,benchmark_results.csv
Compress,37,DeepSeek V4 Flash,org.apache.commons.compress.archivers.tar.TarArchiveInputStream,0.0,0.0,COMPILE_ERROR,10,15.0,COMPILE_ERROR,benchmark_results.csv
Compress,38,DeepSeek V4 Flash,org.apache.commons.compress.archivers.tar.TarArchiveEntry,0.0,0.0,COMPILE_ERROR,10,15.0,COMPILE_ERROR,benchmark_results.csv
Compress,39,DeepSeek V4 Flash,org.apache.commons.compress.utils.ArchiveUtils,0.0,0.0,COMPILE_ERROR,10,15.0,COMPILE_ERROR,benchmark_results.csv
Compress,40,DeepSeek V4 Flash,org.apache.commons.compress.utils.BitInputStream,0.0,0.0,COMPILE_ERROR,10,15.0,COMPILE_ERROR,benchmark_results.csv
Compress,41,DeepSeek V4 Flash,org.apache.commons.compress.archivers.zip.ZipArchiveInputStream,0.0,0.0,COMPILE_ERROR,10,15.0,COMPILE_ERROR,benchmark_results.csv
Compress,41,Gemini 3.8 Flash,org.apache.commons.compress.archivers.zip.ZipArchiveInputStream,0.0,0.0,COMPILE_ERROR,10,6.0,COMPILE_ERROR,benchmark_results.csv
Compress,42,Gemini 3.8 Flash,org.apache.commons.compress.archivers.zip.UnixStat;org.apache.commons.compress.archivers.zip.ZipArchiveEntry,0.0,0.0,COMPILE_ERROR,10,6.0,COMPILE_ERROR,benchmark_results.csv
Compress,43,DeepSeek V4 Flash,org.apache.commons.compress.archivers.zip.ZipArchiveOutputStream,0.0,0.0,COMPILE_ERROR,10,15.0,COMPILE_ERROR,benchmark_results.csv
Compress,45,Gemini 3.8 Flash,org.apache.commons.compress.archivers.tar.TarUtils,0.0,0.0,COMPILE_ERROR,10,6.0,COMPILE_ERROR,benchmark_results.csv
Compress,46,DeepSeek V4 Flash,org.apache.commons.compress.archivers.zip.X5455_ExtendedTimestamp,0.0,0.0,COMPILE_ERROR,10,15.0,COMPILE_ERROR,benchmark_results.csv
Compress,47,DeepSeek V4 Flash,org.apache.commons.compress.archivers.zip.ZipArchiveInputStream,0.0,0.0,COMPILE_ERROR,10,15.0,COMPILE_ERROR,benchmark_results.csv
Compress,47,Gemini 3.8 Flash,org.apache.commons.compress.archivers.zip.ZipArchiveInputStream,0.0,0.0,COMPILE_ERROR,10,6.0,COMPILE_ERROR,benchmark_results.csv
Lang,3,DeepSeek V4 Flash,org.apache.commons.lang3.math.NumberUtils,0.0,0.0,COMPILE_ERROR,10,15.0,COMPILE_ERROR,benchmark_results.csv
Lang,8,DeepSeek V4 Flash,org.apache.commons.lang3.time.FastDatePrinter,0.0,0.0,COMPILE_ERROR,10,15.0,COMPILE_ERROR,benchmark_results.csv
Lang,8,Gemini 3.8 Flash,org.apache.commons.lang3.time.FastDatePrinter,0.0,0.0,COMPILE_ERROR,10,6.0,COMPILE_ERROR,benchmark_results.csv
Lang,9,DeepSeek V4 Flash,org.apache.commons.lang3.time.FastDateParser,0.0,0.0,COMPILE_ERROR,10,15.0,COMPILE_ERROR,benchmark_results.csv
Lang,9,Gemini 3.8 Flash,org.apache.commons.lang3.time.FastDateParser,0.0,0.0,COMPILE_ERROR,10,6.0,COMPILE_ERROR,benchmark_results.csv
Lang,10,DeepSeek V4 Flash,org.apache.commons.lang3.time.FastDateParser,0.0,0.0,COMPILE_ERROR,10,15.0,COMPILE_ERROR,benchmark_results.csv
Lang,10,Gemini 3.8 Flash,org.apache.commons.lang3.time.FastDateParser,0.0,0.0,COMPILE_ERROR,10,6.0,COMPILE_ERROR,benchmark_results.csv
Lang,11,Gemini 3.8 Flash,org.apache.commons.lang3.RandomStringUtils,100.0,100.0,BUG_DETECTED,12,6.0,DONE,benchmark_results.csv
Lang,12,Gemini 3.8 Flash,org.apache.commons.lang3.RandomStringUtils,94.23,95.83,BUG_DETECTED,14,6.0,DONE,benchmark_results.csv
Lang,13,Gemini 3.8 Flash,org.apache.commons.lang3.SerializationUtils,93.75,92.86,BUG_DETECTED,12,6.0,DONE,benchmark_results.csv
Lang,14,Gemini 3.8 Flash,org.apache.commons.lang3.StringUtils,78.87,72.48,FLAKY_OR_REGRESSION,14,6.0,DONE,benchmark_results.csv
Lang,15,DeepSeek V4 Flash,org.apache.commons.lang3.reflect.TypeUtils,0.0,0.0,COMPILE_ERROR,10,15.0,COMPILE_ERROR,benchmark_results.csv
Lang,15,Gemini 3.8 Flash,org.apache.commons.lang3.reflect.TypeUtils,82.94,75.7,FLAKY_OR_REGRESSION,14,6.0,DONE,benchmark_results.csv
Lang,16,Gemini 3.8 Flash,org.apache.commons.lang3.math.NumberUtils,94.93,83.8,FLAKY_OR_REGRESSION,12,6.0,DONE,benchmark_results.csv
Lang,17,Gemini 3.8 Flash,org.apache.commons.lang3.text.translate.CharSequenceTranslator,0.0,0.0,COMPILE_ERROR,10,6.0,COMPILE_ERROR,benchmark_results.csv
Lang,19,DeepSeek V4 Flash,org.apache.commons.lang3.text.translate.NumericEntityUnescaper,0.0,0.0,COMPILE_ERROR,10,15.0,COMPILE_ERROR,benchmark_results.csv
Lang,19,Gemini 3.8 Flash,org.apache.commons.lang3.text.translate.NumericEntityUnescaper,100.0,100.0,BUG_DETECTED,13,6.0,DONE,benchmark_results.csv
Lang,20,Gemini 3.8 Flash,org.apache.commons.lang3.StringUtils,88.98,85.9,FLAKY_OR_REGRESSION,12,6.0,DONE,benchmark_results.csv
Lang,21,DeepSeek V4 Flash,org.apache.commons.lang3.time.DateUtils,0.0,0.0,COMPILE_ERROR,10,15.0,COMPILE_ERROR,benchmark_results.csv
Lang,21,Gemini 3.8 Flash,org.apache.commons.lang3.time.DateUtils,94.04,83.49,BUG_DETECTED,11,6.0,DONE,benchmark_results.csv
Lang,22,Gemini 3.8 Flash,org.apache.commons.lang3.math.Fraction,0.0,0.0,COMPILE_ERROR,10,6.0,COMPILE_ERROR,benchmark_results.csv
Lang,23,Gemini 3.8 Flash,org.apache.commons.lang3.text.ExtendedMessageFormat,94.61,82.83,FLAKY_OR_REGRESSION,17,6.0,DONE,benchmark_results.csv
Lang,24,Gemini 3.8 Flash,org.apache.commons.lang3.math.NumberUtils,97.87,92.98,FLAKY_OR_REGRESSION,13,6.0,DONE,benchmark_results.csv
Lang,26,Gemini 3.8 Flash,org.apache.commons.lang3.time.FastDateFormat,96.34,87.72,BUG_DETECTED,11,6.0,DONE,benchmark_results.csv
Lang,27,Gemini 3.8 Flash,org.apache.commons.lang3.math.NumberUtils,97.33,90.34,FLAKY_OR_REGRESSION,13,6.0,DONE,benchmark_results.csv
Lang,28,DeepSeek V4 Flash,org.apache.commons.lang3.text.translate.NumericEntityUnescaper,0.0,0.0,COMPILE_ERROR,10,15.0,COMPILE_ERROR,benchmark_results.csv
Lang,28,Gemini 3.8 Flash,org.apache.commons.lang3.text.translate.NumericEntityUnescaper,100.0,100.0,FLAKY_OR_REGRESSION,16,6.0,DONE,benchmark_results.csv
Lang,29,Gemini 3.8 Flash,org.apache.commons.lang3.SystemUtils,95.04,86.0,FLAKY_OR_REGRESSION,13,6.0,DONE,benchmark_results.csv
Lang,30,Gemini 3.8 Flash,org.apache.commons.lang3.StringUtils,86.88,81.42,FLAKY_OR_REGRESSION,22,6.0,DONE,benchmark_results.csv
Lang,31,DeepSeek V4 Flash,org.apache.commons.lang3.StringUtils,0.0,0.0,COMPILE_ERROR,10,15.0,COMPILE_ERROR,benchmark_results.csv
Lang,31,Gemini 3.8 Flash,org.apache.commons.lang3.StringUtils,92.78,90.43,FLAKY_OR_REGRESSION,17,6.0,DONE,benchmark_results.csv
Lang,32,DeepSeek V4 Flash,org.apache.commons.lang3.builder.HashCodeBuilder,0.0,0.0,COMPILE_ERROR,10,15.0,COMPILE_ERROR,benchmark_results.csv
Lang,32,Gemini 3.8 Flash,org.apache.commons.lang3.builder.HashCodeBuilder,97.95,97.67,BUG_DETECTED,12,6.0,DONE,benchmark_results.csv
Lang,33,Gemini 3.8 Flash,org.apache.commons.lang3.ClassUtils,0.0,0.0,COMPILE_ERROR,10,6.0,COMPILE_ERROR,benchmark_results.csv
Lang,34,DeepSeek V4 Flash,org.apache.commons.lang3.builder.ToStringStyle,0.0,0.0,COMPILE_ERROR,10,15.0,COMPILE_ERROR,benchmark_results.csv
Lang,34,Gemini 3.8 Flash,org.apache.commons.lang3.builder.ToStringStyle,0.0,0.0,COMPILE_ERROR,10,6.0,COMPILE_ERROR,benchmark_results.csv
Lang,35,DeepSeek V4 Flash,org.apache.commons.lang3.ArrayUtils,0.0,0.0,COMPILE_ERROR,10,15.0,COMPILE_ERROR,benchmark_results.csv
Lang,35,Gemini 3.8 Flash,org.apache.commons.lang3.ArrayUtils,91.6,78.04,FLAKY_OR_REGRESSION,13,6.0,DONE,benchmark_results.csv
Lang,36,Gemini 3.8 Flash,org.apache.commons.lang3.math.NumberUtils,0.0,0.0,COMPILE_ERROR,10,6.0,COMPILE_ERROR,benchmark_results.csv
Lang,37,DeepSeek V4 Flash,org.apache.commons.lang3.ArrayUtils,0.0,0.0,COMPILE_ERROR,10,15.0,COMPILE_ERROR,benchmark_results.csv
Lang,37,Gemini 3.8 Flash,org.apache.commons.lang3.ArrayUtils,99.89,96.52,FLAKY_OR_REGRESSION,11,6.0,DONE,benchmark_results.csv
Lang,38,Gemini 3.8 Flash,org.apache.commons.lang3.time.FastDateFormat,95.69,88.6,BUG_DETECTED,12,6.0,DONE,benchmark_results.csv
Lang,39,DeepSeek V4 Flash,org.apache.commons.lang3.StringUtils,0.0,0.0,COMPILE_ERROR,10,15.0,COMPILE_ERROR,benchmark_results.csv
Lang,39,Gemini 3.8 Flash,org.apache.commons.lang3.StringUtils,85.44,83.48,FLAKY_OR_REGRESSION,16,6.0,DONE,benchmark_results.csv
Lang,40,DeepSeek V4 Flash,org.apache.commons.lang.StringUtils,0.0,0.0,COMPILE_ERROR,10,15.0,COMPILE_ERROR,benchmark_results.csv
Lang,40,Gemini 3.8 Flash,org.apache.commons.lang.StringUtils,79.93,75.23,FLAKY_OR_REGRESSION,15,6.0,DONE,benchmark_results.csv
Lang,41,DeepSeek V4 Flash,org.apache.commons.lang.ClassUtils,0.0,0.0,COMPILE_ERROR,10,15.0,COMPILE_ERROR,benchmark_results.csv
Lang,41,Gemini 3.8 Flash,org.apache.commons.lang.ClassUtils,95.97,93.94,FLAKY_OR_REGRESSION,15,6.0,DONE,benchmark_results.csv
Lang,42,DeepSeek V4 Flash,org.apache.commons.lang.Entities,0.0,0.0,COMPILE_ERROR,10,15.0,COMPILE_ERROR,benchmark_results.csv
Lang,42,Gemini 3.8 Flash,org.apache.commons.lang.Entities,98.07,96.88,FLAKY_OR_REGRESSION,12,6.0,DONE,benchmark_results.csv
Lang,43,DeepSeek V4 Flash,org.apache.commons.lang.text.ExtendedMessageFormat,75.3,47.47,FLAKY_OR_REGRESSION,15,15.0,DONE,benchmark_results.csv
Lang,43,Gemini 3.8 Flash,org.apache.commons.lang.text.ExtendedMessageFormat,93.37,81.82,FLAKY_OR_REGRESSION,18,6.0,DONE,benchmark_results.csv
Lang,44,DeepSeek V4 Flash,org.apache.commons.lang.NumberUtils,85.79,69.91,FLAKY_OR_REGRESSION,15,15.0,DONE,benchmark_results.csv
Lang,44,Gemini 3.8 Flash,org.apache.commons.lang.NumberUtils,96.84,88.43,FLAKY_OR_REGRESSION,13,6.0,DONE,benchmark_results.csv
Lang,45,DeepSeek V4 Flash,org.apache.commons.lang.WordUtils,0.0,0.0,COMPILE_ERROR,10,15.0,COMPILE_ERROR,benchmark_results.csv
Lang,45,Gemini 3.8 Flash,org.apache.commons.lang.WordUtils,97.83,98.04,FLAKY_OR_REGRESSION,13,6.0,DONE,benchmark_results.csv
Lang,46,DeepSeek V4 Flash,org.apache.commons.lang.StringEscapeUtils,0.0,0.0,COMPILE_ERROR,10,15.0,COMPILE_ERROR,benchmark_results.csv
Lang,46,Gemini 3.8 Flash,org.apache.commons.lang.StringEscapeUtils,91.4,99.07,BUG_DETECTED,12,6.0,DONE,benchmark_results.csv
Lang,47,DeepSeek V4 Flash,org.apache.commons.lang.text.StrBuilder,0.0,0.0,COMPILE_ERROR,10,15.0,COMPILE_ERROR,benchmark_results.csv
Lang,47,Gemini 3.8 Flash,org.apache.commons.lang.text.StrBuilder,86.78,77.85,FLAKY_OR_REGRESSION,16,6.0,DONE,benchmark_results.csv
Lang,49,DeepSeek V4 Flash,org.apache.commons.lang.math.Fraction,0.0,0.0,COMPILE_ERROR,10,15.0,COMPILE_ERROR,benchmark_results.csv
Lang,49,Gemini 3.8 Flash,org.apache.commons.lang.math.Fraction,0.0,0.0,COMPILE_ERROR,10,6.0,COMPILE_ERROR,benchmark_results.csv
Lang,50,DeepSeek V4 Flash,org.apache.commons.lang.time.FastDateFormat,92.51,82.33,FLAKY_OR_REGRESSION,16,15.0,DONE,benchmark_results.csv
Lang,50,Gemini 3.8 Flash,org.apache.commons.lang.time.FastDateFormat,95.5,87.07,FLAKY_OR_REGRESSION,13,6.0,DONE,benchmark_results.csv
Lang,51,DeepSeek V4 Flash,org.apache.commons.lang.BooleanUtils,0.0,0.0,COMPILE_ERROR,10,15.0,COMPILE_ERROR,benchmark_results.csv
Lang,51,Gemini 3.8 Flash,org.apache.commons.lang.BooleanUtils,100.0,98.11,BUG_DETECTED,11,6.0,DONE,benchmark_results.csv
Lang,52,DeepSeek V4 Flash,org.apache.commons.lang.StringEscapeUtils,0.0,0.0,COMPILE_ERROR,10,15.0,COMPILE_ERROR,benchmark_results.csv
Lang,52,Gemini 3.8 Flash,org.apache.commons.lang.StringEscapeUtils,93.14,100.0,FLAKY_OR_REGRESSION,12,6.0,DONE,benchmark_results.csv
Lang,53,DeepSeek V4 Flash,org.apache.commons.lang.time.DateUtils,0.0,0.0,COMPILE_ERROR,10,15.0,COMPILE_ERROR,benchmark_results.csv
Lang,53,Gemini 3.8 Flash,org.apache.commons.lang.time.DateUtils,98.16,96.0,FLAKY_OR_REGRESSION,13,6.0,DONE,benchmark_results.csv
Lang,54,DeepSeek V4 Flash,org.apache.commons.lang.LocaleUtils,94.94,89.06,FLAKY_OR_REGRESSION,13,15.0,DONE,benchmark_results.csv
Lang,54,Gemini 3.8 Flash,org.apache.commons.lang.LocaleUtils,100.0,96.88,BUG_DETECTED,12,6.0,DONE,benchmark_results.csv
Lang,55,DeepSeek V4 Flash,org.apache.commons.lang.time.StopWatch,98.25,92.31,FLAKY_OR_REGRESSION,11,15.0,DONE,benchmark_results.csv
Lang,55,Gemini 3.8 Flash,org.apache.commons.lang.time.StopWatch,100.0,100.0,BUG_DETECTED,11,6.0,DONE,benchmark_results.csv
Lang,56,DeepSeek V4 Flash,org.apache.commons.lang.time.FastDateFormat,76.29,60.78,FLAKY_OR_REGRESSION,17,15.0,DONE,benchmark_results.csv
Lang,56,Gemini 3.8 Flash,org.apache.commons.lang.time.FastDateFormat,93.97,81.9,FLAKY_OR_REGRESSION,14,6.0,DONE,benchmark_results.csv
Lang,57,DeepSeek V4 Flash,org.apache.commons.lang.LocaleUtils,97.47,90.62,FLAKY_OR_REGRESSION,12,15.0,DONE,benchmark_results.csv
Lang,57,Gemini 3.8 Flash,org.apache.commons.lang.LocaleUtils,100.0,100.0,NOT_DETECTED,10,6.0,DONE,benchmark_results.csv
Lang,58,DeepSeek V4 Flash,org.apache.commons.lang.math.NumberUtils,0.0,0.0,COMPILE_ERROR,10,15.0,COMPILE_ERROR,benchmark_results.csv
Lang,58,Gemini 3.8 Flash,org.apache.commons.lang.math.NumberUtils,0.0,0.0,FLAKY_OR_REGRESSION,13,6.0,DONE,benchmark_results.csv
Lang,59,DeepSeek V4 Flash,org.apache.commons.lang.text.StrBuilder,0.0,0.0,COMPILE_ERROR,10,15.0,COMPILE_ERROR,benchmark_results.csv
Lang,59,Gemini 3.8 Flash,org.apache.commons.lang.text.StrBuilder,85.21,67.89,FLAKY_OR_REGRESSION,16,6.0,DONE,benchmark_results.csv
Lang,60,DeepSeek V4 Flash,org.apache.commons.lang.text.StrBuilder,0.0,0.0,COMPILE_ERROR,10,15.0,COMPILE_ERROR,benchmark_results.csv
Lang,60,Gemini 3.8 Flash,org.apache.commons.lang.text.StrBuilder,0.0,0.0,COMPILE_ERROR,10,6.0,COMPILE_ERROR,benchmark_results.csv
Lang,61,DeepSeek V4 Flash,org.apache.commons.lang.text.StrBuilder,0.0,0.0,COMPILE_ERROR,10,15.0,COMPILE_ERROR,benchmark_results.csv
Lang,61,Gemini 3.8 Flash,org.apache.commons.lang.text.StrBuilder,0.0,0.0,COMPILE_ERROR,10,6.0,COMPILE_ERROR,benchmark_results.csv
Lang,62,DeepSeek V4 Flash,org.apache.commons.lang.Entities,98.76,98.89,BUG_DETECTED,13,15.0,DONE,benchmark_results.csv
Lang,62,Gemini 3.8 Flash,org.apache.commons.lang.Entities,0.0,0.0,COMPILE_ERROR,10,6.0,COMPILE_ERROR,benchmark_results.csv
Lang,63,DeepSeek V4 Flash,org.apache.commons.lang.time.DurationFormatUtils,0.0,0.0,COMPILE_ERROR,10,15.0,COMPILE_ERROR,benchmark_results.csv
Lang,63,Gemini 3.8 Flash,org.apache.commons.lang.time.DurationFormatUtils,99.6,94.81,BUG_DETECTED,16,6.0,DONE,benchmark_results.csv
Lang,64,DeepSeek V4 Flash,org.apache.commons.lang.enums.ValuedEnum,100.0,100.0,FLAKY_OR_REGRESSION,12,15.0,DONE,benchmark_results.csv
Lang,64,Gemini 3.8 Flash,org.apache.commons.lang.enums.ValuedEnum,100.0,100.0,BUG_DETECTED,12,6.0,DONE,benchmark_results.csv
Lang,65,DeepSeek V4 Flash,org.apache.commons.lang.time.DateUtils,95.38,85.91,FLAKY_OR_REGRESSION,20,15.0,DONE,benchmark_results.csv
Lang,65,Gemini 3.8 Flash,org.apache.commons.lang.time.DateUtils,97.95,95.97,FLAKY_OR_REGRESSION,12,6.0,DONE,benchmark_results.csv
Math,1,DeepSeek V4 Flash,org.apache.commons.math3.fraction.BigFraction;org.apache.commons.math3.fraction.Fraction,0.0,0.0,COMPILE_ERROR,10,15.0,COMPILE_ERROR,benchmark_results.csv
Math,1,Gemini 3.8 Flash,org.apache.commons.math3.fraction.BigFraction;org.apache.commons.math3.fraction.Fraction,0.0,0.0,COMPILE_ERROR,10,6.0,COMPILE_ERROR,benchmark_results.csv
Math,2,DeepSeek V4 Flash,org.apache.commons.math3.distribution.HypergeometricDistribution,100.0,100.0,BUG_DETECTED,11,15.0,DONE,benchmark_results.csv
Math,2,Gemini 3.8 Flash,org.apache.commons.math3.distribution.HypergeometricDistribution,100.0,100.0,BUG_DETECTED,11,6.0,DONE,benchmark_results.csv
Math,3,DeepSeek V4 Flash,org.apache.commons.math3.util.MathArrays,0.0,0.0,COMPILE_ERROR,10,15.0,COMPILE_ERROR,benchmark_results.csv
Math,3,Gemini 3.8 Flash,org.apache.commons.math3.util.MathArrays,97.39,90.6,BUG_DETECTED,11,6.0,DONE,benchmark_results.csv
Math,4,DeepSeek V4 Flash,org.apache.commons.math3.geometry.euclidean.threed.SubLine;org.apache.commons.math3.geometry.euclidean.twod.SubLine,0.0,0.0,COMPILE_ERROR,10,15.0,COMPILE_ERROR,benchmark_results.csv
Math,4,Gemini 3.8 Flash,org.apache.commons.math3.geometry.euclidean.threed.SubLine;org.apache.commons.math3.geometry.euclidean.twod.SubLine,0.0,0.0,COMPILE_ERROR,10,6.0,COMPILE_ERROR,benchmark_results.csv
Math,5,DeepSeek V4 Flash,org.apache.commons.math3.complex.Complex,97.35,90.59,NOT_DETECTED,10,15.0,DONE,benchmark_results.csv
Math,5,Gemini 3.8 Flash,org.apache.commons.math3.complex.Complex,93.81,82.35,NOT_DETECTED,10,6.0,DONE,benchmark_results.csv
Math,6,DeepSeek V4 Flash,org.apache.commons.math3.optim.BaseOptimizer;org.apache.commons.math3.optim.nonlinear.scalar.gradient.NonLinearConjugateGradientOptimizer;org.apache.commons.math3.optim.nonlinear.scalar.noderiv.CMAESOptimizer;org.apache.commons.math3.optim.nonlinear.scalar.noderiv.PowellOptimizer;org.apache.commons.math3.optim.nonlinear.scalar.noderiv.SimplexOptimizer;org.apache.commons.math3.optim.nonlinear.vector.jacobian.GaussNewtonOptimizer;org.apache.commons.math3.optim.nonlinear.vector.jacobian.LevenbergMarquardtOptimizer,0.0,0.0,COMPILE_ERROR,10,15.0,COMPILE_ERROR,benchmark_results.csv
Math,7,DeepSeek V4 Flash,org.apache.commons.math3.ode.AbstractIntegrator,0.0,0.0,COMPILE_ERROR,10,15.0,COMPILE_ERROR,benchmark_results.csv
Math,8,DeepSeek V4 Flash,org.apache.commons.math3.distribution.DiscreteDistribution,0.0,0.0,COMPILE_ERROR,10,15.0,COMPILE_ERROR,benchmark_results.csv
Math,9,DeepSeek V4 Flash,org.apache.commons.math3.geometry.euclidean.threed.Line,0.0,0.0,COMPILE_ERROR,10,15.0,COMPILE_ERROR,benchmark_results.csv
Math,10,DeepSeek V4 Flash,org.apache.commons.math3.analysis.differentiation.DSCompiler,0.0,0.0,COMPILE_ERROR,10,15.0,COMPILE_ERROR,benchmark_results.csv
Math,11,DeepSeek V4 Flash,org.apache.commons.math3.distribution.MultivariateNormalDistribution,0.0,0.0,COMPILE_ERROR,10,15.0,COMPILE_ERROR,benchmark_results.csv
Math,12,DeepSeek V4 Flash,org.apache.commons.math3.random.BitsStreamGenerator,0.0,0.0,COMPILE_ERROR,10,15.0,COMPILE_ERROR,benchmark_results.csv
Math,13,DeepSeek V4 Flash,org.apache.commons.math3.optimization.general.AbstractLeastSquaresOptimizer,0.0,0.0,COMPILE_ERROR,10,15.0,COMPILE_ERROR,benchmark_results.csv
Math,14,DeepSeek V4 Flash,org.apache.commons.math3.optim.nonlinear.vector.jacobian.AbstractLeastSquaresOptimizer;org.apache.commons.math3.optim.nonlinear.vector.Weight,0.0,0.0,COMPILE_ERROR,10,15.0,COMPILE_ERROR,benchmark_results.csv
Math,15,DeepSeek V4 Flash,org.apache.commons.math3.util.FastMath,64.4,49.0,FLAKY_OR_REGRESSION,22,15.0,DONE,benchmark_results.csv
Math,16,DeepSeek V4 Flash,org.apache.commons.math3.util.FastMath,72.3,57.22,FLAKY_OR_REGRESSION,14,15.0,DONE,benchmark_results.csv
Math,17,DeepSeek V4 Flash,org.apache.commons.math3.dfp.Dfp,0.0,0.0,COMPILE_ERROR,10,15.0,COMPILE_ERROR,benchmark_results.csv
Math,18,DeepSeek V4 Flash,org.apache.commons.math3.optimization.direct.CMAESOptimizer,87.84,73.91,NOT_DETECTED,10,15.0,DONE,benchmark_results.csv
Math,19,DeepSeek V4 Flash,org.apache.commons.math3.optimization.direct.CMAESOptimizer,93.21,83.82,FLAKY_OR_REGRESSION,12,15.0,DONE,benchmark_results.csv
Math,20,DeepSeek V4 Flash,org.apache.commons.math3.optimization.direct.CMAESOptimizer,0.0,0.0,COMPILE_ERROR,10,15.0,COMPILE_ERROR,benchmark_results.csv
Math,21,DeepSeek V4 Flash,org.apache.commons.math3.linear.RectangularCholeskyDecomposition,100.0,100.0,FLAKY_OR_REGRESSION,13,15.0,DONE,benchmark_results.csv
Math,22,DeepSeek V4 Flash,org.apache.commons.math3.distribution.FDistribution;org.apache.commons.math3.distribution.UniformRealDistribution,0.0,0.0,COMPILE_ERROR,10,15.0,COMPILE_ERROR,benchmark_results.csv
Math,23,DeepSeek V4 Flash,org.apache.commons.math3.optimization.univariate.BrentOptimizer,97.52,90.54,BUG_DETECTED,12,15.0,DONE,benchmark_results.csv
Math,24,DeepSeek V4 Flash,org.apache.commons.math3.optimization.univariate.BrentOptimizer,0.0,0.0,COMPILE_ERROR,10,15.0,COMPILE_ERROR,benchmark_results.csv
Math,25,DeepSeek V4 Flash,org.apache.commons.math3.optimization.fitting.HarmonicFitter,0.0,0.0,COMPILE_ERROR,10,15.0,COMPILE_ERROR,benchmark_results.csv
Math,26,DeepSeek V4 Flash,org.apache.commons.math3.fraction.Fraction,0.0,0.0,COMPILE_ERROR,10,15.0,COMPILE_ERROR,benchmark_results.csv
Math,27,DeepSeek V4 Flash,org.apache.commons.math3.fraction.Fraction,0.0,0.0,COMPILE_ERROR,10,15.0,COMPILE_ERROR,benchmark_results.csv
Math,28,DeepSeek V4 Flash,org.apache.commons.math3.optimization.linear.SimplexSolver,94.94,89.58,FLAKY_OR_REGRESSION,17,15.0,DONE,benchmark_results.csv
Math,29,DeepSeek V4 Flash,org.apache.commons.math3.linear.OpenMapRealVector,0.0,0.0,COMPILE_ERROR,10,15.0,COMPILE_ERROR,benchmark_results.csv
Math,30,DeepSeek V4 Flash,org.apache.commons.math3.stat.inference.MannWhitneyUTest,100.0,100.0,FLAKY_OR_REGRESSION,12,15.0,DONE,benchmark_results.csv
Math,31,DeepSeek V4 Flash,org.apache.commons.math3.util.ContinuedFraction,71.19,46.67,FLAKY_OR_REGRESSION,19,15.0,DONE,benchmark_results.csv
Math,32,DeepSeek V4 Flash,org.apache.commons.math3.geometry.euclidean.twod.PolygonsSet,0.0,0.0,COMPILE_ERROR,10,15.0,COMPILE_ERROR,benchmark_results.csv
Math,33,DeepSeek V4 Flash,org.apache.commons.math3.optimization.linear.SimplexTableau,0.0,0.0,COMPILE_ERROR,10,15.0,COMPILE_ERROR,benchmark_results.csv
Math,34,DeepSeek V4 Flash,org.apache.commons.math3.genetics.ListPopulation,0.0,0.0,COMPILE_ERROR,10,15.0,COMPILE_ERROR,benchmark_results.csv
Math,35,DeepSeek V4 Flash,org.apache.commons.math3.genetics.ElitisticListPopulation,0.0,0.0,COMPILE_ERROR,10,15.0,COMPILE_ERROR,benchmark_results.csv
Math,36,DeepSeek V4 Flash,org.apache.commons.math.fraction.BigFraction,0.0,0.0,COMPILE_ERROR,10,15.0,COMPILE_ERROR,benchmark_results.csv
Math,37,DeepSeek V4 Flash,org.apache.commons.math.complex.Complex,0.0,0.0,COMPILE_ERROR,10,15.0,COMPILE_ERROR,benchmark_results.csv
Math,38,DeepSeek V4 Flash,org.apache.commons.math.optimization.direct.BOBYQAOptimizer,0.0,0.0,COMPILE_ERROR,10,15.0,COMPILE_ERROR,benchmark_results.csv
Math,39,DeepSeek V4 Flash,org.apache.commons.math.ode.nonstiff.EmbeddedRungeKuttaIntegrator,0.0,0.0,COMPILE_ERROR,10,15.0,COMPILE_ERROR,benchmark_results.csv
Math,40,DeepSeek V4 Flash,org.apache.commons.math.analysis.solvers.BracketingNthOrderBrentSolver,95.24,83.33,FLAKY_OR_REGRESSION,16,15.0,DONE,benchmark_results.csv
Math,41,DeepSeek V4 Flash,org.apache.commons.math.stat.descriptive.moment.Variance,0.0,0.0,COMPILE_ERROR,10,15.0,COMPILE_ERROR,benchmark_results.csv
Math,42,DeepSeek V4 Flash,org.apache.commons.math.optimization.linear.SimplexTableau,0.0,0.0,COMPILE_ERROR,10,15.0,COMPILE_ERROR,benchmark_results.csv
Math,43,DeepSeek V4 Flash,org.apache.commons.math.stat.descriptive.SummaryStatistics,0.0,0.0,COMPILE_ERROR,10,15.0,COMPILE_ERROR,benchmark_results.csv
Math,44,DeepSeek V4 Flash,org.apache.commons.math.ode.AbstractIntegrator,0.0,0.0,COMPILE_ERROR,10,15.0,COMPILE_ERROR,benchmark_results.csv
Math,45,DeepSeek V4 Flash,org.apache.commons.math.linear.OpenMapRealMatrix,0.0,0.0,COMPILE_ERROR,10,15.0,COMPILE_ERROR,benchmark_results.csv
Math,46,DeepSeek V4 Flash,org.apache.commons.math.complex.Complex,0.0,0.0,COMPILE_ERROR,10,15.0,COMPILE_ERROR,benchmark_results.csv
Math,47,DeepSeek V4 Flash,org.apache.commons.math.complex.Complex,0.0,0.0,COMPILE_ERROR,10,15.0,COMPILE_ERROR,benchmark_results.csv
Math,48,DeepSeek V4 Flash,org.apache.commons.math.analysis.solvers.BaseSecantSolver,0.0,0.0,COMPILE_ERROR,10,15.0,COMPILE_ERROR,benchmark_results.csv
Math,49,DeepSeek V4 Flash,org.apache.commons.math.linear.OpenMapRealVector,89.15,81.58,FLAKY_OR_REGRESSION,14,15.0,DONE,benchmark_results.csv
Math,50,DeepSeek V4 Flash,org.apache.commons.math.analysis.solvers.BaseSecantSolver,0.0,0.0,COMPILE_ERROR,10,15.0,COMPILE_ERROR,benchmark_results.csv
Math,51,DeepSeek V4 Flash,org.apache.commons.math.analysis.solvers.BaseSecantSolver,87.32,60.0,FLAKY_OR_REGRESSION,15,15.0,DONE,benchmark_results.csv
Math,52,DeepSeek V4 Flash,org.apache.commons.math.geometry.euclidean.threed.Rotation,0.0,0.0,COMPILE_ERROR,10,15.0,COMPILE_ERROR,benchmark_results.csv
Math,53,DeepSeek V4 Flash,org.apache.commons.math.complex.Complex,0.0,0.0,COMPILE_ERROR,10,15.0,COMPILE_ERROR,benchmark_results.csv
Math,54,DeepSeek V4 Flash,org.apache.commons.math.dfp.Dfp,79.42,68.16,FLAKY_OR_REGRESSION,39,15.0,DONE,benchmark_results.csv
Math,55,DeepSeek V4 Flash,org.apache.commons.math.geometry.Vector3D,0.0,0.0,COMPILE_ERROR,10,15.0,COMPILE_ERROR,benchmark_results.csv
Math,56,DeepSeek V4 Flash,org.apache.commons.math.util.MultidimensionalCounter,0.0,0.0,COMPILE_ERROR,10,15.0,COMPILE_ERROR,benchmark_results.csv
Math,57,DeepSeek V4 Flash,org.apache.commons.math.stat.clustering.KMeansPlusPlusClusterer,0.0,0.0,COMPILE_ERROR,10,15.0,COMPILE_ERROR,benchmark_results.csv
Math,58,DeepSeek V4 Flash,org.apache.commons.math.optimization.fitting.GaussianFitter,81.25,56.9,FLAKY_OR_REGRESSION,12,15.0,DONE,benchmark_results.csv
Math,59,DeepSeek V4 Flash,org.apache.commons.math.util.FastMath,70.82,49.39,FLAKY_OR_REGRESSION,16,15.0,DONE,benchmark_results.csv
Math,60,DeepSeek V4 Flash,org.apache.commons.math.distribution.NormalDistributionImpl,87.23,77.78,FLAKY_OR_REGRESSION,15,15.0,DONE,benchmark_results.csv
Math,61,DeepSeek V4 Flash,org.apache.commons.math.distribution.PoissonDistributionImpl,0.0,0.0,COMPILE_ERROR,10,15.0,COMPILE_ERROR,benchmark_results.csv
Math,62,DeepSeek V4 Flash,org.apache.commons.math.optimization.univariate.MultiStartUnivariateRealOptimizer,0.0,0.0,COMPILE_ERROR,10,15.0,COMPILE_ERROR,benchmark_results.csv
Math,63,DeepSeek V4 Flash,org.apache.commons.math.util.MathUtils,0.0,0.0,COMPILE_ERROR,10,15.0,COMPILE_ERROR,benchmark_results.csv
Math,64,DeepSeek V4 Flash,org.apache.commons.math.optimization.general.LevenbergMarquardtOptimizer,95.32,83.5,FLAKY_OR_REGRESSION,17,15.0,DONE,benchmark_results.csv
Math,65,DeepSeek V4 Flash,org.apache.commons.math.optimization.general.AbstractLeastSquaresOptimizer,0.0,0.0,COMPILE_ERROR,10,15.0,COMPILE_ERROR,benchmark_results.csv
Math,66,DeepSeek V4 Flash,org.apache.commons.math.optimization.univariate.BrentOptimizer,99.02,96.55,FLAKY_OR_REGRESSION,16,15.0,DONE,benchmark_results.csv
Math,67,DeepSeek V4 Flash,org.apache.commons.math.optimization.MultiStartUnivariateRealOptimizer,76.34,85.29,FLAKY_OR_REGRESSION,14,15.0,DONE,benchmark_results.csv
Math,68,DeepSeek V4 Flash,org.apache.commons.math.optimization.general.LevenbergMarquardtOptimizer,0.0,0.0,COMPILE_ERROR,10,15.0,COMPILE_ERROR,benchmark_results.csv
Math,69,DeepSeek V4 Flash,org.apache.commons.math.stat.correlation.PearsonsCorrelation,0.0,0.0,COMPILE_ERROR,10,15.0,COMPILE_ERROR,benchmark_results.csv
Math,70,DeepSeek V4 Flash,org.apache.commons.math.analysis.solvers.BisectionSolver,0.0,0.0,COMPILE_ERROR,10,15.0,COMPILE_ERROR,benchmark_results.csv
Math,71,DeepSeek V4 Flash,org.apache.commons.math.ode.nonstiff.EmbeddedRungeKuttaIntegrator;org.apache.commons.math.ode.nonstiff.RungeKuttaIntegrator,98.98,93.88,FLAKY_OR_REGRESSION,17,15.0,DONE,benchmark_results.csv
Math,72,DeepSeek V4 Flash,org.apache.commons.math.analysis.solvers.BrentSolver,84.11,75.93,FLAKY_OR_REGRESSION,16,15.0,DONE,benchmark_results.csv
Math,73,DeepSeek V4 Flash,org.apache.commons.math.analysis.solvers.BrentSolver,0.0,0.0,COMPILE_ERROR,10,15.0,COMPILE_ERROR,benchmark_results.csv
Math,74,DeepSeek V4 Flash,org.apache.commons.math.ode.nonstiff.EmbeddedRungeKuttaIntegrator,0.0,0.0,COMPILE_ERROR,10,15.0,COMPILE_ERROR,benchmark_results.csv
Math,75,DeepSeek V4 Flash,org.apache.commons.math.stat.Frequency,89.55,81.25,FLAKY_OR_REGRESSION,15,15.0,DONE,benchmark_results.csv
Math,76,DeepSeek V4 Flash,org.apache.commons.math.linear.SingularValueDecompositionImpl,99.25,96.3,FLAKY_OR_REGRESSION,18,15.0,DONE,benchmark_results.csv
Math,77,DeepSeek V4 Flash,org.apache.commons.math.linear.ArrayRealVector;org.apache.commons.math.linear.OpenMapRealVector,0.0,0.0,COMPILE_ERROR,10,15.0,COMPILE_ERROR,benchmark_results.csv
Math,78,DeepSeek V4 Flash,org.apache.commons.math.ode.events.EventState,0.0,0.0,COMPILE_ERROR,10,15.0,COMPILE_ERROR,benchmark_results.csv
Math,79,DeepSeek V4 Flash,org.apache.commons.math.util.MathUtils,69.05,63.77,FLAKY_OR_REGRESSION,13,15.0,DONE,benchmark_results.csv
Math,80,DeepSeek V4 Flash,org.apache.commons.math.linear.EigenDecompositionImpl,0.0,0.0,COMPILE_ERROR,10,15.0,COMPILE_ERROR,benchmark_results.csv
Math,81,DeepSeek V4 Flash,org.apache.commons.math.linear.EigenDecompositionImpl,0.0,0.0,COMPILE_ERROR,10,15.0,COMPILE_ERROR,benchmark_results.csv
Math,82,DeepSeek V4 Flash,org.apache.commons.math.optimization.linear.SimplexSolver,0.0,0.0,COMPILE_ERROR,10,15.0,COMPILE_ERROR,benchmark_results.csv
Math,83,DeepSeek V4 Flash,org.apache.commons.math.optimization.linear.SimplexTableau,0.0,0.0,COMPILE_ERROR,10,15.0,COMPILE_ERROR,benchmark_results.csv
Math,84,DeepSeek V4 Flash,org.apache.commons.math.optimization.direct.MultiDirectional,0.0,0.0,COMPILE_ERROR,10,15.0,COMPILE_ERROR,benchmark_results.csv
Math,85,DeepSeek V4 Flash,org.apache.commons.math.analysis.solvers.UnivariateRealSolverUtils,0.0,0.0,COMPILE_ERROR,10,15.0,COMPILE_ERROR,benchmark_results.csv
Math,86,DeepSeek V4 Flash,org.apache.commons.math.linear.CholeskyDecompositionImpl,0.0,0.0,COMPILE_ERROR,10,15.0,COMPILE_ERROR,benchmark_results.csv
Math,87,DeepSeek V4 Flash,org.apache.commons.math.optimization.linear.SimplexTableau,0.0,0.0,COMPILE_ERROR,10,15.0,COMPILE_ERROR,benchmark_results.csv
Math,88,DeepSeek V4 Flash,org.apache.commons.math.optimization.linear.SimplexTableau,0.0,0.0,COMPILE_ERROR,10,15.0,COMPILE_ERROR,benchmark_results.csv
Math,89,DeepSeek V4 Flash,org.apache.commons.math.stat.Frequency,90.74,87.5,FLAKY_OR_REGRESSION,15,15.0,DONE,benchmark_results.csv
Math,90,DeepSeek V4 Flash,org.apache.commons.math.stat.Frequency,92.45,90.62,FLAKY_OR_REGRESSION,13,15.0,DONE,benchmark_results.csv
Math,91,DeepSeek V4 Flash,org.apache.commons.math.fraction.Fraction,0.0,0.0,COMPILE_ERROR,10,15.0,COMPILE_ERROR,benchmark_results.csv
Math,92,DeepSeek V4 Flash,org.apache.commons.math.util.MathUtils,0.0,0.0,COMPILE_ERROR,10,15.0,COMPILE_ERROR,benchmark_results.csv
Math,93,DeepSeek V4 Flash,org.apache.commons.math.util.MathUtils,0.0,0.0,COMPILE_ERROR,10,15.0,COMPILE_ERROR,benchmark_results.csv
Math,94,DeepSeek V4 Flash,org.apache.commons.math.util.MathUtils,0.0,0.0,COMPILE_ERROR,10,15.0,COMPILE_ERROR,benchmark_results.csv
Math,95,DeepSeek V4 Flash,org.apache.commons.math.distribution.FDistributionImpl,0.0,0.0,COMPILE_ERROR,10,15.0,COMPILE_ERROR,benchmark_results.csv
Math,96,DeepSeek V4 Flash,org.apache.commons.math.complex.Complex,0.0,0.0,COMPILE_ERROR,10,15.0,COMPILE_ERROR,benchmark_results.csv
Math,97,DeepSeek V4 Flash,org.apache.commons.math.analysis.BrentSolver,0.0,0.0,COMPILE_ERROR,10,15.0,COMPILE_ERROR,benchmark_results.csv
Math,98,DeepSeek V4 Flash,org.apache.commons.math.linear.BigMatrixImpl;org.apache.commons.math.linear.RealMatrixImpl,0.0,0.0,COMPILE_ERROR,10,15.0,COMPILE_ERROR,benchmark_results.csv
Math,99,DeepSeek V4 Flash,org.apache.commons.math.util.MathUtils,0.0,0.0,COMPILE_ERROR,10,15.0,COMPILE_ERROR,benchmark_results.csv
Math,100,DeepSeek V4 Flash,org.apache.commons.math.estimation.AbstractEstimator,0.0,0.0,COMPILE_ERROR,10,15.0,COMPILE_ERROR,benchmark_results.csv
Math,101,DeepSeek V4 Flash,org.apache.commons.math.complex.ComplexFormat,97.9,96.15,FLAKY_OR_REGRESSION,16,15.0,DONE,benchmark_results.csv
Math,102,DeepSeek V4 Flash,org.apache.commons.math.stat.inference.ChiSquareTestImpl,97.3,91.86,FLAKY_OR_REGRESSION,14,15.0,DONE,benchmark_results.csv
Math,103,DeepSeek V4 Flash,org.apache.commons.math.distribution.NormalDistributionImpl,100.0,100.0,BUG_DETECTED,12,15.0,DONE,benchmark_results.csv
Math,104,DeepSeek V4 Flash,org.apache.commons.math.special.Gamma,0.0,0.0,COMPILE_ERROR,10,15.0,COMPILE_ERROR,benchmark_results.csv
Math,105,DeepSeek V4 Flash,org.apache.commons.math.stat.regression.SimpleRegression,95.77,94.44,FLAKY_OR_REGRESSION,14,15.0,DONE,benchmark_results.csv
Math,106,DeepSeek V4 Flash,org.apache.commons.math.fraction.ProperFractionFormat,89.47,80.0,FLAKY_OR_REGRESSION,16,15.0,DONE,benchmark_results.csv
Jsoup,1,DeepSeek V4 Flash,org.jsoup.nodes.Document,100.0,100.0,FLAKY_OR_REGRESSION,11,15.0,DONE,benchmark_results.csv
Jsoup,1,Gemini 3.8 Flash,org.jsoup.nodes.Document,100.0,100.0,BUG_DETECTED,12,6.0,DONE,benchmark_results.csv
Jsoup,2,DeepSeek V4 Flash,org.jsoup.parser.Parser,0.0,0.0,COMPILE_ERROR,10,15.0,COMPILE_ERROR,benchmark_results.csv
Jsoup,3,DeepSeek V4 Flash,org.jsoup.nodes.Element;org.jsoup.parser.Parser;org.jsoup.parser.Tag,0.0,0.0,COMPILE_ERROR,10,15.0,COMPILE_ERROR,benchmark_results.csv
Jsoup,4,DeepSeek V4 Flash,org.jsoup.nodes.Entities,0.0,0.0,COMPILE_ERROR,10,15.0,COMPILE_ERROR,benchmark_results.csv
Jsoup,5,DeepSeek V4 Flash,org.jsoup.parser.Parser,0.0,0.0,COMPILE_ERROR,10,15.0,COMPILE_ERROR,benchmark_results.csv
Jsoup,6,DeepSeek V4 Flash,org.jsoup.nodes.Entities,0.0,0.0,COMPILE_ERROR,10,15.0,COMPILE_ERROR,benchmark_results.csv
Jsoup,7,DeepSeek V4 Flash,org.jsoup.nodes.Document,0.0,0.0,COMPILE_ERROR,10,15.0,COMPILE_ERROR,benchmark_results.csv
Jsoup,8,DeepSeek V4 Flash,org.jsoup.nodes.Node,90.65,95.0,FLAKY_OR_REGRESSION,18,15.0,DONE,benchmark_results.csv
Jsoup,9,DeepSeek V4 Flash,org.jsoup.nodes.Entities,0.0,0.0,COMPILE_ERROR,10,15.0,COMPILE_ERROR,benchmark_results.csv
Jsoup,10,DeepSeek V4 Flash,org.jsoup.nodes.Node,92.21,81.25,FLAKY_OR_REGRESSION,16,15.0,DONE,benchmark_results.csv
Jsoup,11,DeepSeek V4 Flash,org.jsoup.select.Selector,0.0,0.0,COMPILE_ERROR,10,15.0,COMPILE_ERROR,benchmark_results.csv
Jsoup,12,DeepSeek V4 Flash,org.jsoup.select.Selector,96.33,92.42,FLAKY_OR_REGRESSION,30,15.0,DONE,benchmark_results.csv
Jsoup,13,DeepSeek V4 Flash,org.jsoup.nodes.Node,0.0,0.0,COMPILE_ERROR,10,15.0,COMPILE_ERROR,benchmark_results.csv
Jsoup,14,DeepSeek V4 Flash,org.jsoup.parser.Tokeniser;org.jsoup.parser.TokeniserState,0.0,0.0,COMPILE_ERROR,10,15.0,COMPILE_ERROR,benchmark_results.csv
Jsoup,15,DeepSeek V4 Flash,org.jsoup.parser.TreeBuilderState,0.0,0.0,COMPILE_ERROR,10,15.0,COMPILE_ERROR,benchmark_results.csv
Jsoup,16,DeepSeek V4 Flash,org.jsoup.nodes.DocumentType,100.0,100.0,FLAKY_OR_REGRESSION,16,15.0,DONE,benchmark_results.csv
Jsoup,17,DeepSeek V4 Flash,org.jsoup.parser.TreeBuilderState,0.0,0.0,COMPILE_ERROR,10,15.0,COMPILE_ERROR,benchmark_results.csv
Jsoup,18,DeepSeek V4 Flash,org.jsoup.parser.CharacterReader,98.97,85.37,FLAKY_OR_REGRESSION,25,15.0,DONE,benchmark_results.csv
Jsoup,19,DeepSeek V4 Flash,org.jsoup.safety.Whitelist,0.0,0.0,COMPILE_ERROR,10,15.0,COMPILE_ERROR,benchmark_results.csv
Jsoup,20,DeepSeek V4 Flash,org.jsoup.helper.DataUtil,97.73,81.82,FLAKY_OR_REGRESSION,14,15.0,DONE,benchmark_results.csv
Jsoup,21,DeepSeek V4 Flash,org.jsoup.select.CombiningEvaluator;org.jsoup.select.QueryParser,0.0,0.0,COMPILE_ERROR,10,15.0,COMPILE_ERROR,benchmark_results.csv
Jsoup,22,DeepSeek V4 Flash,org.jsoup.nodes.Element;org.jsoup.nodes.Node;org.jsoup.select.Elements,0.0,0.0,COMPILE_ERROR,10,15.0,COMPILE_ERROR,benchmark_results.csv
Jsoup,23,DeepSeek V4 Flash,org.jsoup.parser.CharacterReader;org.jsoup.parser.Tokeniser,0.0,0.0,COMPILE_ERROR,10,15.0,COMPILE_ERROR,benchmark_results.csv
Jsoup,24,DeepSeek V4 Flash,org.jsoup.parser.TokeniserState,0.0,0.0,COMPILE_ERROR,10,15.0,COMPILE_ERROR,benchmark_results.csv
Jsoup,25,DeepSeek V4 Flash,org.jsoup.parser.Tag,0.0,0.0,COMPILE_ERROR,10,15.0,COMPILE_ERROR,benchmark_results.csv
Jsoup,26,DeepSeek V4 Flash,org.jsoup.safety.Cleaner,100.0,100.0,FLAKY_OR_REGRESSION,15,15.0,DONE,benchmark_results.csv
Jsoup,27,DeepSeek V4 Flash,org.jsoup.helper.DataUtil,0.0,0.0,COMPILE_ERROR,10,15.0,COMPILE_ERROR,benchmark_results.csv
Jsoup,28,DeepSeek V4 Flash,org.jsoup.nodes.Entities;org.jsoup.parser.Parser;org.jsoup.parser.Tokeniser,0.0,0.0,COMPILE_ERROR,10,15.0,COMPILE_ERROR,benchmark_results.csv
Jsoup,29,DeepSeek V4 Flash,org.jsoup.nodes.Document,0.0,0.0,COMPILE_ERROR,10,15.0,COMPILE_ERROR,benchmark_results.csv
Jsoup,30,DeepSeek V4 Flash,org.jsoup.safety.Cleaner,0.0,0.0,COMPILE_ERROR,10,15.0,COMPILE_ERROR,benchmark_results.csv
Jsoup,31,DeepSeek V4 Flash,org.jsoup.parser.Token;org.jsoup.parser.TokeniserState;org.jsoup.parser.XmlTreeBuilder,0.0,0.0,COMPILE_ERROR,10,15.0,COMPILE_ERROR,benchmark_results.csv
Jsoup,32,DeepSeek V4 Flash,org.jsoup.nodes.Element,95.38,70.71,FLAKY_OR_REGRESSION,21,15.0,DONE,benchmark_results.csv
Jsoup,33,DeepSeek V4 Flash,org.jsoup.parser.HtmlTreeBuilder,59.29,48.02,FLAKY_OR_REGRESSION,15,15.0,DONE,benchmark_results.csv
Jsoup,34,DeepSeek V4 Flash,org.jsoup.parser.CharacterReader,97.79,83.85,FLAKY_OR_REGRESSION,19,15.0,DONE,benchmark_results.csv
Jsoup,35,DeepSeek V4 Flash,org.jsoup.parser.HtmlTreeBuilderState,0.0,0.0,COMPILE_ERROR,10,15.0,COMPILE_ERROR,benchmark_results.csv
Jsoup,36,DeepSeek V4 Flash,org.jsoup.helper.DataUtil,76.67,84.21,FLAKY_OR_REGRESSION,18,15.0,DONE,benchmark_results.csv
Jsoup,37,DeepSeek V4 Flash,org.jsoup.nodes.Element,0.0,0.0,COMPILE_ERROR,10,15.0,COMPILE_ERROR,benchmark_results.csv
Jsoup,38,DeepSeek V4 Flash,org.jsoup.parser.HtmlTreeBuilderState,0.0,0.0,COMPILE_ERROR,10,15.0,COMPILE_ERROR,benchmark_results.csv
Jsoup,39,DeepSeek V4 Flash,org.jsoup.helper.DataUtil,0.0,0.0,COMPILE_ERROR,10,15.0,COMPILE_ERROR,benchmark_results.csv
Jsoup,40,DeepSeek V4 Flash,org.jsoup.nodes.DocumentType,100.0,100.0,FLAKY_OR_REGRESSION,16,15.0,DONE,benchmark_results.csv
Jsoup,41,DeepSeek V4 Flash,org.jsoup.nodes.Element,0.0,0.0,COMPILE_ERROR,10,15.0,COMPILE_ERROR,benchmark_results.csv
Jsoup,42,DeepSeek V4 Flash,org.jsoup.nodes.FormElement,100.0,100.0,BUG_DETECTED,11,15.0,DONE,benchmark_results.csv
Jsoup,43,DeepSeek V4 Flash,org.jsoup.nodes.Element,0.0,0.0,COMPILE_ERROR,10,15.0,COMPILE_ERROR,benchmark_results.csv
Jsoup,44,DeepSeek V4 Flash,org.jsoup.parser.TreeBuilder,0.0,0.0,COMPILE_ERROR,10,15.0,COMPILE_ERROR,benchmark_results.csv
Jsoup,45,DeepSeek V4 Flash,org.jsoup.parser.HtmlTreeBuilder,0.0,0.0,COMPILE_ERROR,10,15.0,COMPILE_ERROR,benchmark_results.csv
Jsoup,46,DeepSeek V4 Flash,org.jsoup.nodes.Entities,0.0,0.0,COMPILE_ERROR,10,15.0,COMPILE_ERROR,benchmark_results.csv
Jsoup,47,DeepSeek V4 Flash,org.jsoup.nodes.Entities,0.0,0.0,COMPILE_ERROR,10,15.0,COMPILE_ERROR,benchmark_results.csv
Jsoup,48,DeepSeek V4 Flash,org.jsoup.helper.HttpConnection,0.0,0.0,COMPILE_ERROR,10,15.0,COMPILE_ERROR,benchmark_results.csv
Jsoup,49,DeepSeek V4 Flash,org.jsoup.nodes.Node,0.0,0.0,COMPILE_ERROR,10,15.0,COMPILE_ERROR,benchmark_results.csv
Jsoup,50,DeepSeek V4 Flash,org.jsoup.helper.DataUtil,85.56,90.0,FLAKY_OR_REGRESSION,13,15.0,DONE,benchmark_results.csv
Jsoup,51,DeepSeek V4 Flash,org.jsoup.parser.CharacterReader,97.44,83.33,FLAKY_OR_REGRESSION,17,15.0,DONE,benchmark_results.csv
Jsoup,52,DeepSeek V4 Flash,org.jsoup.helper.DataUtil;org.jsoup.nodes.XmlDeclaration;org.jsoup.parser.XmlTreeBuilder,0.0,0.0,COMPILE_ERROR,10,15.0,COMPILE_ERROR,benchmark_results.csv
Jsoup,53,DeepSeek V4 Flash,org.jsoup.parser.TokenQueue,0.0,0.0,COMPILE_ERROR,10,15.0,COMPILE_ERROR,benchmark_results.csv
Jsoup,54,DeepSeek V4 Flash,org.jsoup.helper.W3CDom,0.0,0.0,COMPILE_ERROR,10,15.0,COMPILE_ERROR,benchmark_results.csv
Jsoup,55,DeepSeek V4 Flash,org.jsoup.parser.TokeniserState,79.44,69.23,FLAKY_OR_REGRESSION,79,15.0,DONE,benchmark_results.csv
Jsoup,56,DeepSeek V4 Flash,org.jsoup.nodes.DocumentType;org.jsoup.parser.HtmlTreeBuilderState;org.jsoup.parser.Token;org.jsoup.parser.TokeniserState;org.jsoup.parser.XmlTreeBuilder,0.0,0.0,COMPILE_ERROR,10,15.0,COMPILE_ERROR,benchmark_results.csv
Jsoup,57,DeepSeek V4 Flash,org.jsoup.nodes.Attributes,0.0,0.0,COMPILE_ERROR,10,15.0,COMPILE_ERROR,benchmark_results.csv
Jsoup,58,DeepSeek V4 Flash,org.jsoup.Jsoup;org.jsoup.parser.Parser;org.jsoup.safety.Cleaner,0.0,0.0,COMPILE_ERROR,10,15.0,COMPILE_ERROR,benchmark_results.csv
Jsoup,59,DeepSeek V4 Flash,org.jsoup.parser.Token,0.0,0.0,COMPILE_ERROR,10,15.0,COMPILE_ERROR,benchmark_results.csv
Jsoup,60,DeepSeek V4 Flash,org.jsoup.parser.TokenQueue;org.jsoup.select.QueryParser,0.0,0.0,COMPILE_ERROR,10,15.0,COMPILE_ERROR,benchmark_results.csv
Jsoup,61,DeepSeek V4 Flash,org.jsoup.nodes.Element,0.0,0.0,COMPILE_ERROR,10,15.0,COMPILE_ERROR,benchmark_results.csv
Jsoup,62,DeepSeek V4 Flash,org.jsoup.parser.HtmlTreeBuilderState,0.0,0.0,COMPILE_ERROR,10,15.0,COMPILE_ERROR,benchmark_results.csv
Jsoup,63,DeepSeek V4 Flash,org.jsoup.parser.HtmlTreeBuilder;org.jsoup.parser.Tokeniser,0.0,0.0,COMPILE_ERROR,10,15.0,COMPILE_ERROR,benchmark_results.csv
Jsoup,64,DeepSeek V4 Flash,org.jsoup.parser.HtmlTreeBuilderState,81.09,72.67,FLAKY_OR_REGRESSION,28,15.0,DONE,benchmark_results.csv
Jsoup,65,DeepSeek V4 Flash,org.jsoup.parser.HtmlTreeBuilder;org.jsoup.parser.HtmlTreeBuilderState,0.0,0.0,COMPILE_ERROR,10,15.0,COMPILE_ERROR,benchmark_results.csv
Jsoup,66,DeepSeek V4 Flash,org.jsoup.nodes.Element,0.0,0.0,COMPILE_ERROR,10,15.0,COMPILE_ERROR,benchmark_results.csv
Jsoup,67,DeepSeek V4 Flash,org.jsoup.parser.HtmlTreeBuilder,0.0,0.0,COMPILE_ERROR,10,15.0,COMPILE_ERROR,benchmark_results.csv
Jsoup,68,DeepSeek V4 Flash,org.jsoup.parser.HtmlTreeBuilder,0.0,0.0,COMPILE_ERROR,10,15.0,COMPILE_ERROR,benchmark_results.csv
Jsoup,69,DeepSeek V4 Flash,org.jsoup.nodes.FormElement,0.0,0.0,COMPILE_ERROR,10,15.0,COMPILE_ERROR,benchmark_results.csv
Jsoup,70,DeepSeek V4 Flash,org.jsoup.nodes.Element,0.0,0.0,COMPILE_ERROR,10,15.0,COMPILE_ERROR,benchmark_results.csv
Jsoup,71,DeepSeek V4 Flash,org.jsoup.nodes.PseudoTextElement;org.jsoup.select.Evaluator;org.jsoup.select.QueryParser,0.0,0.0,COMPILE_ERROR,10,15.0,COMPILE_ERROR,benchmark_results.csv
Jsoup,72,DeepSeek V4 Flash,org.jsoup.parser.CharacterReader,95.61,74.24,FLAKY_OR_REGRESSION,18,15.0,DONE,benchmark_results.csv
Jsoup,73,DeepSeek V4 Flash,org.jsoup.helper.W3CDom,0.0,0.0,COMPILE_ERROR,10,15.0,COMPILE_ERROR,benchmark_results.csv
Jsoup,74,DeepSeek V4 Flash,org.jsoup.helper.StringUtil,0.0,0.0,COMPILE_ERROR,10,15.0,COMPILE_ERROR,benchmark_results.csv
Jsoup,75,DeepSeek V4 Flash,org.jsoup.nodes.Attributes,0.0,0.0,COMPILE_ERROR,10,15.0,COMPILE_ERROR,benchmark_results.csv
Jsoup,76,DeepSeek V4 Flash,org.jsoup.parser.HtmlTreeBuilderState,58.46,48.67,FLAKY_OR_REGRESSION,23,15.0,DONE,benchmark_results.csv
Jsoup,77,DeepSeek V4 Flash,org.jsoup.parser.XmlTreeBuilder,0.0,0.0,COMPILE_ERROR,10,15.0,COMPILE_ERROR,benchmark_results.csv
Jsoup,78,DeepSeek V4 Flash,org.jsoup.helper.DataUtil,0.0,0.0,COMPILE_ERROR,10,15.0,COMPILE_ERROR,benchmark_results.csv
Jsoup,79,DeepSeek V4 Flash,org.jsoup.nodes.LeafNode,0.0,0.0,COMPILE_ERROR,10,15.0,COMPILE_ERROR,benchmark_results.csv
Jsoup,80,DeepSeek V4 Flash,org.jsoup.parser.XmlTreeBuilder,0.0,0.0,COMPILE_ERROR,10,15.0,COMPILE_ERROR,benchmark_results.csv
Jsoup,81,DeepSeek V4 Flash,org.jsoup.helper.DataUtil,80.34,69.15,FLAKY_OR_REGRESSION,12,15.0,DONE,benchmark_results.csv
Jsoup,82,DeepSeek V4 Flash,org.jsoup.helper.DataUtil,92.92,72.92,FLAKY_OR_REGRESSION,15,15.0,DONE,benchmark_results.csv
Jsoup,83,DeepSeek V4 Flash,org.jsoup.parser.CharacterReader;org.jsoup.parser.TokeniserState,0.0,0.0,COMPILE_ERROR,10,15.0,COMPILE_ERROR,benchmark_results.csv
Jsoup,84,DeepSeek V4 Flash,org.jsoup.helper.W3CDom,0.0,0.0,COMPILE_ERROR,10,15.0,COMPILE_ERROR,benchmark_results.csv
Jsoup,85,DeepSeek V4 Flash,org.jsoup.nodes.Attribute,0.0,0.0,COMPILE_ERROR,10,15.0,COMPILE_ERROR,benchmark_results.csv
Jsoup,86,DeepSeek V4 Flash,org.jsoup.nodes.Comment,0.0,0.0,COMPILE_ERROR,10,15.0,COMPILE_ERROR,benchmark_results.csv
Jsoup,87,DeepSeek V4 Flash,org.jsoup.nodes.Element;org.jsoup.parser.HtmlTreeBuilder;org.jsoup.parser.HtmlTreeBuilderState;org.jsoup.parser.Tag,0.0,0.0,COMPILE_ERROR,10,15.0,COMPILE_ERROR,benchmark_results.csv
Jsoup,88,DeepSeek V4 Flash,org.jsoup.nodes.Attribute,0.0,0.0,COMPILE_ERROR,10,15.0,COMPILE_ERROR,benchmark_results.csv
Jsoup,89,DeepSeek V4 Flash,org.jsoup.nodes.Attribute,0.0,0.0,COMPILE_ERROR,10,15.0,COMPILE_ERROR,benchmark_results.csv
Jsoup,90,DeepSeek V4 Flash,org.jsoup.helper.HttpConnection,0.0,0.0,COMPILE_ERROR,10,15.0,COMPILE_ERROR,benchmark_results.csv
Jsoup,91,DeepSeek V4 Flash,org.jsoup.UncheckedIOException;org.jsoup.parser.CharacterReader,0.0,0.0,COMPILE_ERROR,10,15.0,COMPILE_ERROR,benchmark_results.csv
Jsoup,92,DeepSeek V4 Flash,org.jsoup.nodes.Attributes;org.jsoup.parser.HtmlTreeBuilder;org.jsoup.parser.ParseSettings;org.jsoup.parser.Token;org.jsoup.parser.XmlTreeBuilder,0.0,0.0,COMPILE_ERROR,10,15.0,COMPILE_ERROR,benchmark_results.csv
Jsoup,93,DeepSeek V4 Flash,org.jsoup.nodes.FormElement,0.0,0.0,COMPILE_ERROR,10,15.0,COMPILE_ERROR,benchmark_results.csv
JacksonCore,1,DeepSeek V4 Flash,com.fasterxml.jackson.core.io.NumberInput;com.fasterxml.jackson.core.util.TextBuffer,81.91,68.91,FLAKY_OR_REGRESSION,21,15.0,DONE,benchmark_results.csv
JacksonCore,1,Gemini 3.8 Flash,com.fasterxml.jackson.core.io.NumberInput;com.fasterxml.jackson.core.util.TextBuffer,95.98,87.39,FLAKY_OR_REGRESSION,17,6.0,DONE,benchmark_results.csv
JacksonCore,2,DeepSeek V4 Flash,com.fasterxml.jackson.core.json.ReaderBasedJsonParser;com.fasterxml.jackson.core.json.UTF8StreamJsonParser,0.0,0.0,COMPILE_ERROR,10,15.0,COMPILE_ERROR,benchmark_results.csv
JacksonCore,3,DeepSeek V4 Flash,com.fasterxml.jackson.core.json.UTF8StreamJsonParser,0.0,0.0,COMPILE_ERROR,10,15.0,COMPILE_ERROR,benchmark_results.csv
JacksonCore,4,DeepSeek V4 Flash,com.fasterxml.jackson.core.util.TextBuffer,0.0,0.0,COMPILE_ERROR,10,15.0,COMPILE_ERROR,benchmark_results.csv
JacksonCore,5,DeepSeek V4 Flash,com.fasterxml.jackson.core.JsonPointer,100.0,93.55,FLAKY_OR_REGRESSION,27,15.0,DONE,benchmark_results.csv
JacksonCore,6,DeepSeek V4 Flash,com.fasterxml.jackson.core.JsonPointer,100.0,95.16,FLAKY_OR_REGRESSION,18,15.0,DONE,benchmark_results.csv
JacksonCore,7,DeepSeek V4 Flash,com.fasterxml.jackson.core.json.JsonWriteContext,0.0,0.0,COMPILE_ERROR,10,15.0,COMPILE_ERROR,benchmark_results.csv
JacksonCore,8,DeepSeek V4 Flash,com.fasterxml.jackson.core.util.TextBuffer,0.0,0.0,COMPILE_ERROR,10,15.0,COMPILE_ERROR,benchmark_results.csv
JacksonCore,9,DeepSeek V4 Flash,com.fasterxml.jackson.core.base.ParserMinimalBase;com.fasterxml.jackson.core.json.ReaderBasedJsonParser;com.fasterxml.jackson.core.json.UTF8StreamJsonParser,0.0,0.0,COMPILE_ERROR,10,15.0,COMPILE_ERROR,benchmark_results.csv
JacksonCore,10,DeepSeek V4 Flash,com.fasterxml.jackson.core.sym.ByteQuadsCanonicalizer,0.0,0.0,COMPILE_ERROR,10,15.0,COMPILE_ERROR,benchmark_results.csv
JacksonCore,11,DeepSeek V4 Flash,com.fasterxml.jackson.core.sym.ByteQuadsCanonicalizer,0.0,0.0,COMPILE_ERROR,10,15.0,COMPILE_ERROR,benchmark_results.csv
JacksonCore,12,DeepSeek V4 Flash,com.fasterxml.jackson.core.json.ReaderBasedJsonParser;com.fasterxml.jackson.core.json.UTF8StreamJsonParser,0.0,0.0,COMPILE_ERROR,10,15.0,COMPILE_ERROR,benchmark_results.csv
JacksonCore,13,DeepSeek V4 Flash,com.fasterxml.jackson.core.json.JsonGeneratorImpl,0.0,0.0,COMPILE_ERROR,10,15.0,COMPILE_ERROR,benchmark_results.csv
JacksonCore,14,DeepSeek V4 Flash,com.fasterxml.jackson.core.io.IOContext,0.0,0.0,COMPILE_ERROR,10,15.0,COMPILE_ERROR,benchmark_results.csv
JacksonCore,15,DeepSeek V4 Flash,com.fasterxml.jackson.core.filter.FilteringParserDelegate,0.0,0.0,COMPILE_ERROR,10,15.0,COMPILE_ERROR,benchmark_results.csv
JacksonCore,16,DeepSeek V4 Flash,com.fasterxml.jackson.core.util.JsonParserSequence,0.0,0.0,COMPILE_ERROR,10,15.0,COMPILE_ERROR,benchmark_results.csv
JacksonCore,17,DeepSeek V4 Flash,com.fasterxml.jackson.core.json.UTF8JsonGenerator,0.0,0.0,COMPILE_ERROR,10,15.0,COMPILE_ERROR,benchmark_results.csv
JacksonCore,18,DeepSeek V4 Flash,com.fasterxml.jackson.core.base.GeneratorBase;com.fasterxml.jackson.core.json.UTF8JsonGenerator;com.fasterxml.jackson.core.json.WriterBasedJsonGenerator,0.0,0.0,COMPILE_ERROR,10,15.0,COMPILE_ERROR,benchmark_results.csv
JacksonCore,19,DeepSeek V4 Flash,com.fasterxml.jackson.core.json.ReaderBasedJsonParser;com.fasterxml.jackson.core.json.UTF8StreamJsonParser,0.0,0.0,COMPILE_ERROR,10,15.0,COMPILE_ERROR,benchmark_results.csv
JacksonCore,20,DeepSeek V4 Flash,com.fasterxml.jackson.core.JsonGenerator,0.0,0.0,COMPILE_ERROR,10,15.0,COMPILE_ERROR,benchmark_results.csv
JacksonCore,21,DeepSeek V4 Flash,com.fasterxml.jackson.core.filter.FilteringParserDelegate,0.0,0.0,COMPILE_ERROR,10,15.0,COMPILE_ERROR,benchmark_results.csv
JacksonCore,22,DeepSeek V4 Flash,com.fasterxml.jackson.core.filter.FilteringParserDelegate,0.0,0.0,COMPILE_ERROR,10,15.0,COMPILE_ERROR,benchmark_results.csv
JacksonCore,23,DeepSeek V4 Flash,com.fasterxml.jackson.core.util.DefaultPrettyPrinter,0.0,0.0,COMPILE_ERROR,10,15.0,COMPILE_ERROR,benchmark_results.csv
JacksonCore,24,DeepSeek V4 Flash,com.fasterxml.jackson.core.base.ParserBase;com.fasterxml.jackson.core.base.ParserMinimalBase,0.0,0.0,COMPILE_ERROR,10,15.0,COMPILE_ERROR,benchmark_results.csv
JacksonCore,25,DeepSeek V4 Flash,com.fasterxml.jackson.core.json.ReaderBasedJsonParser,0.0,0.0,COMPILE_ERROR,10,15.0,COMPILE_ERROR,benchmark_results.csv
JacksonCore,26,DeepSeek V4 Flash,com.fasterxml.jackson.core.json.async.NonBlockingJsonParser,42.44,34.07,FLAKY_OR_REGRESSION,48,15.0,DONE,benchmark_results.csv
Mockito,1,DeepSeek V4 Flash,org.mockito.internal.invocation.InvocationMatcher,0.0,0.0,COMPILE_ERROR,10,15.0,COMPILE_ERROR,benchmark_results.csv
Mockito,1,Gemini 3.8 Flash,org.mockito.internal.invocation.InvocationMatcher,0.0,0.0,COMPILE_ERROR,10,6.0,COMPILE_ERROR,benchmark_results.csv
Mockito,2,DeepSeek V4 Flash,org.mockito.internal.util.Timer,100.0,50.0,FLAKY_OR_REGRESSION,17,15.0,DONE,benchmark_results.csv
Mockito,3,DeepSeek V4 Flash,org.mockito.internal.invocation.InvocationMatcher,0.0,0.0,COMPILE_ERROR,10,15.0,COMPILE_ERROR,benchmark_results.csv
Mockito,4,DeepSeek V4 Flash,org.mockito.exceptions.Reporter,0.0,0.0,COMPILE_ERROR,10,15.0,COMPILE_ERROR,benchmark_results.csv
Mockito,5,DeepSeek V4 Flash,org.mockito.internal.verification.VerificationOverTimeImpl,0.0,0.0,COMPILE_ERROR,10,15.0,COMPILE_ERROR,benchmark_results.csv
Mockito,6,DeepSeek V4 Flash,org.mockito.Matchers,0.0,0.0,COMPILE_ERROR,10,15.0,COMPILE_ERROR,benchmark_results.csv
Mockito,7,DeepSeek V4 Flash,org.mockito.internal.util.reflection.GenericMetadataSupport,0.0,0.0,COMPILE_ERROR,10,15.0,COMPILE_ERROR,benchmark_results.csv
Mockito,8,DeepSeek V4 Flash,org.mockito.internal.util.reflection.GenericMetadataSupport,0.0,0.0,COMPILE_ERROR,10,15.0,COMPILE_ERROR,benchmark_results.csv
Mockito,9,DeepSeek V4 Flash,org.mockito.internal.stubbing.answers.CallsRealMethods,0.0,0.0,COMPILE_ERROR,10,15.0,COMPILE_ERROR,benchmark_results.csv
Mockito,10,DeepSeek V4 Flash,org.mockito.internal.stubbing.defaultanswers.ReturnsDeepStubs,0.0,0.0,COMPILE_ERROR,10,15.0,COMPILE_ERROR,benchmark_results.csv
Mockito,11,DeepSeek V4 Flash,org.mockito.internal.creation.DelegatingMethod,100.0,33.33,FLAKY_OR_REGRESSION,13,15.0,DONE,benchmark_results.csv
Mockito,12,DeepSeek V4 Flash,org.mockito.internal.util.reflection.GenericMaster,100.0,75.0,FLAKY_OR_REGRESSION,13,15.0,DONE,benchmark_results.csv
Mockito,13,DeepSeek V4 Flash,org.mockito.internal.MockHandler,0.0,0.0,COMPILE_ERROR,10,15.0,COMPILE_ERROR,benchmark_results.csv
Mockito,14,DeepSeek V4 Flash,org.mockito.internal.MockHandler;org.mockito.internal.MockitoCore,0.0,0.0,COMPILE_ERROR,10,15.0,COMPILE_ERROR,benchmark_results.csv
Mockito,15,DeepSeek V4 Flash,org.mockito.internal.configuration.injection.FinalMockCandidateFilter,100.0,100.0,FLAKY_OR_REGRESSION,13,15.0,DONE,benchmark_results.csv
Mockito,16,DeepSeek V4 Flash,org.mockito.internal.MockitoCore;org.mockito.Mockito,0.0,0.0,COMPILE_ERROR,10,15.0,COMPILE_ERROR,benchmark_results.csv
Mockito,17,DeepSeek V4 Flash,org.mockito.internal.creation.MockSettingsImpl;org.mockito.internal.util.MockUtil,0.0,0.0,COMPILE_ERROR,10,15.0,COMPILE_ERROR,benchmark_results.csv
Mockito,18,DeepSeek V4 Flash,org.mockito.internal.stubbing.defaultanswers.ReturnsEmptyValues,0.0,0.0,COMPILE_ERROR,10,15.0,COMPILE_ERROR,benchmark_results.csv
Mockito,19,DeepSeek V4 Flash,org.mockito.internal.configuration.injection.filter.FinalMockCandidateFilter;org.mockito.internal.configuration.injection.filter.MockCandidateFilter;org.mockito.internal.configuration.injection.filter.NameBasedCandidateFilter;org.mockito.internal.configuration.injection.filter.TypeBasedCandidateFilter;org.mockito.internal.configuration.injection.PropertyAndSetterInjection,0.0,0.0,COMPILE_ERROR,10,15.0,COMPILE_ERROR,benchmark_results.csv
Mockito,20,DeepSeek V4 Flash,org.mockito.internal.creation.bytebuddy.ByteBuddyMockMaker,0.0,0.0,COMPILE_ERROR,10,15.0,COMPILE_ERROR,benchmark_results.csv
Mockito,21,DeepSeek V4 Flash,org.mockito.internal.creation.instance.ConstructorInstantiator,100.0,100.0,NOT_DETECTED,10,15.0,DONE,benchmark_results.csv
Mockito,22,DeepSeek V4 Flash,org.mockito.internal.matchers.Equality,0.0,0.0,COMPILE_ERROR,10,15.0,COMPILE_ERROR,benchmark_results.csv
Mockito,23,DeepSeek V4 Flash,org.mockito.internal.stubbing.defaultanswers.ReturnsDeepStubs,0.0,0.0,COMPILE_ERROR,10,15.0,COMPILE_ERROR,benchmark_results.csv
Mockito,24,DeepSeek V4 Flash,org.mockito.internal.stubbing.defaultanswers.ReturnsEmptyValues,0.0,0.0,COMPILE_ERROR,10,15.0,COMPILE_ERROR,benchmark_results.csv
Mockito,25,DeepSeek V4 Flash,org.mockito.internal.stubbing.defaultanswers.ReturnsDeepStubs,0.0,0.0,COMPILE_ERROR,10,15.0,COMPILE_ERROR,benchmark_results.csv
Mockito,26,DeepSeek V4 Flash,org.mockito.internal.util.Primitives,0.0,0.0,COMPILE_ERROR,10,15.0,COMPILE_ERROR,benchmark_results.csv
Mockito,27,DeepSeek V4 Flash,org.mockito.internal.util.MockUtil,0.0,0.0,COMPILE_ERROR,10,15.0,COMPILE_ERROR,benchmark_results.csv
Mockito,28,DeepSeek V4 Flash,org.mockito.internal.configuration.DefaultInjectionEngine,0.0,0.0,COMPILE_ERROR,10,15.0,COMPILE_ERROR,benchmark_results.csv
Mockito,29,DeepSeek V4 Flash,org.mockito.internal.matchers.Same,0.0,0.0,COMPILE_ERROR,10,15.0,COMPILE_ERROR,benchmark_results.csv
Mockito,30,DeepSeek V4 Flash,org.mockito.exceptions.Reporter;org.mockito.internal.stubbing.defaultanswers.ReturnsSmartNulls,0.0,0.0,COMPILE_ERROR,10,15.0,COMPILE_ERROR,benchmark_results.csv
Mockito,31,DeepSeek V4 Flash,org.mockito.internal.stubbing.defaultanswers.ReturnsSmartNulls,0.0,0.0,COMPILE_ERROR,10,15.0,COMPILE_ERROR,benchmark_results.csv
Mockito,32,DeepSeek V4 Flash,org.mockito.internal.configuration.SpyAnnotationEngine,0.0,0.0,COMPILE_ERROR,10,15.0,COMPILE_ERROR,benchmark_results.csv
Mockito,33,DeepSeek V4 Flash,org.mockito.internal.invocation.InvocationMatcher,0.0,0.0,COMPILE_ERROR,10,15.0,COMPILE_ERROR,benchmark_results.csv
Mockito,34,DeepSeek V4 Flash,org.mockito.internal.invocation.InvocationMatcher,0.0,0.0,COMPILE_ERROR,10,15.0,COMPILE_ERROR,benchmark_results.csv
Mockito,35,DeepSeek V4 Flash,org.mockito.Matchers,0.0,0.0,COMPILE_ERROR,10,15.0,COMPILE_ERROR,benchmark_results.csv
Mockito,36,DeepSeek V4 Flash,org.mockito.internal.invocation.Invocation,0.0,0.0,COMPILE_ERROR,10,15.0,COMPILE_ERROR,benchmark_results.csv
Mockito,37,DeepSeek V4 Flash,org.mockito.internal.stubbing.answers.AnswersValidator,0.0,0.0,COMPILE_ERROR,10,15.0,COMPILE_ERROR,benchmark_results.csv
Mockito,38,DeepSeek V4 Flash,org.mockito.internal.verification.argumentmatching.ArgumentMatchingTool,0.0,0.0,COMPILE_ERROR,10,15.0,COMPILE_ERROR,benchmark_results.csv
JacksonDatabind,1,DeepSeek V4 Flash,com.fasterxml.jackson.databind.ser.BeanPropertyWriter,0.0,0.0,COMPILE_ERROR,10,15.0,COMPILE_ERROR,benchmark_results.csv
JacksonDatabind,1,Gemini 3.8 Flash,com.fasterxml.jackson.databind.ser.BeanPropertyWriter,0.0,0.0,COMPILE_ERROR,10,6.0,COMPILE_ERROR,benchmark_results.csv
JacksonDatabind,2,DeepSeek V4 Flash,com.fasterxml.jackson.databind.util.TokenBuffer,0.0,0.0,COMPILE_ERROR,10,15.0,COMPILE_ERROR,benchmark_results.csv
JacksonDatabind,3,DeepSeek V4 Flash,com.fasterxml.jackson.databind.deser.std.StringArrayDeserializer,0.0,0.0,COMPILE_ERROR,10,15.0,COMPILE_ERROR,benchmark_results.csv
JacksonDatabind,4,DeepSeek V4 Flash,com.fasterxml.jackson.databind.deser.std.StringArrayDeserializer,93.55,83.33,FLAKY_OR_REGRESSION,14,15.0,DONE,benchmark_results.csv
JacksonDatabind,5,DeepSeek V4 Flash,com.fasterxml.jackson.databind.introspect.AnnotatedClass,0.0,0.0,COMPILE_ERROR,10,15.0,COMPILE_ERROR,benchmark_results.csv
JacksonDatabind,6,DeepSeek V4 Flash,com.fasterxml.jackson.databind.util.StdDateFormat,0.0,0.0,COMPILE_ERROR,10,15.0,COMPILE_ERROR,benchmark_results.csv
JacksonDatabind,7,DeepSeek V4 Flash,com.fasterxml.jackson.databind.util.TokenBuffer,0.0,0.0,COMPILE_ERROR,10,15.0,COMPILE_ERROR,benchmark_results.csv
JacksonDatabind,8,DeepSeek V4 Flash,com.fasterxml.jackson.databind.deser.impl.CreatorCollector,0.0,0.0,COMPILE_ERROR,10,15.0,COMPILE_ERROR,benchmark_results.csv
JacksonDatabind,9,DeepSeek V4 Flash,com.fasterxml.jackson.databind.ser.std.StdKeySerializer,0.0,0.0,COMPILE_ERROR,10,15.0,COMPILE_ERROR,benchmark_results.csv
JacksonDatabind,10,DeepSeek V4 Flash,com.fasterxml.jackson.databind.ser.AnyGetterWriter;com.fasterxml.jackson.databind.ser.BeanSerializerFactory,0.0,0.0,COMPILE_ERROR,10,15.0,COMPILE_ERROR,benchmark_results.csv
JacksonDatabind,11,DeepSeek V4 Flash,com.fasterxml.jackson.databind.type.TypeFactory,0.0,0.0,COMPILE_ERROR,10,15.0,COMPILE_ERROR,benchmark_results.csv
JacksonDatabind,12,DeepSeek V4 Flash,com.fasterxml.jackson.databind.deser.std.MapDeserializer,0.0,0.0,COMPILE_ERROR,10,15.0,COMPILE_ERROR,benchmark_results.csv
JacksonDatabind,13,DeepSeek V4 Flash,com.fasterxml.jackson.databind.deser.DefaultDeserializationContext;com.fasterxml.jackson.databind.deser.impl.ObjectIdValueProperty,0.0,0.0,COMPILE_ERROR,10,15.0,COMPILE_ERROR,benchmark_results.csv
JacksonDatabind,14,DeepSeek V4 Flash,com.fasterxml.jackson.databind.ObjectReader,0.0,0.0,COMPILE_ERROR,10,15.0,COMPILE_ERROR,benchmark_results.csv
JacksonDatabind,15,DeepSeek V4 Flash,com.fasterxml.jackson.databind.JavaType;com.fasterxml.jackson.databind.ser.BeanSerializerFactory;com.fasterxml.jackson.databind.ser.std.BeanSerializerBase;com.fasterxml.jackson.databind.ser.std.StdDelegatingSerializer;com.fasterxml.jackson.databind.ser.std.StdSerializer,0.0,0.0,COMPILE_ERROR,10,15.0,COMPILE_ERROR,benchmark_results.csv
JacksonDatabind,16,DeepSeek V4 Flash,com.fasterxml.jackson.databind.introspect.AnnotationMap,100.0,86.11,FLAKY_OR_REGRESSION,12,15.0,DONE,benchmark_results.csv
JacksonDatabind,17,DeepSeek V4 Flash,com.fasterxml.jackson.databind.ObjectMapper,0.0,0.0,COMPILE_ERROR,10,15.0,COMPILE_ERROR,benchmark_results.csv
JacksonDatabind,18,DeepSeek V4 Flash,com.fasterxml.jackson.databind.MappingIterator,0.0,0.0,COMPILE_ERROR,10,15.0,COMPILE_ERROR,benchmark_results.csv
JacksonDatabind,19,DeepSeek V4 Flash,com.fasterxml.jackson.databind.type.TypeFactory,0.0,0.0,COMPILE_ERROR,10,15.0,COMPILE_ERROR,benchmark_results.csv
JacksonDatabind,20,DeepSeek V4 Flash,com.fasterxml.jackson.databind.node.ObjectNode,0.0,0.0,COMPILE_ERROR,10,15.0,COMPILE_ERROR,benchmark_results.csv
JacksonDatabind,21,DeepSeek V4 Flash,com.fasterxml.jackson.databind.introspect.JacksonAnnotationIntrospector,0.0,0.0,COMPILE_ERROR,10,15.0,COMPILE_ERROR,benchmark_results.csv
JacksonDatabind,22,DeepSeek V4 Flash,com.fasterxml.jackson.databind.ser.BasicSerializerFactory;com.fasterxml.jackson.databind.ser.BeanSerializerFactory,0.0,0.0,COMPILE_ERROR,10,15.0,COMPILE_ERROR,benchmark_results.csv
JacksonDatabind,23,DeepSeek V4 Flash,com.fasterxml.jackson.databind.ser.std.NumberSerializers,0.0,0.0,COMPILE_ERROR,10,15.0,COMPILE_ERROR,benchmark_results.csv
JacksonDatabind,24,DeepSeek V4 Flash,com.fasterxml.jackson.databind.cfg.BaseSettings,0.0,0.0,COMPILE_ERROR,10,15.0,COMPILE_ERROR,benchmark_results.csv
JacksonDatabind,25,DeepSeek V4 Flash,com.fasterxml.jackson.databind.deser.BasicDeserializerFactory;com.fasterxml.jackson.databind.deser.DeserializerCache;com.fasterxml.jackson.databind.jsontype.impl.TypeDeserializerBase;com.fasterxml.jackson.databind.module.SimpleAbstractTypeResolver,0.0,0.0,COMPILE_ERROR,10,15.0,COMPILE_ERROR,benchmark_results.csv
JacksonDatabind,26,DeepSeek V4 Flash,com.fasterxml.jackson.databind.ser.BeanPropertyWriter,0.0,0.0,COMPILE_ERROR,10,15.0,COMPILE_ERROR,benchmark_results.csv
JacksonDatabind,27,DeepSeek V4 Flash,com.fasterxml.jackson.databind.deser.BeanDeserializer,0.0,0.0,COMPILE_ERROR,10,15.0,COMPILE_ERROR,benchmark_results.csv
Math,1,DeepSeek V4 Flash,org.apache.commons.math3.fraction.BigFraction;org.apache.commons.math3.fraction.Fraction,0.0,0.0,COMPILE_ERROR,10,15.0,COMPILE_ERROR,benchmark_results.csv
Math,1,Gemini 3.8 Flash,org.apache.commons.math3.fraction.BigFraction;org.apache.commons.math3.fraction.Fraction,0.0,0.0,COMPILE_ERROR,10,6.0,COMPILE_ERROR,benchmark_results.csv
Math,3,DeepSeek V4 Flash,org.apache.commons.math3.util.MathArrays,0.0,0.0,COMPILE_ERROR,10,15.0,COMPILE_ERROR,benchmark_results.csv
Math,4,DeepSeek V4 Flash,org.apache.commons.math3.geometry.euclidean.threed.SubLine;org.apache.commons.math3.geometry.euclidean.twod.SubLine,0.0,0.0,COMPILE_ERROR,10,15.0,COMPILE_ERROR,benchmark_results.csv
Math,4,Gemini 3.8 Flash,org.apache.commons.math3.geometry.euclidean.threed.SubLine;org.apache.commons.math3.geometry.euclidean.twod.SubLine,0.0,0.0,COMPILE_ERROR,10,6.0,COMPILE_ERROR,benchmark_results.csv
Math,6,DeepSeek V4 Flash,org.apache.commons.math3.optim.BaseOptimizer;org.apache.commons.math3.optim.nonlinear.scalar.gradient.NonLinearConjugateGradientOptimizer;org.apache.commons.math3.optim.nonlinear.scalar.noderiv.CMAESOptimizer;org.apache.commons.math3.optim.nonlinear.scalar.noderiv.PowellOptimizer;org.apache.commons.math3.optim.nonlinear.scalar.noderiv.SimplexOptimizer;org.apache.commons.math3.optim.nonlinear.vector.jacobian.GaussNewtonOptimizer;org.apache.commons.math3.optim.nonlinear.vector.jacobian.LevenbergMarquardtOptimizer,0.0,0.0,COMPILE_ERROR,10,15.0,COMPILE_ERROR,benchmark_results.csv
Math,6,Gemini 3.8 Flash,org.apache.commons.math3.optim.BaseOptimizer;org.apache.commons.math3.optim.nonlinear.scalar.gradient.NonLinearConjugateGradientOptimizer;org.apache.commons.math3.optim.nonlinear.scalar.noderiv.CMAESOptimizer;org.apache.commons.math3.optim.nonlinear.scalar.noderiv.PowellOptimizer;org.apache.commons.math3.optim.nonlinear.scalar.noderiv.SimplexOptimizer;org.apache.commons.math3.optim.nonlinear.vector.jacobian.GaussNewtonOptimizer;org.apache.commons.math3.optim.nonlinear.vector.jacobian.LevenbergMarquardtOptimizer,0.0,0.0,COMPILE_ERROR,10,6.0,COMPILE_ERROR,benchmark_results.csv
Math,7,DeepSeek V4 Flash,org.apache.commons.math3.ode.AbstractIntegrator,0.0,0.0,COMPILE_ERROR,10,15.0,COMPILE_ERROR,benchmark_results.csv
Math,7,Gemini 3.8 Flash,org.apache.commons.math3.ode.AbstractIntegrator,0.0,0.0,COMPILE_ERROR,10,6.0,COMPILE_ERROR,benchmark_results.csv
Math,8,DeepSeek V4 Flash,org.apache.commons.math3.distribution.DiscreteDistribution,0.0,0.0,COMPILE_ERROR,10,15.0,COMPILE_ERROR,benchmark_results.csv
Math,8,Gemini 3.8 Flash,org.apache.commons.math3.distribution.DiscreteDistribution,97.5,95.83,BUG_DETECTED,12,6.0,DONE,benchmark_results.csv
Math,9,DeepSeek V4 Flash,org.apache.commons.math3.geometry.euclidean.threed.Line,0.0,0.0,COMPILE_ERROR,10,15.0,COMPILE_ERROR,benchmark_results.csv
Math,9,Gemini 3.8 Flash,org.apache.commons.math3.geometry.euclidean.threed.Line,0.0,0.0,COMPILE_ERROR,10,6.0,COMPILE_ERROR,benchmark_results.csv
Math,10,DeepSeek V4 Flash,org.apache.commons.math3.analysis.differentiation.DSCompiler,0.0,0.0,COMPILE_ERROR,10,15.0,COMPILE_ERROR,benchmark_results.csv
Math,10,Gemini 3.8 Flash,org.apache.commons.math3.analysis.differentiation.DSCompiler,100.0,95.1,BUG_DETECTED,11,6.0,DONE,benchmark_results.csv
Math,11,DeepSeek V4 Flash,org.apache.commons.math3.distribution.MultivariateNormalDistribution,0.0,0.0,COMPILE_ERROR,10,15.0,COMPILE_ERROR,benchmark_results.csv
Math,11,Gemini 3.8 Flash,org.apache.commons.math3.distribution.MultivariateNormalDistribution,0.0,0.0,COMPILE_ERROR,10,6.0,COMPILE_ERROR,benchmark_results.csv
Math,12,DeepSeek V4 Flash,org.apache.commons.math3.random.BitsStreamGenerator,0.0,0.0,COMPILE_ERROR,10,15.0,COMPILE_ERROR,benchmark_results.csv
Math,12,Gemini 3.8 Flash,org.apache.commons.math3.random.BitsStreamGenerator,100.0,100.0,BUG_DETECTED,11,6.0,DONE,benchmark_results.csv
Math,13,DeepSeek V4 Flash,org.apache.commons.math3.optimization.general.AbstractLeastSquaresOptimizer,0.0,0.0,COMPILE_ERROR,10,15.0,COMPILE_ERROR,benchmark_results.csv
Math,13,Gemini 3.8 Flash,org.apache.commons.math3.optimization.general.AbstractLeastSquaresOptimizer,0.0,0.0,NOT_DETECTED,10,6.0,DONE,benchmark_results.csv
Math,14,DeepSeek V4 Flash,org.apache.commons.math3.optim.nonlinear.vector.jacobian.AbstractLeastSquaresOptimizer;org.apache.commons.math3.optim.nonlinear.vector.Weight,0.0,0.0,COMPILE_ERROR,10,15.0,COMPILE_ERROR,benchmark_results.csv
Math,14,Gemini 3.8 Flash,org.apache.commons.math3.optim.nonlinear.vector.jacobian.AbstractLeastSquaresOptimizer;org.apache.commons.math3.optim.nonlinear.vector.Weight,0.0,0.0,COMPILE_ERROR,10,6.0,COMPILE_ERROR,benchmark_results.csv
Math,15,Gemini 3.8 Flash,org.apache.commons.math3.util.FastMath,0.0,0.0,COMPILE_ERROR,10,6.0,COMPILE_ERROR,benchmark_results.csv
Math,16,Gemini 3.8 Flash,org.apache.commons.math3.util.FastMath,88.27,72.91,FLAKY_OR_REGRESSION,13,6.0,DONE,benchmark_results.csv
Math,17,DeepSeek V4 Flash,org.apache.commons.math3.dfp.Dfp,0.0,0.0,COMPILE_ERROR,10,15.0,COMPILE_ERROR,benchmark_results.csv
Math,17,Gemini 3.8 Flash,org.apache.commons.math3.dfp.Dfp,0.0,0.0,COMPILE_ERROR,10,6.0,COMPILE_ERROR,benchmark_results.csv
Math,18,Gemini 3.8 Flash,org.apache.commons.math3.optimization.direct.CMAESOptimizer,95.1,87.32,FLAKY_OR_REGRESSION,11,6.0,DONE,benchmark_results.csv
Math,19,Gemini 3.8 Flash,org.apache.commons.math3.optimization.direct.CMAESOptimizer,0.0,0.0,COMPILE_ERROR,10,6.0,COMPILE_ERROR,benchmark_results.csv
Math,20,DeepSeek V4 Flash,org.apache.commons.math3.optimization.direct.CMAESOptimizer,0.0,0.0,COMPILE_ERROR,10,15.0,COMPILE_ERROR,benchmark_results.csv
Math,20,Gemini 3.8 Flash,org.apache.commons.math3.optimization.direct.CMAESOptimizer,93.8,86.94,BUG_DETECTED,12,6.0,DONE,benchmark_results.csv
Math,21,Gemini 3.8 Flash,org.apache.commons.math3.linear.RectangularCholeskyDecomposition,0.0,0.0,COMPILE_ERROR,10,6.0,COMPILE_ERROR,benchmark_results.csv
Math,22,DeepSeek V4 Flash,org.apache.commons.math3.distribution.FDistribution;org.apache.commons.math3.distribution.UniformRealDistribution,0.0,0.0,COMPILE_ERROR,10,15.0,COMPILE_ERROR,benchmark_results.csv
Math,22,Gemini 3.8 Flash,org.apache.commons.math3.distribution.FDistribution;org.apache.commons.math3.distribution.UniformRealDistribution,100.0,100.0,FLAKY_OR_REGRESSION,13,6.0,DONE,benchmark_results.csv
Math,23,Gemini 3.8 Flash,org.apache.commons.math3.optimization.univariate.BrentOptimizer,98.35,95.95,BUG_DETECTED,12,6.0,DONE,benchmark_results.csv
Math,24,DeepSeek V4 Flash,org.apache.commons.math3.optimization.univariate.BrentOptimizer,0.0,0.0,COMPILE_ERROR,10,15.0,COMPILE_ERROR,benchmark_results.csv
Math,24,Gemini 3.8 Flash,org.apache.commons.math3.optimization.univariate.BrentOptimizer,100.0,98.65,FLAKY_OR_REGRESSION,11,6.0,DONE,benchmark_results.csv
Math,25,DeepSeek V4 Flash,org.apache.commons.math3.optimization.fitting.HarmonicFitter,0.0,0.0,COMPILE_ERROR,10,15.0,COMPILE_ERROR,benchmark_results.csv
Math,25,Gemini 3.8 Flash,org.apache.commons.math3.optimization.fitting.HarmonicFitter,98.94,89.29,FLAKY_OR_REGRESSION,12,6.0,DONE,benchmark_results.csv
Math,26,DeepSeek V4 Flash,org.apache.commons.math3.fraction.Fraction,0.0,0.0,COMPILE_ERROR,10,15.0,COMPILE_ERROR,benchmark_results.csv
Math,26,Gemini 3.8 Flash,org.apache.commons.math3.fraction.Fraction,0.0,0.0,COMPILE_ERROR,10,6.0,COMPILE_ERROR,benchmark_results.csv
Math,27,DeepSeek V4 Flash,org.apache.commons.math3.fraction.Fraction,0.0,0.0,COMPILE_ERROR,10,15.0,COMPILE_ERROR,benchmark_results.csv
Math,27,Gemini 3.8 Flash,org.apache.commons.math3.fraction.Fraction,0.0,0.0,COMPILE_ERROR,10,6.0,COMPILE_ERROR,benchmark_results.csv
Math,28,Gemini 3.8 Flash,org.apache.commons.math3.optimization.linear.SimplexSolver,100.0,95.83,NOT_DETECTED,10,6.0,DONE,benchmark_results.csv
Math,29,DeepSeek V4 Flash,org.apache.commons.math3.linear.OpenMapRealVector,0.0,0.0,COMPILE_ERROR,10,15.0,COMPILE_ERROR,benchmark_results.csv
Math,29,Gemini 3.8 Flash,org.apache.commons.math3.linear.OpenMapRealVector,0.0,0.0,COMPILE_ERROR,10,6.0,COMPILE_ERROR,benchmark_results.csv
Math,30,Gemini 3.8 Flash,org.apache.commons.math3.stat.inference.MannWhitneyUTest,100.0,100.0,BUG_DETECTED,11,6.0,DONE,benchmark_results.csv
Math,31,Gemini 3.8 Flash,org.apache.commons.math3.util.ContinuedFraction,98.31,83.33,FLAKY_OR_REGRESSION,11,6.0,DONE,benchmark_results.csv
Math,32,DeepSeek V4 Flash,org.apache.commons.math3.geometry.euclidean.twod.PolygonsSet,0.0,0.0,COMPILE_ERROR,10,15.0,COMPILE_ERROR,benchmark_results.csv
Math,32,Gemini 3.8 Flash,org.apache.commons.math3.geometry.euclidean.twod.PolygonsSet,0.0,0.0,COMPILE_ERROR,10,6.0,COMPILE_ERROR,benchmark_results.csv
Math,33,DeepSeek V4 Flash,org.apache.commons.math3.optimization.linear.SimplexTableau,0.0,0.0,COMPILE_ERROR,10,15.0,COMPILE_ERROR,benchmark_results.csv
Math,33,Gemini 3.8 Flash,org.apache.commons.math3.optimization.linear.SimplexTableau,0.0,0.0,COMPILE_ERROR,10,6.0,COMPILE_ERROR,benchmark_results.csv
Math,34,DeepSeek V4 Flash,org.apache.commons.math3.genetics.ListPopulation,0.0,0.0,COMPILE_ERROR,10,15.0,COMPILE_ERROR,benchmark_results.csv
Math,34,Gemini 3.8 Flash,org.apache.commons.math3.genetics.ListPopulation,0.0,0.0,COMPILE_ERROR,10,6.0,COMPILE_ERROR,benchmark_results.csv
Math,35,DeepSeek V4 Flash,org.apache.commons.math3.genetics.ElitisticListPopulation,0.0,0.0,COMPILE_ERROR,10,15.0,COMPILE_ERROR,benchmark_results.csv
Math,35,Gemini 3.8 Flash,org.apache.commons.math3.genetics.ElitisticListPopulation,0.0,0.0,COMPILE_ERROR,10,6.0,COMPILE_ERROR,benchmark_results.csv
Math,36,DeepSeek V4 Flash,org.apache.commons.math.fraction.BigFraction,0.0,0.0,COMPILE_ERROR,10,15.0,COMPILE_ERROR,benchmark_results.csv
Math,36,Gemini 3.8 Flash,org.apache.commons.math.fraction.BigFraction,0.0,0.0,COMPILE_ERROR,10,6.0,COMPILE_ERROR,benchmark_results.csv
Math,37,DeepSeek V4 Flash,org.apache.commons.math.complex.Complex,0.0,0.0,COMPILE_ERROR,10,15.0,COMPILE_ERROR,benchmark_results.csv
Math,37,Gemini 3.8 Flash,org.apache.commons.math.complex.Complex,0.0,0.0,COMPILE_ERROR,10,6.0,COMPILE_ERROR,benchmark_results.csv
Math,38,DeepSeek V4 Flash,org.apache.commons.math.optimization.direct.BOBYQAOptimizer,0.0,0.0,COMPILE_ERROR,10,15.0,COMPILE_ERROR,benchmark_results.csv
Math,38,Gemini 3.8 Flash,org.apache.commons.math.optimization.direct.BOBYQAOptimizer,91.17,87.5,FLAKY_OR_REGRESSION,15,6.0,DONE,benchmark_results.csv
Math,39,DeepSeek V4 Flash,org.apache.commons.math.ode.nonstiff.EmbeddedRungeKuttaIntegrator,0.0,0.0,COMPILE_ERROR,10,15.0,COMPILE_ERROR,benchmark_results.csv
Math,39,Gemini 3.8 Flash,org.apache.commons.math.ode.nonstiff.EmbeddedRungeKuttaIntegrator,100.0,100.0,BUG_DETECTED,12,6.0,DONE,benchmark_results.csv
Math,40,Gemini 3.8 Flash,org.apache.commons.math.analysis.solvers.BracketingNthOrderBrentSolver,0.0,0.0,COMPILE_ERROR,10,6.0,COMPILE_ERROR,benchmark_results.csv
Math,41,DeepSeek V4 Flash,org.apache.commons.math.stat.descriptive.moment.Variance,0.0,0.0,COMPILE_ERROR,10,15.0,COMPILE_ERROR,benchmark_results.csv
Math,41,Gemini 3.8 Flash,org.apache.commons.math.stat.descriptive.moment.Variance,97.32,82.61,FLAKY_OR_REGRESSION,13,6.0,DONE,benchmark_results.csv
Math,42,DeepSeek V4 Flash,org.apache.commons.math.optimization.linear.SimplexTableau,0.0,0.0,COMPILE_ERROR,10,15.0,COMPILE_ERROR,benchmark_results.csv
Math,42,Gemini 3.8 Flash,org.apache.commons.math.optimization.linear.SimplexTableau,98.36,93.33,NOT_DETECTED,10,6.0,DONE,benchmark_results.csv
Math,43,DeepSeek V4 Flash,org.apache.commons.math.stat.descriptive.SummaryStatistics,0.0,0.0,COMPILE_ERROR,10,15.0,COMPILE_ERROR,benchmark_results.csv
Math,43,Gemini 3.8 Flash,org.apache.commons.math.stat.descriptive.SummaryStatistics,0.0,0.0,COMPILE_ERROR,10,6.0,COMPILE_ERROR,benchmark_results.csv
Math,44,DeepSeek V4 Flash,org.apache.commons.math.ode.AbstractIntegrator,0.0,0.0,COMPILE_ERROR,10,15.0,COMPILE_ERROR,benchmark_results.csv
Math,44,Gemini 3.8 Flash,org.apache.commons.math.ode.AbstractIntegrator,0.0,0.0,COMPILE_ERROR,10,6.0,COMPILE_ERROR,benchmark_results.csv
Math,45,DeepSeek V4 Flash,org.apache.commons.math.linear.OpenMapRealMatrix,0.0,0.0,COMPILE_ERROR,10,15.0,COMPILE_ERROR,benchmark_results.csv
Math,45,Gemini 3.8 Flash,org.apache.commons.math.linear.OpenMapRealMatrix,100.0,100.0,BUG_DETECTED,11,6.0,DONE,benchmark_results.csv
Math,46,DeepSeek V4 Flash,org.apache.commons.math.complex.Complex,0.0,0.0,COMPILE_ERROR,10,15.0,COMPILE_ERROR,benchmark_results.csv
Math,46,Gemini 3.8 Flash,org.apache.commons.math.complex.Complex,99.01,97.97,FLAKY_OR_REGRESSION,14,6.0,DONE,benchmark_results.csv
Math,47,DeepSeek V4 Flash,org.apache.commons.math.complex.Complex,0.0,0.0,COMPILE_ERROR,10,15.0,COMPILE_ERROR,benchmark_results.csv
Math,47,Gemini 3.8 Flash,org.apache.commons.math.complex.Complex,96.52,85.92,FLAKY_OR_REGRESSION,11,6.0,DONE,benchmark_results.csv
Math,48,DeepSeek V4 Flash,org.apache.commons.math.analysis.solvers.BaseSecantSolver,0.0,0.0,COMPILE_ERROR,10,15.0,COMPILE_ERROR,benchmark_results.csv
Math,48,Gemini 3.8 Flash,org.apache.commons.math.analysis.solvers.BaseSecantSolver,90.41,63.04,BUG_DETECTED,11,6.0,DONE,benchmark_results.csv
Math,49,Gemini 3.8 Flash,org.apache.commons.math.linear.OpenMapRealVector,0.0,0.0,COMPILE_ERROR,10,6.0,COMPILE_ERROR,benchmark_results.csv
Math,50,DeepSeek V4 Flash,org.apache.commons.math.analysis.solvers.BaseSecantSolver,0.0,0.0,COMPILE_ERROR,10,15.0,COMPILE_ERROR,benchmark_results.csv
Math,50,Gemini 3.8 Flash,org.apache.commons.math.analysis.solvers.BaseSecantSolver,85.33,60.42,BUG_DETECTED,11,6.0,DONE,benchmark_results.csv
Math,51,Gemini 3.8 Flash,org.apache.commons.math.analysis.solvers.BaseSecantSolver,94.37,73.33,FLAKY_OR_REGRESSION,12,6.0,DONE,benchmark_results.csv
Math,52,DeepSeek V4 Flash,org.apache.commons.math.geometry.euclidean.threed.Rotation,0.0,0.0,COMPILE_ERROR,10,15.0,COMPILE_ERROR,benchmark_results.csv
Math,52,Gemini 3.8 Flash,org.apache.commons.math.geometry.euclidean.threed.Rotation,96.46,86.07,FLAKY_OR_REGRESSION,12,6.0,DONE,benchmark_results.csv
Math,53,DeepSeek V4 Flash,org.apache.commons.math.complex.Complex,0.0,0.0,COMPILE_ERROR,10,15.0,COMPILE_ERROR,benchmark_results.csv
Math,53,Gemini 3.8 Flash,org.apache.commons.math.complex.Complex,0.0,0.0,COMPILE_ERROR,10,6.0,COMPILE_ERROR,benchmark_results.csv
Math,54,Gemini 3.8 Flash,org.apache.commons.math.dfp.Dfp,89.36,78.1,FLAKY_OR_REGRESSION,14,6.0,DONE,benchmark_results.csv
Math,55,DeepSeek V4 Flash,org.apache.commons.math.geometry.Vector3D,0.0,0.0,COMPILE_ERROR,10,15.0,COMPILE_ERROR,benchmark_results.csv
Math,55,Gemini 3.8 Flash,org.apache.commons.math.geometry.Vector3D,100.0,95.83,BUG_DETECTED,11,6.0,DONE,benchmark_results.csv
Math,56,DeepSeek V4 Flash,org.apache.commons.math.util.MultidimensionalCounter,0.0,0.0,COMPILE_ERROR,10,15.0,COMPILE_ERROR,benchmark_results.csv
Math,56,Gemini 3.8 Flash,org.apache.commons.math.util.MultidimensionalCounter,98.67,97.06,BUG_DETECTED,13,6.0,DONE,benchmark_results.csv
Math,57,DeepSeek V4 Flash,org.apache.commons.math.stat.clustering.KMeansPlusPlusClusterer,0.0,0.0,COMPILE_ERROR,10,15.0,COMPILE_ERROR,benchmark_results.csv
Math,57,Gemini 3.8 Flash,org.apache.commons.math.stat.clustering.KMeansPlusPlusClusterer,79.17,77.78,FLAKY_OR_REGRESSION,12,6.0,DONE,benchmark_results.csv
Math,58,Gemini 3.8 Flash,org.apache.commons.math.optimization.fitting.GaussianFitter,0.0,0.0,COMPILE_ERROR,10,6.0,COMPILE_ERROR,benchmark_results.csv
Math,59,Gemini 3.8 Flash,org.apache.commons.math.util.FastMath,97.22,79.6,FLAKY_OR_REGRESSION,13,6.0,DONE,benchmark_results.csv
Math,60,Gemini 3.8 Flash,org.apache.commons.math.distribution.NormalDistributionImpl,87.23,77.78,FLAKY_OR_REGRESSION,13,6.0,DONE,benchmark_results.csv
Math,61,DeepSeek V4 Flash,org.apache.commons.math.distribution.PoissonDistributionImpl,0.0,0.0,COMPILE_ERROR,10,15.0,COMPILE_ERROR,benchmark_results.csv
Math,61,Gemini 3.8 Flash,org.apache.commons.math.distribution.PoissonDistributionImpl,100.0,100.0,FLAKY_OR_REGRESSION,14,6.0,DONE,benchmark_results.csv
Math,62,DeepSeek V4 Flash,org.apache.commons.math.optimization.univariate.MultiStartUnivariateRealOptimizer,0.0,0.0,COMPILE_ERROR,10,15.0,COMPILE_ERROR,benchmark_results.csv
Math,62,Gemini 3.8 Flash,org.apache.commons.math.optimization.univariate.MultiStartUnivariateRealOptimizer,0.0,0.0,COMPILE_ERROR,10,6.0,COMPILE_ERROR,benchmark_results.csv
Math,63,DeepSeek V4 Flash,org.apache.commons.math.util.MathUtils,0.0,0.0,COMPILE_ERROR,10,15.0,COMPILE_ERROR,benchmark_results.csv
Math,63,Gemini 3.8 Flash,org.apache.commons.math.util.MathUtils,0.0,0.0,COMPILE_ERROR,10,6.0,COMPILE_ERROR,benchmark_results.csv
Math,64,Gemini 3.8 Flash,org.apache.commons.math.optimization.general.LevenbergMarquardtOptimizer,0.0,0.0,COMPILE_ERROR,10,6.0,COMPILE_ERROR,benchmark_results.csv
Math,65,DeepSeek V4 Flash,org.apache.commons.math.optimization.general.AbstractLeastSquaresOptimizer,0.0,0.0,COMPILE_ERROR,10,15.0,COMPILE_ERROR,benchmark_results.csv
Math,65,Gemini 3.8 Flash,org.apache.commons.math.optimization.general.AbstractLeastSquaresOptimizer,100.0,100.0,NOT_DETECTED,10,6.0,DONE,benchmark_results.csv
Math,66,Gemini 3.8 Flash,org.apache.commons.math.optimization.univariate.BrentOptimizer,100.0,96.55,FLAKY_OR_REGRESSION,15,6.0,DONE,benchmark_results.csv
Math,67,Gemini 3.8 Flash,org.apache.commons.math.optimization.MultiStartUnivariateRealOptimizer,0.0,0.0,COMPILE_ERROR,10,6.0,COMPILE_ERROR,benchmark_results.csv
Math,68,DeepSeek V4 Flash,org.apache.commons.math.optimization.general.LevenbergMarquardtOptimizer,0.0,0.0,COMPILE_ERROR,10,15.0,COMPILE_ERROR,benchmark_results.csv
Math,68,Gemini 3.8 Flash,org.apache.commons.math.optimization.general.LevenbergMarquardtOptimizer,96.39,85.2,FLAKY_OR_REGRESSION,14,6.0,DONE,benchmark_results.csv
Math,69,DeepSeek V4 Flash,org.apache.commons.math.stat.correlation.PearsonsCorrelation,0.0,0.0,COMPILE_ERROR,10,15.0,COMPILE_ERROR,benchmark_results.csv
Math,69,Gemini 3.8 Flash,org.apache.commons.math.stat.correlation.PearsonsCorrelation,100.0,100.0,BUG_DETECTED,12,6.0,DONE,benchmark_results.csv
Math,70,DeepSeek V4 Flash,org.apache.commons.math.analysis.solvers.BisectionSolver,0.0,0.0,COMPILE_ERROR,10,15.0,COMPILE_ERROR,benchmark_results.csv
Math,70,Gemini 3.8 Flash,org.apache.commons.math.analysis.solvers.BisectionSolver,100.0,100.0,FLAKY_OR_REGRESSION,13,6.0,DONE,benchmark_results.csv
Math,71,Gemini 3.8 Flash,org.apache.commons.math.ode.nonstiff.EmbeddedRungeKuttaIntegrator;org.apache.commons.math.ode.nonstiff.RungeKuttaIntegrator,0.0,0.0,COMPILE_ERROR,10,6.0,COMPILE_ERROR,benchmark_results.csv
Math,72,Gemini 3.8 Flash,org.apache.commons.math.analysis.solvers.BrentSolver,0.0,0.0,COMPILE_ERROR,10,6.0,COMPILE_ERROR,benchmark_results.csv
Math,73,DeepSeek V4 Flash,org.apache.commons.math.analysis.solvers.BrentSolver,0.0,0.0,COMPILE_ERROR,10,15.0,COMPILE_ERROR,benchmark_results.csv
Math,73,Gemini 3.8 Flash,org.apache.commons.math.analysis.solvers.BrentSolver,0.0,0.0,COMPILE_ERROR,10,6.0,COMPILE_ERROR,benchmark_results.csv
Math,74,DeepSeek V4 Flash,org.apache.commons.math.ode.nonstiff.EmbeddedRungeKuttaIntegrator,0.0,0.0,COMPILE_ERROR,10,15.0,COMPILE_ERROR,benchmark_results.csv
Math,74,Gemini 3.8 Flash,org.apache.commons.math.ode.nonstiff.EmbeddedRungeKuttaIntegrator,0.0,0.0,COMPILE_ERROR,10,6.0,COMPILE_ERROR,benchmark_results.csv
Math,75,Gemini 3.8 Flash,org.apache.commons.math.stat.Frequency,95.52,85.42,FLAKY_OR_REGRESSION,13,6.0,DONE,benchmark_results.csv
Math,76,Gemini 3.8 Flash,org.apache.commons.math.linear.SingularValueDecompositionImpl,99.25,96.3,FLAKY_OR_REGRESSION,11,6.0,DONE,benchmark_results.csv
Math,77,DeepSeek V4 Flash,org.apache.commons.math.linear.ArrayRealVector;org.apache.commons.math.linear.OpenMapRealVector,0.0,0.0,COMPILE_ERROR,10,15.0,COMPILE_ERROR,benchmark_results.csv
Math,77,Gemini 3.8 Flash,org.apache.commons.math.linear.ArrayRealVector;org.apache.commons.math.linear.OpenMapRealVector,97.0,92.31,FLAKY_OR_REGRESSION,17,6.0,DONE,benchmark_results.csv
Math,78,DeepSeek V4 Flash,org.apache.commons.math.ode.events.EventState,0.0,0.0,COMPILE_ERROR,10,15.0,COMPILE_ERROR,benchmark_results.csv
Math,78,Gemini 3.8 Flash,org.apache.commons.math.ode.events.EventState,91.11,82.0,NOT_DETECTED,10,6.0,DONE,benchmark_results.csv
Math,79,Gemini 3.8 Flash,org.apache.commons.math.util.MathUtils,99.05,96.23,FLAKY_OR_REGRESSION,11,6.0,DONE,benchmark_results.csv
Math,80,DeepSeek V4 Flash,org.apache.commons.math.linear.EigenDecompositionImpl,0.0,0.0,COMPILE_ERROR,10,15.0,COMPILE_ERROR,benchmark_results.csv
Math,80,Gemini 3.8 Flash,org.apache.commons.math.linear.EigenDecompositionImpl,0.0,0.0,COMPILE_ERROR,10,6.0,COMPILE_ERROR,benchmark_results.csv
Math,81,DeepSeek V4 Flash,org.apache.commons.math.linear.EigenDecompositionImpl,0.0,0.0,COMPILE_ERROR,10,15.0,COMPILE_ERROR,benchmark_results.csv
Math,81,Gemini 3.8 Flash,org.apache.commons.math.linear.EigenDecompositionImpl,79.27,67.15,NOT_DETECTED,10,6.0,DONE,benchmark_results.csv
Math,82,DeepSeek V4 Flash,org.apache.commons.math.optimization.linear.SimplexSolver,0.0,0.0,COMPILE_ERROR,10,15.0,COMPILE_ERROR,benchmark_results.csv
Math,82,Gemini 3.8 Flash,org.apache.commons.math.optimization.linear.SimplexSolver,96.67,94.44,FLAKY_OR_REGRESSION,12,6.0,DONE,benchmark_results.csv
Math,83,DeepSeek V4 Flash,org.apache.commons.math.optimization.linear.SimplexTableau,0.0,0.0,COMPILE_ERROR,10,15.0,COMPILE_ERROR,benchmark_results.csv
Math,83,Gemini 3.8 Flash,org.apache.commons.math.optimization.linear.SimplexTableau,7.1,9.78,FLAKY_OR_REGRESSION,11,6.0,DONE,benchmark_results.csv
Math,84,DeepSeek V4 Flash,org.apache.commons.math.optimization.direct.MultiDirectional,0.0,0.0,COMPILE_ERROR,10,15.0,COMPILE_ERROR,benchmark_results.csv
Math,84,Gemini 3.8 Flash,org.apache.commons.math.optimization.direct.MultiDirectional,100.0,100.0,FLAKY_OR_REGRESSION,17,6.0,DONE,benchmark_results.csv
Math,85,DeepSeek V4 Flash,org.apache.commons.math.analysis.solvers.UnivariateRealSolverUtils,0.0,0.0,COMPILE_ERROR,10,15.0,COMPILE_ERROR,benchmark_results.csv
Math,85,Gemini 3.8 Flash,org.apache.commons.math.analysis.solvers.UnivariateRealSolverUtils,0.0,0.0,COMPILE_ERROR,10,6.0,COMPILE_ERROR,benchmark_results.csv
Math,86,DeepSeek V4 Flash,org.apache.commons.math.linear.CholeskyDecompositionImpl,0.0,0.0,COMPILE_ERROR,10,15.0,COMPILE_ERROR,benchmark_results.csv
Math,86,Gemini 3.8 Flash,org.apache.commons.math.linear.CholeskyDecompositionImpl,0.0,0.0,COMPILE_ERROR,10,6.0,COMPILE_ERROR,benchmark_results.csv
Math,87,DeepSeek V4 Flash,org.apache.commons.math.optimization.linear.SimplexTableau,0.0,0.0,COMPILE_ERROR,10,15.0,COMPILE_ERROR,benchmark_results.csv
Math,87,Gemini 3.8 Flash,org.apache.commons.math.optimization.linear.SimplexTableau,0.0,0.0,COMPILE_ERROR,10,6.0,COMPILE_ERROR,benchmark_results.csv
Math,88,DeepSeek V4 Flash,org.apache.commons.math.optimization.linear.SimplexTableau,0.0,0.0,COMPILE_ERROR,10,15.0,COMPILE_ERROR,benchmark_results.csv
Math,88,Gemini 3.8 Flash,org.apache.commons.math.optimization.linear.SimplexTableau,0.0,0.0,COMPILE_ERROR,10,6.0,COMPILE_ERROR,benchmark_results.csv
Math,89,Gemini 3.8 Flash,org.apache.commons.math.stat.Frequency,0.0,0.0,COMPILE_ERROR,10,6.0,COMPILE_ERROR,benchmark_results.csv
Math,90,Gemini 3.8 Flash,org.apache.commons.math.stat.Frequency,97.17,90.62,BUG_DETECTED,11,6.0,DONE,benchmark_results.csv
Math,91,DeepSeek V4 Flash,org.apache.commons.math.fraction.Fraction,0.0,0.0,COMPILE_ERROR,10,15.0,COMPILE_ERROR,benchmark_results.csv
Math,91,Gemini 3.8 Flash,org.apache.commons.math.fraction.Fraction,98.16,95.56,BUG_DETECTED,11,6.0,DONE,benchmark_results.csv
Math,92,DeepSeek V4 Flash,org.apache.commons.math.util.MathUtils,0.0,0.0,COMPILE_ERROR,10,15.0,COMPILE_ERROR,benchmark_results.csv
Math,92,Gemini 3.8 Flash,org.apache.commons.math.util.MathUtils,98.27,98.65,BUG_DETECTED,11,6.0,DONE,benchmark_results.csv
Math,93,DeepSeek V4 Flash,org.apache.commons.math.util.MathUtils,0.0,0.0,COMPILE_ERROR,10,15.0,COMPILE_ERROR,benchmark_results.csv
Math,93,Gemini 3.8 Flash,org.apache.commons.math.util.MathUtils,97.79,98.16,FLAKY_OR_REGRESSION,13,6.0,DONE,benchmark_results.csv
Math,94,DeepSeek V4 Flash,org.apache.commons.math.util.MathUtils,0.0,0.0,COMPILE_ERROR,10,15.0,COMPILE_ERROR,benchmark_results.csv
Math,94,Gemini 3.8 Flash,org.apache.commons.math.util.MathUtils,98.67,98.14,BUG_DETECTED,12,6.0,DONE,benchmark_results.csv
Math,95,DeepSeek V4 Flash,org.apache.commons.math.distribution.FDistributionImpl,0.0,0.0,COMPILE_ERROR,10,15.0,COMPILE_ERROR,benchmark_results.csv
Math,95,Gemini 3.8 Flash,org.apache.commons.math.distribution.FDistributionImpl,100.0,100.0,BUG_DETECTED,13,6.0,DONE,benchmark_results.csv
Math,96,DeepSeek V4 Flash,org.apache.commons.math.complex.Complex,0.0,0.0,COMPILE_ERROR,10,15.0,COMPILE_ERROR,benchmark_results.csv
Math,96,Gemini 3.8 Flash,org.apache.commons.math.complex.Complex,97.89,94.12,BUG_DETECTED,11,6.0,DONE,benchmark_results.csv
Math,97,DeepSeek V4 Flash,org.apache.commons.math.analysis.BrentSolver,0.0,0.0,COMPILE_ERROR,10,15.0,COMPILE_ERROR,benchmark_results.csv
Math,97,Gemini 3.8 Flash,org.apache.commons.math.analysis.BrentSolver,0.0,0.0,COMPILE_ERROR,10,6.0,COMPILE_ERROR,benchmark_results.csv
Math,98,DeepSeek V4 Flash,org.apache.commons.math.linear.BigMatrixImpl;org.apache.commons.math.linear.RealMatrixImpl,0.0,0.0,COMPILE_ERROR,10,15.0,COMPILE_ERROR,benchmark_results.csv
Math,98,Gemini 3.8 Flash,org.apache.commons.math.linear.BigMatrixImpl;org.apache.commons.math.linear.RealMatrixImpl,0.0,0.0,COMPILE_ERROR,10,6.0,COMPILE_ERROR,benchmark_results.csv
Math,99,DeepSeek V4 Flash,org.apache.commons.math.util.MathUtils,0.0,0.0,COMPILE_ERROR,10,15.0,COMPILE_ERROR,benchmark_results.csv
Math,99,Gemini 3.8 Flash,org.apache.commons.math.util.MathUtils,96.65,97.05,FLAKY_OR_REGRESSION,16,6.0,DONE,benchmark_results.csv
Math,100,DeepSeek V4 Flash,org.apache.commons.math.estimation.AbstractEstimator,0.0,0.0,COMPILE_ERROR,10,15.0,COMPILE_ERROR,benchmark_results.csv
Math,100,Gemini 3.8 Flash,org.apache.commons.math.estimation.AbstractEstimator,0.0,0.0,COMPILE_ERROR,10,6.0,COMPILE_ERROR,benchmark_results.csv
Math,101,Gemini 3.8 Flash,org.apache.commons.math.complex.ComplexFormat,100.0,98.08,FLAKY_OR_REGRESSION,14,6.0,DONE,benchmark_results.csv
Math,102,Gemini 3.8 Flash,org.apache.commons.math.stat.inference.ChiSquareTestImpl,100.0,96.51,BUG_DETECTED,13,6.0,DONE,benchmark_results.csv
Math,103,Gemini 3.8 Flash,org.apache.commons.math.distribution.NormalDistributionImpl,100.0,100.0,BUG_DETECTED,12,6.0,DONE,benchmark_results.csv
Math,104,DeepSeek V4 Flash,org.apache.commons.math.special.Gamma,0.0,0.0,COMPILE_ERROR,10,15.0,COMPILE_ERROR,benchmark_results.csv
Math,104,Gemini 3.8 Flash,org.apache.commons.math.special.Gamma,100.0,100.0,BUG_DETECTED,11,6.0,DONE,benchmark_results.csv
Math,105,Gemini 3.8 Flash,org.apache.commons.math.stat.regression.SimpleRegression,0.0,0.0,COMPILE_ERROR,10,6.0,COMPILE_ERROR,benchmark_results.csv
Math,106,Gemini 3.8 Flash,org.apache.commons.math.fraction.ProperFractionFormat,98.25,93.33,FLAKY_OR_REGRESSION,17,6.0,DONE,benchmark_results.csv
Jsoup,2,DeepSeek V4 Flash,org.jsoup.parser.Parser,0.0,0.0,COMPILE_ERROR,10,15.0,COMPILE_ERROR,benchmark_results.csv
Jsoup,2,Gemini 3.8 Flash,org.jsoup.parser.Parser,98.77,94.19,FLAKY_OR_REGRESSION,15,6.0,DONE,benchmark_results.csv
Jsoup,3,DeepSeek V4 Flash,org.jsoup.nodes.Element;org.jsoup.parser.Parser;org.jsoup.parser.Tag,0.0,0.0,COMPILE_ERROR,10,15.0,COMPILE_ERROR,benchmark_results.csv
Jsoup,3,Gemini 3.8 Flash,org.jsoup.nodes.Element;org.jsoup.parser.Parser;org.jsoup.parser.Tag,93.42,88.44,FLAKY_OR_REGRESSION,21,6.0,DONE,benchmark_results.csv
Jsoup,4,DeepSeek V4 Flash,org.jsoup.nodes.Entities,0.0,0.0,COMPILE_ERROR,10,15.0,COMPILE_ERROR,benchmark_results.csv
Jsoup,4,Gemini 3.8 Flash,org.jsoup.nodes.Entities,0.0,0.0,COMPILE_ERROR,10,6.0,COMPILE_ERROR,benchmark_results.csv
Jsoup,5,DeepSeek V4 Flash,org.jsoup.parser.Parser,0.0,0.0,COMPILE_ERROR,10,15.0,COMPILE_ERROR,benchmark_results.csv
Jsoup,5,Gemini 3.8 Flash,org.jsoup.parser.Parser,0.0,0.0,COMPILE_ERROR,10,6.0,COMPILE_ERROR,benchmark_results.csv
Jsoup,6,DeepSeek V4 Flash,org.jsoup.nodes.Entities,0.0,0.0,COMPILE_ERROR,10,15.0,COMPILE_ERROR,benchmark_results.csv
Jsoup,6,Gemini 3.8 Flash,org.jsoup.nodes.Entities,0.0,0.0,COMPILE_ERROR,10,6.0,COMPILE_ERROR,benchmark_results.csv
Jsoup,7,DeepSeek V4 Flash,org.jsoup.nodes.Document,0.0,0.0,COMPILE_ERROR,10,15.0,COMPILE_ERROR,benchmark_results.csv
Jsoup,7,Gemini 3.8 Flash,org.jsoup.nodes.Document,0.0,0.0,COMPILE_ERROR,10,6.0,COMPILE_ERROR,benchmark_results.csv
Jsoup,8,Gemini 3.8 Flash,org.jsoup.nodes.Node,0.0,0.0,COMPILE_ERROR,10,6.0,COMPILE_ERROR,benchmark_results.csv
Jsoup,9,DeepSeek V4 Flash,org.jsoup.nodes.Entities,0.0,0.0,COMPILE_ERROR,10,15.0,COMPILE_ERROR,benchmark_results.csv
Jsoup,9,Gemini 3.8 Flash,org.jsoup.nodes.Entities,0.0,0.0,COMPILE_ERROR,10,6.0,COMPILE_ERROR,benchmark_results.csv
Jsoup,10,Gemini 3.8 Flash,org.jsoup.nodes.Node,0.0,0.0,COMPILE_ERROR,10,6.0,COMPILE_ERROR,benchmark_results.csv
Jsoup,11,DeepSeek V4 Flash,org.jsoup.select.Selector,0.0,0.0,COMPILE_ERROR,10,15.0,COMPILE_ERROR,benchmark_results.csv
Jsoup,11,Gemini 3.8 Flash,org.jsoup.select.Selector,93.43,84.17,FLAKY_OR_REGRESSION,17,6.0,DONE,benchmark_results.csv
Jsoup,12,Gemini 3.8 Flash,org.jsoup.select.Selector,97.71,94.7,FLAKY_OR_REGRESSION,14,6.0,DONE,benchmark_results.csv
Jsoup,13,DeepSeek V4 Flash,org.jsoup.nodes.Node,0.0,0.0,COMPILE_ERROR,10,15.0,COMPILE_ERROR,benchmark_results.csv
Jsoup,14,DeepSeek V4 Flash,org.jsoup.parser.Tokeniser;org.jsoup.parser.TokeniserState,0.0,0.0,COMPILE_ERROR,10,15.0,COMPILE_ERROR,benchmark_results.csv
Jsoup,15,DeepSeek V4 Flash,org.jsoup.parser.TreeBuilderState,0.0,0.0,COMPILE_ERROR,10,15.0,COMPILE_ERROR,benchmark_results.csv
Jsoup,17,DeepSeek V4 Flash,org.jsoup.parser.TreeBuilderState,0.0,0.0,COMPILE_ERROR,10,15.0,COMPILE_ERROR,benchmark_results.csv
Jsoup,19,DeepSeek V4 Flash,org.jsoup.safety.Whitelist,0.0,0.0,COMPILE_ERROR,10,15.0,COMPILE_ERROR,benchmark_results.csv
Jsoup,21,DeepSeek V4 Flash,org.jsoup.select.CombiningEvaluator;org.jsoup.select.QueryParser,0.0,0.0,COMPILE_ERROR,10,15.0,COMPILE_ERROR,benchmark_results.csv
Jsoup,22,DeepSeek V4 Flash,org.jsoup.nodes.Element;org.jsoup.nodes.Node;org.jsoup.select.Elements,0.0,0.0,COMPILE_ERROR,10,15.0,COMPILE_ERROR,benchmark_results.csv
Jsoup,23,DeepSeek V4 Flash,org.jsoup.parser.CharacterReader;org.jsoup.parser.Tokeniser,0.0,0.0,COMPILE_ERROR,10,15.0,COMPILE_ERROR,benchmark_results.csv
Jsoup,24,DeepSeek V4 Flash,org.jsoup.parser.TokeniserState,0.0,0.0,COMPILE_ERROR,10,15.0,COMPILE_ERROR,benchmark_results.csv
Jsoup,25,DeepSeek V4 Flash,org.jsoup.parser.Tag,0.0,0.0,COMPILE_ERROR,10,15.0,COMPILE_ERROR,benchmark_results.csv
Jsoup,27,DeepSeek V4 Flash,org.jsoup.helper.DataUtil,0.0,0.0,COMPILE_ERROR,10,15.0,COMPILE_ERROR,benchmark_results.csv
Jsoup,28,DeepSeek V4 Flash,org.jsoup.nodes.Entities;org.jsoup.parser.Parser;org.jsoup.parser.Tokeniser,0.0,0.0,COMPILE_ERROR,10,15.0,COMPILE_ERROR,benchmark_results.csv
Jsoup,29,DeepSeek V4 Flash,org.jsoup.nodes.Document,0.0,0.0,COMPILE_ERROR,10,15.0,COMPILE_ERROR,benchmark_results.csv
Jsoup,30,DeepSeek V4 Flash,org.jsoup.safety.Cleaner,0.0,0.0,COMPILE_ERROR,10,15.0,COMPILE_ERROR,benchmark_results.csv
Jsoup,31,DeepSeek V4 Flash,org.jsoup.parser.Token;org.jsoup.parser.TokeniserState;org.jsoup.parser.XmlTreeBuilder,0.0,0.0,COMPILE_ERROR,10,15.0,COMPILE_ERROR,benchmark_results.csv
Jsoup,35,DeepSeek V4 Flash,org.jsoup.parser.HtmlTreeBuilderState,0.0,0.0,COMPILE_ERROR,10,15.0,COMPILE_ERROR,benchmark_results.csv
Jsoup,37,DeepSeek V4 Flash,org.jsoup.nodes.Element,0.0,0.0,COMPILE_ERROR,10,15.0,COMPILE_ERROR,benchmark_results.csv
Jsoup,38,DeepSeek V4 Flash,org.jsoup.parser.HtmlTreeBuilderState,0.0,0.0,COMPILE_ERROR,10,15.0,COMPILE_ERROR,benchmark_results.csv
Jsoup,39,DeepSeek V4 Flash,org.jsoup.helper.DataUtil,0.0,0.0,COMPILE_ERROR,10,15.0,COMPILE_ERROR,benchmark_results.csv
Jsoup,41,DeepSeek V4 Flash,org.jsoup.nodes.Element,0.0,0.0,COMPILE_ERROR,10,15.0,COMPILE_ERROR,benchmark_results.csv
Jsoup,43,DeepSeek V4 Flash,org.jsoup.nodes.Element,0.0,0.0,COMPILE_ERROR,10,15.0,COMPILE_ERROR,benchmark_results.csv
Jsoup,44,DeepSeek V4 Flash,org.jsoup.parser.TreeBuilder,0.0,0.0,COMPILE_ERROR,10,15.0,COMPILE_ERROR,benchmark_results.csv
Jsoup,45,DeepSeek V4 Flash,org.jsoup.parser.HtmlTreeBuilder,0.0,0.0,COMPILE_ERROR,10,15.0,COMPILE_ERROR,benchmark_results.csv
Jsoup,46,DeepSeek V4 Flash,org.jsoup.nodes.Entities,0.0,0.0,COMPILE_ERROR,10,15.0,COMPILE_ERROR,benchmark_results.csv
Jsoup,47,DeepSeek V4 Flash,org.jsoup.nodes.Entities,0.0,0.0,COMPILE_ERROR,10,15.0,COMPILE_ERROR,benchmark_results.csv
Jsoup,48,DeepSeek V4 Flash,org.jsoup.helper.HttpConnection,0.0,0.0,COMPILE_ERROR,10,15.0,COMPILE_ERROR,benchmark_results.csv
Jsoup,49,DeepSeek V4 Flash,org.jsoup.nodes.Node,0.0,0.0,COMPILE_ERROR,10,15.0,COMPILE_ERROR,benchmark_results.csv
Jsoup,52,DeepSeek V4 Flash,org.jsoup.helper.DataUtil;org.jsoup.nodes.XmlDeclaration;org.jsoup.parser.XmlTreeBuilder,0.0,0.0,COMPILE_ERROR,10,15.0,COMPILE_ERROR,benchmark_results.csv
Jsoup,53,DeepSeek V4 Flash,org.jsoup.parser.TokenQueue,0.0,0.0,COMPILE_ERROR,10,15.0,COMPILE_ERROR,benchmark_results.csv
Jsoup,54,DeepSeek V4 Flash,org.jsoup.helper.W3CDom,0.0,0.0,COMPILE_ERROR,10,15.0,COMPILE_ERROR,benchmark_results.csv
Jsoup,56,DeepSeek V4 Flash,org.jsoup.nodes.DocumentType;org.jsoup.parser.HtmlTreeBuilderState;org.jsoup.parser.Token;org.jsoup.parser.TokeniserState;org.jsoup.parser.XmlTreeBuilder,0.0,0.0,COMPILE_ERROR,10,15.0,COMPILE_ERROR,benchmark_results.csv
Jsoup,57,DeepSeek V4 Flash,org.jsoup.nodes.Attributes,0.0,0.0,COMPILE_ERROR,10,15.0,COMPILE_ERROR,benchmark_results.csv
Jsoup,58,DeepSeek V4 Flash,org.jsoup.Jsoup;org.jsoup.parser.Parser;org.jsoup.safety.Cleaner,0.0,0.0,COMPILE_ERROR,10,15.0,COMPILE_ERROR,benchmark_results.csv
Jsoup,59,DeepSeek V4 Flash,org.jsoup.parser.Token,0.0,0.0,COMPILE_ERROR,10,15.0,COMPILE_ERROR,benchmark_results.csv
Jsoup,60,DeepSeek V4 Flash,org.jsoup.parser.TokenQueue;org.jsoup.select.QueryParser,0.0,0.0,COMPILE_ERROR,10,15.0,COMPILE_ERROR,benchmark_results.csv
Jsoup,61,DeepSeek V4 Flash,org.jsoup.nodes.Element,0.0,0.0,COMPILE_ERROR,10,15.0,COMPILE_ERROR,benchmark_results.csv
Jsoup,62,DeepSeek V4 Flash,org.jsoup.parser.HtmlTreeBuilderState,0.0,0.0,COMPILE_ERROR,10,15.0,COMPILE_ERROR,benchmark_results.csv
Jsoup,63,DeepSeek V4 Flash,org.jsoup.parser.HtmlTreeBuilder;org.jsoup.parser.Tokeniser,0.0,0.0,COMPILE_ERROR,10,15.0,COMPILE_ERROR,benchmark_results.csv
Jsoup,65,DeepSeek V4 Flash,org.jsoup.parser.HtmlTreeBuilder;org.jsoup.parser.HtmlTreeBuilderState,0.0,0.0,COMPILE_ERROR,10,15.0,COMPILE_ERROR,benchmark_results.csv
Jsoup,66,DeepSeek V4 Flash,org.jsoup.nodes.Element,0.0,0.0,COMPILE_ERROR,10,15.0,COMPILE_ERROR,benchmark_results.csv
Jsoup,67,DeepSeek V4 Flash,org.jsoup.parser.HtmlTreeBuilder,0.0,0.0,COMPILE_ERROR,10,15.0,COMPILE_ERROR,benchmark_results.csv
Jsoup,68,DeepSeek V4 Flash,org.jsoup.parser.HtmlTreeBuilder,0.0,0.0,COMPILE_ERROR,10,15.0,COMPILE_ERROR,benchmark_results.csv
Jsoup,69,DeepSeek V4 Flash,org.jsoup.nodes.FormElement,0.0,0.0,COMPILE_ERROR,10,15.0,COMPILE_ERROR,benchmark_results.csv
Jsoup,70,DeepSeek V4 Flash,org.jsoup.nodes.Element,0.0,0.0,COMPILE_ERROR,10,15.0,COMPILE_ERROR,benchmark_results.csv
Jsoup,71,DeepSeek V4 Flash,org.jsoup.nodes.PseudoTextElement;org.jsoup.select.Evaluator;org.jsoup.select.QueryParser,0.0,0.0,COMPILE_ERROR,10,15.0,COMPILE_ERROR,benchmark_results.csv
Jsoup,73,DeepSeek V4 Flash,org.jsoup.helper.W3CDom,0.0,0.0,COMPILE_ERROR,10,15.0,COMPILE_ERROR,benchmark_results.csv
Jsoup,74,DeepSeek V4 Flash,org.jsoup.helper.StringUtil,0.0,0.0,COMPILE_ERROR,10,15.0,COMPILE_ERROR,benchmark_results.csv
Jsoup,75,DeepSeek V4 Flash,org.jsoup.nodes.Attributes,0.0,0.0,COMPILE_ERROR,10,15.0,COMPILE_ERROR,benchmark_results.csv
Jsoup,77,DeepSeek V4 Flash,org.jsoup.parser.XmlTreeBuilder,0.0,0.0,COMPILE_ERROR,10,15.0,COMPILE_ERROR,benchmark_results.csv
Jsoup,78,DeepSeek V4 Flash,org.jsoup.helper.DataUtil,0.0,0.0,COMPILE_ERROR,10,15.0,COMPILE_ERROR,benchmark_results.csv
Jsoup,79,DeepSeek V4 Flash,org.jsoup.nodes.LeafNode,0.0,0.0,COMPILE_ERROR,10,15.0,COMPILE_ERROR,benchmark_results.csv
Jsoup,80,DeepSeek V4 Flash,org.jsoup.parser.XmlTreeBuilder,0.0,0.0,COMPILE_ERROR,10,15.0,COMPILE_ERROR,benchmark_results.csv
Jsoup,83,DeepSeek V4 Flash,org.jsoup.parser.CharacterReader;org.jsoup.parser.TokeniserState,0.0,0.0,COMPILE_ERROR,10,15.0,COMPILE_ERROR,benchmark_results.csv
Jsoup,84,DeepSeek V4 Flash,org.jsoup.helper.W3CDom,0.0,0.0,COMPILE_ERROR,10,15.0,COMPILE_ERROR,benchmark_results.csv
Jsoup,85,DeepSeek V4 Flash,org.jsoup.nodes.Attribute,0.0,0.0,COMPILE_ERROR,10,15.0,COMPILE_ERROR,benchmark_results.csv
Jsoup,86,DeepSeek V4 Flash,org.jsoup.nodes.Comment,0.0,0.0,COMPILE_ERROR,10,15.0,COMPILE_ERROR,benchmark_results.csv
Jsoup,87,DeepSeek V4 Flash,org.jsoup.nodes.Element;org.jsoup.parser.HtmlTreeBuilder;org.jsoup.parser.HtmlTreeBuilderState;org.jsoup.parser.Tag,0.0,0.0,COMPILE_ERROR,10,15.0,COMPILE_ERROR,benchmark_results.csv
Jsoup,88,DeepSeek V4 Flash,org.jsoup.nodes.Attribute,0.0,0.0,COMPILE_ERROR,10,15.0,COMPILE_ERROR,benchmark_results.csv
Jsoup,89,DeepSeek V4 Flash,org.jsoup.nodes.Attribute,0.0,0.0,COMPILE_ERROR,10,15.0,COMPILE_ERROR,benchmark_results.csv
Jsoup,90,DeepSeek V4 Flash,org.jsoup.helper.HttpConnection,0.0,0.0,COMPILE_ERROR,10,15.0,COMPILE_ERROR,benchmark_results.csv
Jsoup,91,DeepSeek V4 Flash,org.jsoup.UncheckedIOException;org.jsoup.parser.CharacterReader,0.0,0.0,COMPILE_ERROR,10,15.0,COMPILE_ERROR,benchmark_results.csv
Jsoup,92,DeepSeek V4 Flash,org.jsoup.nodes.Attributes;org.jsoup.parser.HtmlTreeBuilder;org.jsoup.parser.ParseSettings;org.jsoup.parser.Token;org.jsoup.parser.XmlTreeBuilder,0.0,0.0,COMPILE_ERROR,10,15.0,COMPILE_ERROR,benchmark_results.csv
Jsoup,93,DeepSeek V4 Flash,org.jsoup.nodes.FormElement,0.0,0.0,COMPILE_ERROR,10,15.0,COMPILE_ERROR,benchmark_results.csv
JacksonDatabind,1,DeepSeek V4 Flash,com.fasterxml.jackson.databind.ser.BeanPropertyWriter,0.0,0.0,COMPILE_ERROR,10,15.0,COMPILE_ERROR,benchmark_results.csv
JacksonDatabind,1,Gemini 3.8 Flash,com.fasterxml.jackson.databind.ser.BeanPropertyWriter,0.0,0.0,COMPILE_ERROR,10,6.0,COMPILE_ERROR,benchmark_results.csv
JacksonDatabind,2,DeepSeek V4 Flash,com.fasterxml.jackson.databind.util.TokenBuffer,0.0,0.0,COMPILE_ERROR,10,15.0,COMPILE_ERROR,benchmark_results.csv
JacksonDatabind,3,DeepSeek V4 Flash,com.fasterxml.jackson.databind.deser.std.StringArrayDeserializer,0.0,0.0,COMPILE_ERROR,10,15.0,COMPILE_ERROR,benchmark_results.csv
JacksonDatabind,5,DeepSeek V4 Flash,com.fasterxml.jackson.databind.introspect.AnnotatedClass,0.0,0.0,COMPILE_ERROR,10,15.0,COMPILE_ERROR,benchmark_results.csv
JacksonDatabind,6,DeepSeek V4 Flash,com.fasterxml.jackson.databind.util.StdDateFormat,0.0,0.0,COMPILE_ERROR,10,15.0,COMPILE_ERROR,benchmark_results.csv
JacksonDatabind,7,DeepSeek V4 Flash,com.fasterxml.jackson.databind.util.TokenBuffer,0.0,0.0,COMPILE_ERROR,10,15.0,COMPILE_ERROR,benchmark_results.csv
JacksonDatabind,8,DeepSeek V4 Flash,com.fasterxml.jackson.databind.deser.impl.CreatorCollector,0.0,0.0,COMPILE_ERROR,10,15.0,COMPILE_ERROR,benchmark_results.csv
JacksonDatabind,9,DeepSeek V4 Flash,com.fasterxml.jackson.databind.ser.std.StdKeySerializer,0.0,0.0,COMPILE_ERROR,10,15.0,COMPILE_ERROR,benchmark_results.csv
JacksonDatabind,10,DeepSeek V4 Flash,com.fasterxml.jackson.databind.ser.AnyGetterWriter;com.fasterxml.jackson.databind.ser.BeanSerializerFactory,0.0,0.0,COMPILE_ERROR,10,15.0,COMPILE_ERROR,benchmark_results.csv
JacksonDatabind,11,DeepSeek V4 Flash,com.fasterxml.jackson.databind.type.TypeFactory,0.0,0.0,COMPILE_ERROR,10,15.0,COMPILE_ERROR,benchmark_results.csv
JacksonDatabind,12,DeepSeek V4 Flash,com.fasterxml.jackson.databind.deser.std.MapDeserializer,0.0,0.0,COMPILE_ERROR,10,15.0,COMPILE_ERROR,benchmark_results.csv
JacksonDatabind,13,DeepSeek V4 Flash,com.fasterxml.jackson.databind.deser.DefaultDeserializationContext;com.fasterxml.jackson.databind.deser.impl.ObjectIdValueProperty,0.0,0.0,COMPILE_ERROR,10,15.0,COMPILE_ERROR,benchmark_results.csv
JacksonDatabind,14,DeepSeek V4 Flash,com.fasterxml.jackson.databind.ObjectReader,0.0,0.0,COMPILE_ERROR,10,15.0,COMPILE_ERROR,benchmark_results.csv
JacksonDatabind,15,DeepSeek V4 Flash,com.fasterxml.jackson.databind.JavaType;com.fasterxml.jackson.databind.ser.BeanSerializerFactory;com.fasterxml.jackson.databind.ser.std.BeanSerializerBase;com.fasterxml.jackson.databind.ser.std.StdDelegatingSerializer;com.fasterxml.jackson.databind.ser.std.StdSerializer,0.0,0.0,COMPILE_ERROR,10,15.0,COMPILE_ERROR,benchmark_results.csv
JacksonDatabind,17,DeepSeek V4 Flash,com.fasterxml.jackson.databind.ObjectMapper,0.0,0.0,COMPILE_ERROR,10,15.0,COMPILE_ERROR,benchmark_results.csv
JacksonDatabind,18,DeepSeek V4 Flash,com.fasterxml.jackson.databind.MappingIterator,0.0,0.0,COMPILE_ERROR,10,15.0,COMPILE_ERROR,benchmark_results.csv
JacksonDatabind,19,DeepSeek V4 Flash,com.fasterxml.jackson.databind.type.TypeFactory,0.0,0.0,COMPILE_ERROR,10,15.0,COMPILE_ERROR,benchmark_results.csv
JacksonDatabind,20,DeepSeek V4 Flash,com.fasterxml.jackson.databind.node.ObjectNode,0.0,0.0,COMPILE_ERROR,10,15.0,COMPILE_ERROR,benchmark_results.csv
JacksonDatabind,21,DeepSeek V4 Flash,com.fasterxml.jackson.databind.introspect.JacksonAnnotationIntrospector,0.0,0.0,COMPILE_ERROR,10,15.0,COMPILE_ERROR,benchmark_results.csv
JacksonDatabind,22,DeepSeek V4 Flash,com.fasterxml.jackson.databind.ser.BasicSerializerFactory;com.fasterxml.jackson.databind.ser.BeanSerializerFactory,0.0,0.0,COMPILE_ERROR,10,15.0,COMPILE_ERROR,benchmark_results.csv
JacksonDatabind,23,DeepSeek V4 Flash,com.fasterxml.jackson.databind.ser.std.NumberSerializers,0.0,0.0,COMPILE_ERROR,10,15.0,COMPILE_ERROR,benchmark_results.csv
JacksonDatabind,24,DeepSeek V4 Flash,com.fasterxml.jackson.databind.cfg.BaseSettings,0.0,0.0,COMPILE_ERROR,10,15.0,COMPILE_ERROR,benchmark_results.csv
JacksonDatabind,25,DeepSeek V4 Flash,com.fasterxml.jackson.databind.deser.BasicDeserializerFactory;com.fasterxml.jackson.databind.deser.DeserializerCache;com.fasterxml.jackson.databind.jsontype.impl.TypeDeserializerBase;com.fasterxml.jackson.databind.module.SimpleAbstractTypeResolver,0.0,0.0,COMPILE_ERROR,10,15.0,COMPILE_ERROR,benchmark_results.csv
JacksonDatabind,26,DeepSeek V4 Flash,com.fasterxml.jackson.databind.ser.BeanPropertyWriter,0.0,0.0,COMPILE_ERROR,10,15.0,COMPILE_ERROR,benchmark_results.csv
JacksonDatabind,27,DeepSeek V4 Flash,com.fasterxml.jackson.databind.deser.BeanDeserializer,0.0,0.0,COMPILE_ERROR,10,15.0,COMPILE_ERROR,benchmark_results.csv
JacksonDatabind,28,DeepSeek V4 Flash,com.fasterxml.jackson.databind.deser.std.JsonNodeDeserializer,0.0,0.0,COMPILE_ERROR,10,15.0,COMPILE_ERROR,benchmark_results.csv
JacksonDatabind,29,DeepSeek V4 Flash,com.fasterxml.jackson.databind.deser.impl.ExternalTypeHandler,0.0,0.0,COMPILE_ERROR,10,15.0,COMPILE_ERROR,benchmark_results.csv
JacksonDatabind,30,DeepSeek V4 Flash,com.fasterxml.jackson.databind.ObjectMapper;com.fasterxml.jackson.databind.util.TokenBuffer,0.0,0.0,COMPILE_ERROR,10,15.0,COMPILE_ERROR,benchmark_results.csv
JacksonDatabind,31,DeepSeek V4 Flash,com.fasterxml.jackson.databind.util.TokenBuffer,0.0,0.0,COMPILE_ERROR,10,15.0,COMPILE_ERROR,benchmark_results.csv
JacksonDatabind,32,DeepSeek V4 Flash,com.fasterxml.jackson.databind.deser.std.UntypedObjectDeserializer,0.0,0.0,COMPILE_ERROR,10,15.0,COMPILE_ERROR,benchmark_results.csv
JacksonDatabind,33,DeepSeek V4 Flash,com.fasterxml.jackson.databind.introspect.JacksonAnnotationIntrospector,0.0,0.0,COMPILE_ERROR,10,15.0,COMPILE_ERROR,benchmark_results.csv
JacksonDatabind,34,DeepSeek V4 Flash,com.fasterxml.jackson.databind.ser.std.NumberSerializer,0.0,0.0,COMPILE_ERROR,10,15.0,COMPILE_ERROR,benchmark_results.csv
JacksonDatabind,35,DeepSeek V4 Flash,com.fasterxml.jackson.databind.jsontype.impl.AsWrapperTypeDeserializer,0.0,0.0,COMPILE_ERROR,10,15.0,COMPILE_ERROR,benchmark_results.csv
JacksonDatabind,36,DeepSeek V4 Flash,com.fasterxml.jackson.databind.util.StdDateFormat,90.16,72.31,FLAKY_OR_REGRESSION,14,15.0,DONE,benchmark_results.csv
JacksonDatabind,37,DeepSeek V4 Flash,com.fasterxml.jackson.databind.type.SimpleType,0.0,0.0,COMPILE_ERROR,10,15.0,COMPILE_ERROR,benchmark_results.csv
JacksonDatabind,38,DeepSeek V4 Flash,com.fasterxml.jackson.databind.type.CollectionType;com.fasterxml.jackson.databind.type.MapType;com.fasterxml.jackson.databind.type.SimpleType,0.0,0.0,COMPILE_ERROR,10,15.0,COMPILE_ERROR,benchmark_results.csv
JacksonDatabind,39,DeepSeek V4 Flash,com.fasterxml.jackson.databind.deser.std.NullifyingDeserializer,0.0,0.0,COMPILE_ERROR,10,15.0,COMPILE_ERROR,benchmark_results.csv
JacksonDatabind,40,DeepSeek V4 Flash,com.fasterxml.jackson.databind.deser.std.NumberDeserializers,0.0,0.0,COMPILE_ERROR,10,15.0,COMPILE_ERROR,benchmark_results.csv
JacksonDatabind,41,DeepSeek V4 Flash,com.fasterxml.jackson.databind.type.TypeFactory,0.0,0.0,COMPILE_ERROR,10,15.0,COMPILE_ERROR,benchmark_results.csv
JacksonDatabind,42,DeepSeek V4 Flash,com.fasterxml.jackson.databind.deser.std.FromStringDeserializer,0.0,0.0,COMPILE_ERROR,10,15.0,COMPILE_ERROR,benchmark_results.csv
JacksonDatabind,43,DeepSeek V4 Flash,com.fasterxml.jackson.databind.deser.impl.ObjectIdValueProperty,0.0,0.0,COMPILE_ERROR,10,15.0,COMPILE_ERROR,benchmark_results.csv
JacksonDatabind,44,DeepSeek V4 Flash,com.fasterxml.jackson.databind.type.SimpleType,0.0,0.0,COMPILE_ERROR,10,15.0,COMPILE_ERROR,benchmark_results.csv
JacksonDatabind,45,DeepSeek V4 Flash,com.fasterxml.jackson.databind.ser.std.DateTimeSerializerBase,0.0,0.0,COMPILE_ERROR,10,15.0,COMPILE_ERROR,benchmark_results.csv
JacksonDatabind,46,DeepSeek V4 Flash,com.fasterxml.jackson.databind.type.ReferenceType,0.0,0.0,COMPILE_ERROR,10,15.0,COMPILE_ERROR,benchmark_results.csv
JacksonDatabind,47,DeepSeek V4 Flash,com.fasterxml.jackson.databind.AnnotationIntrospector,0.0,0.0,COMPILE_ERROR,10,15.0,COMPILE_ERROR,benchmark_results.csv
JacksonDatabind,48,DeepSeek V4 Flash,com.fasterxml.jackson.databind.DeserializationConfig;com.fasterxml.jackson.databind.SerializationConfig,0.0,0.0,COMPILE_ERROR,10,15.0,COMPILE_ERROR,benchmark_results.csv
JacksonDatabind,49,DeepSeek V4 Flash,com.fasterxml.jackson.databind.ser.impl.WritableObjectId,0.0,0.0,COMPILE_ERROR,10,15.0,COMPILE_ERROR,benchmark_results.csv
JacksonDatabind,50,DeepSeek V4 Flash,com.fasterxml.jackson.databind.deser.BeanDeserializer,0.0,0.0,COMPILE_ERROR,10,15.0,COMPILE_ERROR,benchmark_results.csv
JacksonDatabind,51,DeepSeek V4 Flash,com.fasterxml.jackson.databind.jsontype.impl.TypeDeserializerBase,0.0,0.0,COMPILE_ERROR,10,15.0,COMPILE_ERROR,benchmark_results.csv
JacksonDatabind,52,DeepSeek V4 Flash,com.fasterxml.jackson.databind.deser.BeanDeserializerBase;com.fasterxml.jackson.databind.deser.impl.ExternalTypeHandler,0.0,0.0,COMPILE_ERROR,10,15.0,COMPILE_ERROR,benchmark_results.csv
JacksonDatabind,53,DeepSeek V4 Flash,com.fasterxml.jackson.databind.type.TypeBindings;com.fasterxml.jackson.databind.type.TypeFactory,0.0,0.0,COMPILE_ERROR,10,15.0,COMPILE_ERROR,benchmark_results.csv
JacksonDatabind,54,DeepSeek V4 Flash,com.fasterxml.jackson.databind.ser.PropertyBuilder,75.26,65.67,FLAKY_OR_REGRESSION,12,15.0,DONE,benchmark_results.csv
JacksonDatabind,55,DeepSeek V4 Flash,com.fasterxml.jackson.databind.ser.std.StdKeySerializers,91.8,91.89,FLAKY_OR_REGRESSION,20,15.0,DONE,benchmark_results.csv
JacksonDatabind,56,DeepSeek V4 Flash,com.fasterxml.jackson.databind.deser.std.FromStringDeserializer,0.0,0.0,COMPILE_ERROR,10,15.0,COMPILE_ERROR,benchmark_results.csv
JacksonDatabind,57,DeepSeek V4 Flash,com.fasterxml.jackson.databind.ObjectReader,0.0,0.0,COMPILE_ERROR,10,15.0,COMPILE_ERROR,benchmark_results.csv
JacksonDatabind,58,DeepSeek V4 Flash,com.fasterxml.jackson.databind.deser.BeanDeserializerFactory,0.0,0.0,COMPILE_ERROR,10,15.0,COMPILE_ERROR,benchmark_results.csv
JacksonDatabind,59,DeepSeek V4 Flash,com.fasterxml.jackson.databind.JavaType;com.fasterxml.jackson.databind.type.CollectionLikeType;com.fasterxml.jackson.databind.type.MapLikeType;com.fasterxml.jackson.databind.type.TypeFactory,0.0,0.0,COMPILE_ERROR,10,15.0,COMPILE_ERROR,benchmark_results.csv
JacksonDatabind,60,DeepSeek V4 Flash,com.fasterxml.jackson.databind.ser.std.JsonValueSerializer,0.0,0.0,COMPILE_ERROR,10,15.0,COMPILE_ERROR,benchmark_results.csv
JacksonDatabind,61,DeepSeek V4 Flash,com.fasterxml.jackson.databind.ObjectMapper;com.fasterxml.jackson.databind.jsontype.impl.StdTypeResolverBuilder,0.0,0.0,COMPILE_ERROR,10,15.0,COMPILE_ERROR,benchmark_results.csv
JacksonDatabind,62,DeepSeek V4 Flash,com.fasterxml.jackson.databind.deser.std.CollectionDeserializer,0.0,0.0,COMPILE_ERROR,10,15.0,COMPILE_ERROR,benchmark_results.csv
JacksonDatabind,63,DeepSeek V4 Flash,com.fasterxml.jackson.databind.JsonMappingException,0.0,0.0,COMPILE_ERROR,10,15.0,COMPILE_ERROR,benchmark_results.csv
JacksonDatabind,64,DeepSeek V4 Flash,com.fasterxml.jackson.databind.ser.PropertyBuilder,0.0,0.0,COMPILE_ERROR,10,15.0,COMPILE_ERROR,benchmark_results.csv
JacksonDatabind,66,DeepSeek V4 Flash,com.fasterxml.jackson.databind.deser.std.StdKeyDeserializer,0.0,0.0,COMPILE_ERROR,10,15.0,COMPILE_ERROR,benchmark_results.csv
JacksonDatabind,67,DeepSeek V4 Flash,com.fasterxml.jackson.databind.deser.BasicDeserializerFactory,0.0,0.0,COMPILE_ERROR,10,15.0,COMPILE_ERROR,benchmark_results.csv
JacksonDatabind,68,DeepSeek V4 Flash,com.fasterxml.jackson.databind.deser.BeanDeserializerBase,0.0,0.0,COMPILE_ERROR,10,15.0,COMPILE_ERROR,benchmark_results.csv
JacksonDatabind,69,DeepSeek V4 Flash,com.fasterxml.jackson.databind.deser.impl.CreatorCollector,0.0,0.0,COMPILE_ERROR,10,15.0,COMPILE_ERROR,benchmark_results.csv
JacksonDatabind,70,DeepSeek V4 Flash,com.fasterxml.jackson.databind.deser.impl.BeanPropertyMap,0.0,0.0,COMPILE_ERROR,10,15.0,COMPILE_ERROR,benchmark_results.csv
JacksonDatabind,71,DeepSeek V4 Flash,com.fasterxml.jackson.databind.deser.std.StdKeyDeserializer,0.0,0.0,COMPILE_ERROR,10,15.0,COMPILE_ERROR,benchmark_results.csv
JacksonDatabind,72,DeepSeek V4 Flash,com.fasterxml.jackson.databind.deser.impl.InnerClassProperty,0.0,0.0,COMPILE_ERROR,10,15.0,COMPILE_ERROR,benchmark_results.csv
JacksonDatabind,73,DeepSeek V4 Flash,com.fasterxml.jackson.databind.introspect.POJOPropertiesCollector;com.fasterxml.jackson.databind.introspect.POJOPropertyBuilder,0.0,0.0,COMPILE_ERROR,10,15.0,COMPILE_ERROR,benchmark_results.csv
JacksonDatabind,74,DeepSeek V4 Flash,com.fasterxml.jackson.databind.jsontype.impl.AsPropertyTypeDeserializer,0.0,0.0,COMPILE_ERROR,10,15.0,COMPILE_ERROR,benchmark_results.csv
JacksonDatabind,75,DeepSeek V4 Flash,com.fasterxml.jackson.databind.ser.std.EnumSerializer,0.0,0.0,COMPILE_ERROR,10,15.0,COMPILE_ERROR,benchmark_results.csv
JacksonDatabind,76,DeepSeek V4 Flash,com.fasterxml.jackson.databind.deser.BuilderBasedDeserializer,0.0,0.0,COMPILE_ERROR,10,15.0,COMPILE_ERROR,benchmark_results.csv
JacksonDatabind,77,DeepSeek V4 Flash,com.fasterxml.jackson.databind.deser.BeanDeserializerFactory,0.0,0.0,COMPILE_ERROR,10,15.0,COMPILE_ERROR,benchmark_results.csv
JacksonDatabind,78,DeepSeek V4 Flash,com.fasterxml.jackson.databind.deser.BeanDeserializerFactory,10.65,8.1,FLAKY_OR_REGRESSION,15,15.0,DONE,benchmark_results.csv
JacksonDatabind,79,DeepSeek V4 Flash,com.fasterxml.jackson.databind.introspect.JacksonAnnotationIntrospector;com.fasterxml.jackson.databind.introspect.ObjectIdInfo;com.fasterxml.jackson.databind.ser.std.BeanSerializerBase,0.0,0.0,COMPILE_ERROR,10,15.0,COMPILE_ERROR,benchmark_results.csv
JacksonDatabind,80,DeepSeek V4 Flash,com.fasterxml.jackson.databind.jsontype.impl.StdSubtypeResolver,0.0,0.0,COMPILE_ERROR,10,15.0,COMPILE_ERROR,benchmark_results.csv
JacksonDatabind,81,DeepSeek V4 Flash,com.fasterxml.jackson.databind.introspect.JacksonAnnotationIntrospector,0.0,0.0,COMPILE_ERROR,10,15.0,COMPILE_ERROR,benchmark_results.csv
JacksonDatabind,82,DeepSeek V4 Flash,com.fasterxml.jackson.databind.deser.BeanDeserializerFactory,0.0,0.0,COMPILE_ERROR,10,15.0,COMPILE_ERROR,benchmark_results.csv
JacksonDatabind,83,DeepSeek V4 Flash,com.fasterxml.jackson.databind.deser.std.FromStringDeserializer,0.0,0.0,COMPILE_ERROR,10,15.0,COMPILE_ERROR,benchmark_results.csv
JacksonDatabind,84,DeepSeek V4 Flash,com.fasterxml.jackson.databind.type.ResolvedRecursiveType,0.0,0.0,COMPILE_ERROR,10,15.0,COMPILE_ERROR,benchmark_results.csv
JacksonDatabind,85,DeepSeek V4 Flash,com.fasterxml.jackson.databind.ser.std.DateTimeSerializerBase,0.0,0.0,COMPILE_ERROR,10,15.0,COMPILE_ERROR,benchmark_results.csv
JacksonDatabind,86,DeepSeek V4 Flash,com.fasterxml.jackson.databind.type.ResolvedRecursiveType,100.0,92.86,FLAKY_OR_REGRESSION,12,15.0,DONE,benchmark_results.csv
JacksonDatabind,87,DeepSeek V4 Flash,com.fasterxml.jackson.databind.util.StdDateFormat,0.0,0.0,COMPILE_ERROR,10,15.0,COMPILE_ERROR,benchmark_results.csv
JacksonDatabind,88,DeepSeek V4 Flash,com.fasterxml.jackson.databind.jsontype.impl.ClassNameIdResolver,0.0,0.0,COMPILE_ERROR,10,15.0,COMPILE_ERROR,benchmark_results.csv
JacksonDatabind,90,DeepSeek V4 Flash,com.fasterxml.jackson.databind.deser.ValueInstantiator;com.fasterxml.jackson.databind.deser.std.StdValueInstantiator,0.0,0.0,COMPILE_ERROR,10,15.0,COMPILE_ERROR,benchmark_results.csv
JacksonDatabind,91,DeepSeek V4 Flash,com.fasterxml.jackson.databind.deser.DeserializerCache,0.0,0.0,COMPILE_ERROR,10,15.0,COMPILE_ERROR,benchmark_results.csv
JacksonDatabind,92,DeepSeek V4 Flash,com.fasterxml.jackson.databind.deser.BeanDeserializerFactory,9.04,4.41,FLAKY_OR_REGRESSION,13,15.0,DONE,benchmark_results.csv
JacksonDatabind,93,DeepSeek V4 Flash,com.fasterxml.jackson.databind.jsontype.impl.SubTypeValidator,0.0,0.0,COMPILE_ERROR,10,15.0,COMPILE_ERROR,benchmark_results.csv
JacksonDatabind,94,DeepSeek V4 Flash,com.fasterxml.jackson.databind.jsontype.impl.SubTypeValidator,0.0,0.0,COMPILE_ERROR,10,15.0,COMPILE_ERROR,benchmark_results.csv
JacksonDatabind,95,DeepSeek V4 Flash,com.fasterxml.jackson.databind.type.TypeFactory;com.fasterxml.jackson.databind.type.TypeParser,0.0,0.0,COMPILE_ERROR,10,15.0,COMPILE_ERROR,benchmark_results.csv
JacksonDatabind,96,DeepSeek V4 Flash,com.fasterxml.jackson.databind.deser.BasicDeserializerFactory,0.0,0.0,COMPILE_ERROR,10,15.0,COMPILE_ERROR,benchmark_results.csv
JacksonDatabind,97,DeepSeek V4 Flash,com.fasterxml.jackson.databind.node.POJONode,0.0,0.0,COMPILE_ERROR,10,15.0,COMPILE_ERROR,benchmark_results.csv
JacksonDatabind,98,DeepSeek V4 Flash,com.fasterxml.jackson.databind.deser.impl.ExternalTypeHandler,0.0,0.0,COMPILE_ERROR,10,15.0,COMPILE_ERROR,benchmark_results.csv
JacksonDatabind,99,DeepSeek V4 Flash,com.fasterxml.jackson.databind.type.ReferenceType,0.0,0.0,COMPILE_ERROR,10,15.0,COMPILE_ERROR,benchmark_results.csv
JacksonDatabind,100,DeepSeek V4 Flash,com.fasterxml.jackson.databind.node.TreeTraversingParser,0.0,0.0,COMPILE_ERROR,10,15.0,COMPILE_ERROR,benchmark_results.csv
JacksonDatabind,101,DeepSeek V4 Flash,com.fasterxml.jackson.databind.deser.BeanDeserializer,25.92,24.5,FLAKY_OR_REGRESSION,19,15.0,DONE,benchmark_results.csv
JacksonDatabind,102,DeepSeek V4 Flash,com.fasterxml.jackson.databind.ser.std.DateTimeSerializerBase,0.0,0.0,COMPILE_ERROR,10,15.0,COMPILE_ERROR,benchmark_results.csv
JacksonDatabind,103,DeepSeek V4 Flash,com.fasterxml.jackson.databind.DatabindContext;com.fasterxml.jackson.databind.DeserializationContext;com.fasterxml.jackson.databind.JsonMappingException;com.fasterxml.jackson.databind.SerializerProvider;com.fasterxml.jackson.databind.deser.BasicDeserializerFactory;com.fasterxml.jackson.databind.deser.BeanDeserializerFactory;com.fasterxml.jackson.databind.deser.DeserializerCache;com.fasterxml.jackson.databind.deser.SettableAnyProperty;com.fasterxml.jackson.databind.deser.SettableBeanProperty;com.fasterxml.jackson.databind.deser.std.StdDeserializer;com.fasterxml.jackson.databind.deser.std.StdKeyDeserializer;com.fasterxml.jackson.databind.deser.std.StdValueInstantiator;com.fasterxml.jackson.databind.introspect.BasicBeanDescription;com.fasterxml.jackson.databind.ser.DefaultSerializerProvider;com.fasterxml.jackson.databind.ser.PropertyBuilder;com.fasterxml.jackson.databind.util.ClassUtil,0.0,0.0,COMPILE_ERROR,10,15.0,COMPILE_ERROR,benchmark_results.csv
JacksonDatabind,104,DeepSeek V4 Flash,com.fasterxml.jackson.databind.util.StdDateFormat,0.0,0.0,COMPILE_ERROR,10,15.0,COMPILE_ERROR,benchmark_results.csv
JacksonDatabind,105,DeepSeek V4 Flash,com.fasterxml.jackson.databind.deser.std.JdkDeserializers,0.0,0.0,COMPILE_ERROR,10,15.0,COMPILE_ERROR,benchmark_results.csv
JacksonDatabind,106,DeepSeek V4 Flash,com.fasterxml.jackson.databind.node.TreeTraversingParser,0.0,0.0,COMPILE_ERROR,10,15.0,COMPILE_ERROR,benchmark_results.csv
JacksonDatabind,107,DeepSeek V4 Flash,com.fasterxml.jackson.databind.jsontype.impl.TypeDeserializerBase,0.0,0.0,COMPILE_ERROR,10,15.0,COMPILE_ERROR,benchmark_results.csv
JacksonDatabind,108,DeepSeek V4 Flash,com.fasterxml.jackson.databind.ObjectReader,0.0,0.0,COMPILE_ERROR,10,15.0,COMPILE_ERROR,benchmark_results.csv
JacksonDatabind,109,DeepSeek V4 Flash,com.fasterxml.jackson.databind.ser.std.NumberSerializer;com.fasterxml.jackson.databind.ser.std.NumberSerializers,0.0,0.0,COMPILE_ERROR,10,15.0,COMPILE_ERROR,benchmark_results.csv
JacksonDatabind,110,DeepSeek V4 Flash,com.fasterxml.jackson.databind.deser.impl.JavaUtilCollectionsDeserializers,0.0,0.0,COMPILE_ERROR,10,15.0,COMPILE_ERROR,benchmark_results.csv
JacksonDatabind,111,DeepSeek V4 Flash,com.fasterxml.jackson.databind.deser.CreatorProperty;com.fasterxml.jackson.databind.deser.impl.FieldProperty;com.fasterxml.jackson.databind.deser.impl.MethodProperty;com.fasterxml.jackson.databind.deser.impl.ObjectIdReferenceProperty;com.fasterxml.jackson.databind.deser.impl.ObjectIdValueProperty;com.fasterxml.jackson.databind.deser.impl.SetterlessProperty;com.fasterxml.jackson.databind.deser.std.AtomicReferenceDeserializer,0.0,0.0,COMPILE_ERROR,10,15.0,COMPILE_ERROR,benchmark_results.csv
JacksonDatabind,112,DeepSeek V4 Flash,com.fasterxml.jackson.databind.deser.std.StringCollectionDeserializer,0.0,0.0,COMPILE_ERROR,10,15.0,COMPILE_ERROR,benchmark_results.csv
Closure,1,DeepSeek V4 Flash,com.google.javascript.jscomp.RemoveUnusedVars,0.0,0.0,COMPILE_ERROR,10,15.0,COMPILE_ERROR,benchmark_results.csv
Closure,1,Gemini 3.8 Flash,com.google.javascript.jscomp.RemoveUnusedVars,94.36,78.95,FLAKY_OR_REGRESSION,12,6.0,DONE,benchmark_results.csv
Closure,2,DeepSeek V4 Flash,com.google.javascript.jscomp.TypeCheck,0.0,0.0,COMPILE_ERROR,10,15.0,COMPILE_ERROR,benchmark_results.csv
Closure,3,DeepSeek V4 Flash,com.google.javascript.jscomp.FlowSensitiveInlineVariables,0.0,0.0,COMPILE_ERROR,10,15.0,COMPILE_ERROR,benchmark_results.csv
Jsoup,2,DeepSeek V4 Flash,org.jsoup.parser.Parser,0.0,0.0,COMPILE_ERROR,10,15.0,COMPILE_ERROR,benchmark_results.csv
Jsoup,3,DeepSeek V4 Flash,org.jsoup.nodes.Element;org.jsoup.parser.Parser;org.jsoup.parser.Tag,0.0,0.0,COMPILE_ERROR,10,15.0,COMPILE_ERROR,benchmark_results.csv
Jsoup,4,DeepSeek V4 Flash,org.jsoup.nodes.Entities,0.0,0.0,COMPILE_ERROR,10,15.0,COMPILE_ERROR,benchmark_results.csv
Jsoup,4,Gemini 3.8 Flash,org.jsoup.nodes.Entities,0.0,0.0,COMPILE_ERROR,10,6.0,COMPILE_ERROR,benchmark_results.csv
Jsoup,5,DeepSeek V4 Flash,org.jsoup.parser.Parser,0.0,0.0,COMPILE_ERROR,10,15.0,COMPILE_ERROR,benchmark_results.csv
Jsoup,5,Gemini 3.8 Flash,org.jsoup.parser.Parser,0.0,0.0,COMPILE_ERROR,10,6.0,COMPILE_ERROR,benchmark_results.csv
Jsoup,6,DeepSeek V4 Flash,org.jsoup.nodes.Entities,0.0,0.0,COMPILE_ERROR,10,15.0,COMPILE_ERROR,benchmark_results.csv
Jsoup,6,Gemini 3.8 Flash,org.jsoup.nodes.Entities,0.0,0.0,COMPILE_ERROR,10,6.0,COMPILE_ERROR,benchmark_results.csv
Jsoup,7,DeepSeek V4 Flash,org.jsoup.nodes.Document,0.0,0.0,COMPILE_ERROR,10,15.0,COMPILE_ERROR,benchmark_results.csv
Jsoup,7,Gemini 3.8 Flash,org.jsoup.nodes.Document,0.0,0.0,COMPILE_ERROR,10,6.0,COMPILE_ERROR,benchmark_results.csv
Jsoup,8,Gemini 3.8 Flash,org.jsoup.nodes.Node,0.0,0.0,COMPILE_ERROR,10,6.0,COMPILE_ERROR,benchmark_results.csv
Jsoup,9,DeepSeek V4 Flash,org.jsoup.nodes.Entities,0.0,0.0,COMPILE_ERROR,10,15.0,COMPILE_ERROR,benchmark_results.csv
Jsoup,9,Gemini 3.8 Flash,org.jsoup.nodes.Entities,0.0,0.0,COMPILE_ERROR,10,6.0,COMPILE_ERROR,benchmark_results.csv
Jsoup,10,Gemini 3.8 Flash,org.jsoup.nodes.Node,0.0,0.0,COMPILE_ERROR,10,6.0,COMPILE_ERROR,benchmark_results.csv
Jsoup,11,DeepSeek V4 Flash,org.jsoup.select.Selector,0.0,0.0,COMPILE_ERROR,10,15.0,COMPILE_ERROR,benchmark_results.csv
Jsoup,13,DeepSeek V4 Flash,org.jsoup.nodes.Node,0.0,0.0,COMPILE_ERROR,10,15.0,COMPILE_ERROR,benchmark_results.csv
JacksonXml,1,MIO (EvoSuite SBST),com.fasterxml.jackson.dataformat.xml.deser.FromXmlParser,2.52,2.52,NOT_DETECTED,25,74.39,DONE,MIO_Algorithm/evosuite_budget_summary.csv
JacksonXml,2,MIO (EvoSuite SBST),com.fasterxml.jackson.dataformat.xml.deser.XmlTokenStream,19.18,19.18,NOT_DETECTED,25,73.78,DONE,MIO_Algorithm/evosuite_budget_summary.csv
Csv,1,MIO (EvoSuite SBST),org.apache.commons.csv.ExtendedBufferedReader,77.29,77.29,NOT_DETECTED,25,68.77,DONE,MIO_Algorithm/evosuite_budget_summary.csv
Csv,9,MIO (EvoSuite SBST),org.apache.commons.csv.CSVRecord,97.1,97.1,NOT_DETECTED,25,72.16,DONE,MIO_Algorithm/evosuite_budget_summary.csv
JacksonXml,3,MIO (EvoSuite SBST),com.fasterxml.jackson.dataformat.xml.deser.FromXmlParser,2.51,2.51,NOT_DETECTED,25,76.32,DONE,MIO_Algorithm/evosuite_budget_summary.csv
Csv,2,MIO (EvoSuite SBST),org.apache.commons.csv.CSVRecord,100.0,100.0,NOT_DETECTED,25,71.38,DONE,MIO_Algorithm/evosuite_budget_summary.csv
Csv,10,MIO (EvoSuite SBST),org.apache.commons.csv.CSVPrinter,81.18,81.18,NOT_DETECTED,25,81.51,DONE,MIO_Algorithm/evosuite_budget_summary.csv
JacksonXml,4,MIO (EvoSuite SBST),com.fasterxml.jackson.dataformat.xml.ser.XmlSerializerProvider,53.46,53.46,NOT_DETECTED,25,103.87,DONE,MIO_Algorithm/evosuite_budget_summary.csv
Csv,3,MIO (EvoSuite SBST),org.apache.commons.csv.Lexer,97.58,97.58,NOT_DETECTED,25,71.06,DONE,MIO_Algorithm/evosuite_budget_summary.csv
Csv,11,MIO (EvoSuite SBST),org.apache.commons.csv.CSVParser,74.18,74.18,NOT_DETECTED,25,74.05,DONE,MIO_Algorithm/evosuite_budget_summary.csv
Csv,4,MIO (EvoSuite SBST),org.apache.commons.csv.CSVParser,87.73,87.73,NOT_DETECTED,25,71.05,DONE,MIO_Algorithm/evosuite_budget_summary.csv
JacksonXml,5,MIO (EvoSuite SBST),com.fasterxml.jackson.dataformat.xml.ser.XmlSerializerProvider,65.78,65.78,NOT_DETECTED,25,80.52,DONE,MIO_Algorithm/evosuite_budget_summary.csv
Csv,12,MIO (EvoSuite SBST),org.apache.commons.csv.CSVFormat,98.83,98.83,NOT_DETECTED,25,78.08,DONE,MIO_Algorithm/evosuite_budget_summary.csv
Csv,5,MIO (EvoSuite SBST),org.apache.commons.csv.CSVPrinter,86.81,86.81,NOT_DETECTED,25,75.49,DONE,MIO_Algorithm/evosuite_budget_summary.csv
JacksonXml,6,MIO (EvoSuite SBST),com.fasterxml.jackson.dataformat.xml.ser.ToXmlGenerator,54.64,54.64,NOT_DETECTED,25,127.77,DONE,MIO_Algorithm/evosuite_budget_summary.csv
Csv,13,MIO (EvoSuite SBST),org.apache.commons.csv.CSVFormat,97.15,97.15,NOT_DETECTED,25,83.63,DONE,MIO_Algorithm/evosuite_budget_summary.csv
Csv,6,MIO (EvoSuite SBST),org.apache.commons.csv.CSVRecord,96.86,96.86,NOT_DETECTED,25,71.46,DONE,MIO_Algorithm/evosuite_budget_summary.csv
Csv,13,MIO (EvoSuite SBST),org.apache.commons.csv.CSVPrinter,97.15,97.15,NOT_DETECTED,25,74.48,DONE,MIO_Algorithm/evosuite_budget_summary.csv
Csv,7,MIO (EvoSuite SBST),org.apache.commons.csv.CSVParser,88.1,88.1,NOT_DETECTED,25,70.16,DONE,MIO_Algorithm/evosuite_budget_summary.csv
Csv,14,MIO (EvoSuite SBST),org.apache.commons.csv.CSVFormat,94.54,94.54,NOT_DETECTED,25,80.72,DONE,MIO_Algorithm/evosuite_budget_summary.csv
Csv,8,MIO (EvoSuite SBST),org.apache.commons.csv.CSVFormat,99.3,99.3,NOT_DETECTED,25,78.51,DONE,MIO_Algorithm/evosuite_budget_summary.csv
Csv,15,MIO (EvoSuite SBST),org.apache.commons.csv.CSVFormat,95.45,95.45,NOT_DETECTED,25,93.12,DONE,MIO_Algorithm/evosuite_budget_summary.csv
Csv,16,MIO (EvoSuite SBST),org.apache.commons.csv.CSVParser,76.82,76.82,NOT_DETECTED,25,102.24,DONE,MIO_Algorithm/evosuite_budget_summary.csv
Codec,1,MIO (EvoSuite SBST),org.apache.commons.codec.language.Caverphone,100.0,100.0,NOT_DETECTED,25,6.71,DONE,MIO_Algorithm/evosuite_budget_summary.csv
Codec,10,MIO (EvoSuite SBST),org.apache.commons.codec.language.Caverphone,100.0,100.0,NOT_DETECTED,25,6.56,DONE,MIO_Algorithm/evosuite_budget_summary.csv
Codec,11,MIO (EvoSuite SBST),org.apache.commons.codec.net.QuotedPrintableCodec,96.25,96.25,NOT_DETECTED,25,68.62,DONE,MIO_Algorithm/evosuite_budget_summary.csv
Codec,1,MIO (EvoSuite SBST),org.apache.commons.codec.language.Metaphone,100.0,100.0,NOT_DETECTED,25,73.87,DONE,MIO_Algorithm/evosuite_budget_summary.csv
Codec,12,MIO (EvoSuite SBST),org.apache.commons.codec.binary.BaseNCodecInputStream,93.69,93.69,NOT_DETECTED,25,73.75,DONE,MIO_Algorithm/evosuite_budget_summary.csv
Codec,1,MIO (EvoSuite SBST),org.apache.commons.codec.language.SoundexUtils,100.0,100.0,NOT_DETECTED,25,69.61,DONE,MIO_Algorithm/evosuite_budget_summary.csv
Codec,2,MIO (EvoSuite SBST),org.apache.commons.codec.binary.Base64,96.66,96.66,NOT_DETECTED,25,77.82,DONE,MIO_Algorithm/evosuite_budget_summary.csv
Codec,13,MIO (EvoSuite SBST),org.apache.commons.codec.binary.StringUtils,100.0,100.0,NOT_DETECTED,25,68.76,DONE,MIO_Algorithm/evosuite_budget_summary.csv
Codec,13,MIO (EvoSuite SBST),org.apache.commons.codec.language.DoubleMetaphone,100.0,100.0,NOT_DETECTED,25,90.73,DONE,MIO_Algorithm/evosuite_budget_summary.csv
Codec,3,MIO (EvoSuite SBST),org.apache.commons.codec.language.DoubleMetaphone,91.83,91.83,NOT_DETECTED,25,91.96,DONE,MIO_Algorithm/evosuite_budget_summary.csv
Codec,14,MIO (EvoSuite SBST),org.apache.commons.codec.language.bm.PhoneticEngine,18.14,18.14,NOT_DETECTED,25,68.71,DONE,MIO_Algorithm/evosuite_budget_summary.csv
Codec,4,MIO (EvoSuite SBST),org.apache.commons.codec.binary.Base64,99.07,99.07,NOT_DETECTED,25,78.97,DONE,MIO_Algorithm/evosuite_budget_summary.csv
Codec,14,MIO (EvoSuite SBST),org.apache.commons.codec.language.bm.Rule,18.14,18.14,NOT_DETECTED,25,4.45,DONE,MIO_Algorithm/evosuite_budget_summary.csv
Codec,14,MIO (EvoSuite SBST),src.main.resources.org.apache.commons.codec.language.bm.ash_lang.txt,18.14,18.14,NOT_DETECTED,25,3.08,DONE,MIO_Algorithm/evosuite_budget_summary.csv
Codec,15,MIO (EvoSuite SBST),org.apache.commons.codec.language.Soundex,98.81,98.81,NOT_DETECTED,25,69.34,DONE,MIO_Algorithm/evosuite_budget_summary.csv
Codec,5,MIO (EvoSuite SBST),org.apache.commons.codec.binary.Base64,99.15,99.15,NOT_DETECTED,25,75.91,DONE,MIO_Algorithm/evosuite_budget_summary.csv
Codec,16,MIO (EvoSuite SBST),org.apache.commons.codec.binary.Base32,100.0,100.0,NOT_DETECTED,25,72.52,DONE,MIO_Algorithm/evosuite_budget_summary.csv
Codec,6,MIO (EvoSuite SBST),org.apache.commons.codec.binary.Base64InputStream,98.96,98.96,NOT_DETECTED,25,72.31,DONE,MIO_Algorithm/evosuite_budget_summary.csv
Codec,17,MIO (EvoSuite SBST),org.apache.commons.codec.binary.StringUtils,100.0,100.0,NOT_DETECTED,25,69.39,DONE,MIO_Algorithm/evosuite_budget_summary.csv
Codec,7,MIO (EvoSuite SBST),org.apache.commons.codec.binary.Base64,99.0,99.0,NOT_DETECTED,25,76.91,DONE,MIO_Algorithm/evosuite_budget_summary.csv
Codec,18,MIO (EvoSuite SBST),org.apache.commons.codec.binary.StringUtils,100.0,100.0,NOT_DETECTED,25,70.76,DONE,MIO_Algorithm/evosuite_budget_summary.csv
Codec,13,MIO (EvoSuite SBST),org.apache.commons.codec.binary.CharSequenceUtils,100.0,100.0,NOT_DETECTED,25,2.51,DONE,MIO_Algorithm/evosuite_budget_summary.csv
Codec,14,MIO (EvoSuite SBST),org.apache.commons.codec.language.bm.Lang,18.14,18.14,NOT_DETECTED,25,3.89,DONE,MIO_Algorithm/evosuite_budget_summary.csv
Codec,8,MIO (EvoSuite SBST),org.apache.commons.codec.binary.Base64,97.29,97.29,NOT_DETECTED,25,74.14,DONE,MIO_Algorithm/evosuite_budget_summary.csv
Codec,8,MIO (EvoSuite SBST),org.apache.commons.codec.binary.Base64InputStream,97.29,97.29,NOT_DETECTED,25,70.61,DONE,MIO_Algorithm/evosuite_budget_summary.csv
Codec,9,MIO (EvoSuite SBST),org.apache.commons.codec.binary.Base64,96.11,96.11,NOT_DETECTED,25,74.58,DONE,MIO_Algorithm/evosuite_budget_summary.csv
Gson,1,MIO (EvoSuite SBST),com.google.gson.TypeInfoFactory,7.29,7.29,NOT_DETECTED,25,67.02,DONE,MIO_Algorithm/evosuite_budget_summary.csv
Gson,10,MIO (EvoSuite SBST),com.google.gson.internal.bind.ReflectiveTypeAdapterFactory,46.32,46.32,NOT_DETECTED,25,71.52,DONE,MIO_Algorithm/evosuite_budget_summary.csv
Gson,2,MIO (EvoSuite SBST),com.google.gson.internal.bind.TypeAdapters,29.94,29.94,NOT_DETECTED,25,79.78,DONE,MIO_Algorithm/evosuite_budget_summary.csv
Gson,11,MIO (EvoSuite SBST),com.google.gson.internal.bind.TypeAdapters,40.42,40.42,NOT_DETECTED,25,85.85,DONE,MIO_Algorithm/evosuite_budget_summary.csv
Gson,12,MIO (EvoSuite SBST),com.google.gson.internal.bind.JsonTreeReader,90.64,90.64,NOT_DETECTED,25,76.04,DONE,MIO_Algorithm/evosuite_budget_summary.csv
Gson,4,MIO (EvoSuite SBST),com.google.gson.stream.JsonReader,68.28,68.28,NOT_DETECTED,25,94.13,DONE,MIO_Algorithm/evosuite_budget_summary.csv
Gson,13,MIO (EvoSuite SBST),com.google.gson.stream.JsonReader,74.38,74.38,NOT_DETECTED,25,89.59,DONE,MIO_Algorithm/evosuite_budget_summary.csv
Gson,4,MIO (EvoSuite SBST),com.google.gson.stream.JsonWriter,68.28,68.28,NOT_DETECTED,25,72.54,DONE,MIO_Algorithm/evosuite_budget_summary.csv
Gson,5,MIO (EvoSuite SBST),com.google.gson.internal.bind.util.ISO8601Utils,84.36,84.36,NOT_DETECTED,25,72.28,DONE,MIO_Algorithm/evosuite_budget_summary.csv
Gson,15,MIO (EvoSuite SBST),com.google.gson.stream.JsonWriter,92.3,92.3,NOT_DETECTED,25,71.6,DONE,MIO_Algorithm/evosuite_budget_summary.csv
Gson,6,MIO (EvoSuite SBST),com.google.gson.internal.bind.JsonAdapterAnnotationTypeAdapterFactory,75.36,75.36,NOT_DETECTED,25,69.89,DONE,MIO_Algorithm/evosuite_budget_summary.csv
Gson,17,MIO (EvoSuite SBST),com.google.gson.DefaultDateTypeAdapter,68.21,68.21,NOT_DETECTED,25,67.12,DONE,MIO_Algorithm/evosuite_budget_summary.csv
Gson,7,MIO (EvoSuite SBST),com.google.gson.stream.JsonReader,72.11,72.11,NOT_DETECTED,25,91.51,DONE,MIO_Algorithm/evosuite_budget_summary.csv
Gson,9,MIO (EvoSuite SBST),com.google.gson.internal.bind.JsonTreeWriter,92.61,92.61,NOT_DETECTED,25,72.1,DONE,MIO_Algorithm/evosuite_budget_summary.csv
Gson,9,MIO (EvoSuite SBST),com.google.gson.internal.bind.TypeAdapters,92.61,92.61,NOT_DETECTED,25,75.39,DONE,MIO_Algorithm/evosuite_budget_summary.csv
Gson,9,MIO (EvoSuite SBST),com.google.gson.stream.JsonWriter,92.61,92.61,NOT_DETECTED,25,72.98,DONE,MIO_Algorithm/evosuite_budget_summary.csv
JxPath,1,MIO (EvoSuite SBST),org.apache.commons.jxpath.ri.model.dom.DOMNodePointer,75.46,75.46,NOT_DETECTED,25,95.6,DONE,MIO_Algorithm/evosuite_budget_summary.csv
JxPath,12,MIO (EvoSuite SBST),org.apache.commons.jxpath.ri.model.dom.DOMNodePointer,78.04,78.04,NOT_DETECTED,25,81.36,DONE,MIO_Algorithm/evosuite_budget_summary.csv
JxPath,13,MIO (EvoSuite SBST),org.apache.commons.jxpath.ri.NamespaceResolver,84.2,84.2,NOT_DETECTED,25,71.76,DONE,MIO_Algorithm/evosuite_budget_summary.csv
JxPath,1,MIO (EvoSuite SBST),org.apache.commons.jxpath.ri.model.jdom.JDOMNodePointer,75.46,75.46,NOT_DETECTED,25,92.09,DONE,MIO_Algorithm/evosuite_budget_summary.csv
JxPath,13,MIO (EvoSuite SBST),org.apache.commons.jxpath.ri.model.dom.DOMNodePointer,84.2,84.2,NOT_DETECTED,25,111.59,DONE,MIO_Algorithm/evosuite_budget_summary.csv
JxPath,2,MIO (EvoSuite SBST),org.apache.commons.jxpath.ri.compiler.Expression,93.23,93.23,NOT_DETECTED,25,71.99,DONE,MIO_Algorithm/evosuite_budget_summary.csv
JxPath,3,MIO (EvoSuite SBST),org.apache.commons.jxpath.ri.model.beans.NullPropertyPointer,92.48,92.48,NOT_DETECTED,25,88.18,DONE,MIO_Algorithm/evosuite_budget_summary.csv
JxPath,14,MIO (EvoSuite SBST),org.apache.commons.jxpath.ri.compiler.CoreFunction,80.15,80.15,NOT_DETECTED,25,95.08,DONE,MIO_Algorithm/evosuite_budget_summary.csv
JxPath,4,MIO (EvoSuite SBST),org.apache.commons.jxpath.ri.model.dom.DOMNodePointer,77.1,77.1,NOT_DETECTED,25,114.33,DONE,MIO_Algorithm/evosuite_budget_summary.csv
JxPath,15,MIO (EvoSuite SBST),org.apache.commons.jxpath.ri.axes.UnionContext,100.0,100.0,NOT_DETECTED,25,70.65,DONE,MIO_Algorithm/evosuite_budget_summary.csv
JxPath,16,MIO (EvoSuite SBST),org.apache.commons.jxpath.ri.model.dom.DOMNodePointer,78.7,78.7,NOT_DETECTED,25,100.96,DONE,MIO_Algorithm/evosuite_budget_summary.csv
JxPath,4,MIO (EvoSuite SBST),org.apache.commons.jxpath.ri.model.jdom.JDOMNodePointer,77.1,77.1,NOT_DETECTED,25,92.88,DONE,MIO_Algorithm/evosuite_budget_summary.csv
JxPath,16,MIO (EvoSuite SBST),org.apache.commons.jxpath.ri.model.jdom.JDOMNodePointer,78.7,78.7,NOT_DETECTED,25,109.7,DONE,MIO_Algorithm/evosuite_budget_summary.csv
JxPath,5,MIO (EvoSuite SBST),org.apache.commons.jxpath.ri.model.NodePointer,80.94,80.94,NOT_DETECTED,25,85.4,DONE,MIO_Algorithm/evosuite_budget_summary.csv
JxPath,6,MIO (EvoSuite SBST),org.apache.commons.jxpath.ri.compiler.CoreOperationCompare,90.04,90.04,NOT_DETECTED,25,75.54,DONE,MIO_Algorithm/evosuite_budget_summary.csv
JxPath,17,MIO (EvoSuite SBST),org.apache.commons.jxpath.ri.model.dom.DOMAttributeIterator,87.02,87.02,NOT_DETECTED,25,74.0,DONE,MIO_Algorithm/evosuite_budget_summary.csv
JxPath,7,MIO (EvoSuite SBST),org.apache.commons.jxpath.ri.compiler.CoreOperationGreaterThan,91.67,91.67,NOT_DETECTED,25,69.68,DONE,MIO_Algorithm/evosuite_budget_summary.csv
JxPath,17,MIO (EvoSuite SBST),org.apache.commons.jxpath.ri.model.jdom.JDOMAttributeIterator,87.02,87.02,NOT_DETECTED,25,70.85,DONE,MIO_Algorithm/evosuite_budget_summary.csv
JxPath,7,MIO (EvoSuite SBST),org.apache.commons.jxpath.ri.compiler.CoreOperationGreaterThanOrEqual,91.67,91.67,NOT_DETECTED,25,71.53,DONE,MIO_Algorithm/evosuite_budget_summary.csv
JxPath,18,MIO (EvoSuite SBST),org.apache.commons.jxpath.ri.axes.AttributeContext,100.0,100.0,NOT_DETECTED,25,72.4,DONE,MIO_Algorithm/evosuite_budget_summary.csv
JxPath,7,MIO (EvoSuite SBST),org.apache.commons.jxpath.ri.compiler.CoreOperationLessThan,91.67,91.67,NOT_DETECTED,25,69.43,DONE,MIO_Algorithm/evosuite_budget_summary.csv
JxPath,19,MIO (EvoSuite SBST),org.apache.commons.jxpath.ri.model.dom.DOMNodePointer,79.55,79.55,NOT_DETECTED,25,100.19,DONE,MIO_Algorithm/evosuite_budget_summary.csv
JxPath,7,MIO (EvoSuite SBST),org.apache.commons.jxpath.ri.compiler.CoreOperationLessThanOrEqual,91.67,91.67,NOT_DETECTED,25,70.26,DONE,MIO_Algorithm/evosuite_budget_summary.csv
JxPath,19,MIO (EvoSuite SBST),org.apache.commons.jxpath.ri.model.jdom.JDOMNodePointer,79.55,79.55,NOT_DETECTED,25,92.47,DONE,MIO_Algorithm/evosuite_budget_summary.csv
JxPath,7,MIO (EvoSuite SBST),org.apache.commons.jxpath.ri.compiler.CoreOperationRelationalExpression,91.67,91.67,NOT_DETECTED,25,29.6,DONE,MIO_Algorithm/evosuite_budget_summary.csv
JxPath,8,MIO (EvoSuite SBST),org.apache.commons.jxpath.ri.compiler.CoreOperationRelationalExpression,71.99,71.99,NOT_DETECTED,25,71.02,DONE,MIO_Algorithm/evosuite_budget_summary.csv
JxPath,20,MIO (EvoSuite SBST),org.apache.commons.jxpath.ri.compiler.CoreOperationRelationalExpression,83.28,83.28,NOT_DETECTED,25,71.83,DONE,MIO_Algorithm/evosuite_budget_summary.csv
JxPath,9,MIO (EvoSuite SBST),org.apache.commons.jxpath.ri.compiler.CoreOperationCompare,91.61,91.61,NOT_DETECTED,25,76.4,DONE,MIO_Algorithm/evosuite_budget_summary.csv
JxPath,21,MIO (EvoSuite SBST),org.apache.commons.jxpath.ri.model.beans.PropertyPointer,70.29,70.29,NOT_DETECTED,25,73.68,DONE,MIO_Algorithm/evosuite_budget_summary.csv
JxPath,9,MIO (EvoSuite SBST),org.apache.commons.jxpath.ri.compiler.CoreOperationEqual,91.61,91.61,NOT_DETECTED,25,67.9,DONE,MIO_Algorithm/evosuite_budget_summary.csv
JxPath,22,MIO (EvoSuite SBST),org.apache.commons.jxpath.ri.model.dom.DOMNodePointer,78.56,78.56,NOT_DETECTED,25,91.94,DONE,MIO_Algorithm/evosuite_budget_summary.csv
JxPath,9,MIO (EvoSuite SBST),org.apache.commons.jxpath.ri.compiler.CoreOperationNotEqual,91.61,91.61,NOT_DETECTED,25,47.54,DONE,MIO_Algorithm/evosuite_budget_summary.csv
JxPath,10,MIO (EvoSuite SBST),org.apache.commons.jxpath.ri.compiler.CoreOperationRelationalExpression,78.0,78.0,NOT_DETECTED,25,68.86,DONE,MIO_Algorithm/evosuite_budget_summary.csv
JxPath,11,MIO (EvoSuite SBST),org.apache.commons.jxpath.ri.model.dom.DOMAttributeIterator,90.15,90.15,NOT_DETECTED,25,70.8,DONE,MIO_Algorithm/evosuite_budget_summary.csv
JxPath,11,MIO (EvoSuite SBST),org.apache.commons.jxpath.ri.model.jdom.JDOMAttributeIterator,90.15,90.15,NOT_DETECTED,25,69.79,DONE,MIO_Algorithm/evosuite_budget_summary.csv
Chart,1,MIO (EvoSuite SBST),org.jfree.chart.renderer.category.AbstractCategoryItemRenderer,54.81,54.81,NOT_DETECTED,25,115.12,DONE,MIO_Algorithm/evosuite_budget_summary.csv
Chart,14,MIO (EvoSuite SBST),org.jfree.chart.plot.CategoryPlot,77.6,77.6,NOT_DETECTED,25,158.44,DONE,MIO_Algorithm/evosuite_budget_summary.csv
Chart,2,MIO (EvoSuite SBST),org.jfree.data.general.DatasetUtilities,83.25,83.25,NOT_DETECTED,25,96.61,DONE,MIO_Algorithm/evosuite_budget_summary.csv
Chart,14,MIO (EvoSuite SBST),org.jfree.chart.plot.XYPlot,77.6,77.6,NOT_DETECTED,25,104.3,DONE,MIO_Algorithm/evosuite_budget_summary.csv
Chart,3,MIO (EvoSuite SBST),org.jfree.data.time.TimeSeries,91.83,91.83,NOT_DETECTED,25,86.91,DONE,MIO_Algorithm/evosuite_budget_summary.csv
Chart,15,MIO (EvoSuite SBST),org.jfree.chart.plot.PiePlot,65.13,65.13,NOT_DETECTED,25,134.48,DONE,MIO_Algorithm/evosuite_budget_summary.csv
Chart,4,MIO (EvoSuite SBST),org.jfree.chart.plot.XYPlot,61.94,61.94,NOT_DETECTED,25,166.03,DONE,MIO_Algorithm/evosuite_budget_summary.csv
Chart,16,MIO (EvoSuite SBST),org.jfree.data.category.DefaultIntervalCategoryDataset,95.2,95.2,NOT_DETECTED,25,87.04,DONE,MIO_Algorithm/evosuite_budget_summary.csv
Chart,5,MIO (EvoSuite SBST),org.jfree.data.xy.XYSeries,98.32,98.32,NOT_DETECTED,25,72.79,DONE,MIO_Algorithm/evosuite_budget_summary.csv
Chart,17,MIO (EvoSuite SBST),org.jfree.data.time.TimeSeries,93.33,93.33,NOT_DETECTED,25,87.25,DONE,MIO_Algorithm/evosuite_budget_summary.csv
Chart,6,MIO (EvoSuite SBST),org.jfree.chart.util.ShapeList,47.16,47.16,NOT_DETECTED,25,69.39,DONE,MIO_Algorithm/evosuite_budget_summary.csv
Chart,18,MIO (EvoSuite SBST),org.jfree.data.DefaultKeyedValues,98.4,98.4,NOT_DETECTED,25,74.78,DONE,MIO_Algorithm/evosuite_budget_summary.csv
Chart,7,MIO (EvoSuite SBST),org.jfree.data.time.TimePeriodValues,99.37,99.37,NOT_DETECTED,25,80.32,DONE,MIO_Algorithm/evosuite_budget_summary.csv
Chart,18,MIO (EvoSuite SBST),org.jfree.data.DefaultKeyedValues2D,98.4,98.4,NOT_DETECTED,25,73.09,DONE,MIO_Algorithm/evosuite_budget_summary.csv
Chart,8,MIO (EvoSuite SBST),org.jfree.data.time.Week,89.97,89.97,NOT_DETECTED,25,84.89,DONE,MIO_Algorithm/evosuite_budget_summary.csv
Chart,19,MIO (EvoSuite SBST),org.jfree.chart.plot.CategoryPlot,74.74,74.74,NOT_DETECTED,25,130.57,DONE,MIO_Algorithm/evosuite_budget_summary.csv
Chart,9,MIO (EvoSuite SBST),org.jfree.data.time.TimeSeries,94.17,94.17,NOT_DETECTED,25,84.42,DONE,MIO_Algorithm/evosuite_budget_summary.csv
Chart,10,MIO (EvoSuite SBST),org.jfree.chart.imagemap.StandardToolTipTagFragmentGenerator,100.0,100.0,NOT_DETECTED,25,5.87,DONE,MIO_Algorithm/evosuite_budget_summary.csv
Chart,11,MIO (EvoSuite SBST),org.jfree.chart.util.ShapeUtilities,96.44,96.44,NOT_DETECTED,25,84.41,DONE,MIO_Algorithm/evosuite_budget_summary.csv
Chart,20,MIO (EvoSuite SBST),org.jfree.chart.plot.ValueMarker,93.88,93.88,NOT_DETECTED,25,78.51,DONE,MIO_Algorithm/evosuite_budget_summary.csv
Chart,12,MIO (EvoSuite SBST),org.jfree.chart.plot.MultiplePiePlot,78.8,78.8,NOT_DETECTED,25,91.34,DONE,MIO_Algorithm/evosuite_budget_summary.csv
Chart,21,MIO (EvoSuite SBST),org.jfree.data.statistics.DefaultBoxAndWhiskerCategoryDataset,88.41,88.41,NOT_DETECTED,25,84.35,DONE,MIO_Algorithm/evosuite_budget_summary.csv
Chart,13,MIO (EvoSuite SBST),org.jfree.chart.block.BorderArrangement,95.42,95.42,NOT_DETECTED,25,76.96,DONE,MIO_Algorithm/evosuite_budget_summary.csv
Chart,22,MIO (EvoSuite SBST),org.jfree.data.KeyedObjects2D,94.95,94.95,NOT_DETECTED,25,71.75,DONE,MIO_Algorithm/evosuite_budget_summary.csv
Chart,23,MIO (EvoSuite SBST),org.jfree.chart.renderer.category.MinMaxCategoryRenderer,40.5,40.5,NOT_DETECTED,25,84.5,DONE,MIO_Algorithm/evosuite_budget_summary.csv
Chart,24,MIO (EvoSuite SBST),org.jfree.chart.renderer.GrayPaintScale,100.0,100.0,NOT_DETECTED,25,68.22,DONE,MIO_Algorithm/evosuite_budget_summary.csv
Chart,25,MIO (EvoSuite SBST),org.jfree.chart.renderer.category.StatisticalBarRenderer,23.04,23.04,NOT_DETECTED,25,78.76,DONE,MIO_Algorithm/evosuite_budget_summary.csv
Chart,26,MIO (EvoSuite SBST),org.jfree.chart.axis.Axis,84.12,84.12,NOT_DETECTED,25,107.97,DONE,MIO_Algorithm/evosuite_budget_summary.csv
JacksonCore,1,MIO (EvoSuite SBST),com.fasterxml.jackson.core.io.NumberInput,95.69,95.69,NOT_DETECTED,25,76.69,DONE,MIO_Algorithm/evosuite_budget_summary.csv
JacksonCore,15,MIO (EvoSuite SBST),com.fasterxml.jackson.core.filter.FilteringParserDelegate,50.12,50.12,NOT_DETECTED,25,91.83,DONE,MIO_Algorithm/evosuite_budget_summary.csv
JacksonCore,1,MIO (EvoSuite SBST),com.fasterxml.jackson.core.util.TextBuffer,95.69,95.69,NOT_DETECTED,25,84.65,DONE,MIO_Algorithm/evosuite_budget_summary.csv
JacksonCore,16,MIO (EvoSuite SBST),com.fasterxml.jackson.core.util.JsonParserSequence,97.22,97.22,NOT_DETECTED,25,71.58,DONE,MIO_Algorithm/evosuite_budget_summary.csv
JacksonCore,2,MIO (EvoSuite SBST),com.fasterxml.jackson.core.json.ReaderBasedJsonParser,56.7,56.7,NOT_DETECTED,25,96.51,DONE,MIO_Algorithm/evosuite_budget_summary.csv
JacksonCore,17,MIO (EvoSuite SBST),com.fasterxml.jackson.core.json.UTF8JsonGenerator,60.94,60.94,NOT_DETECTED,25,128.15,DONE,MIO_Algorithm/evosuite_budget_summary.csv
JacksonCore,2,MIO (EvoSuite SBST),com.fasterxml.jackson.core.json.UTF8StreamJsonParser,56.7,56.7,NOT_DETECTED,25,83.34,DONE,MIO_Algorithm/evosuite_budget_summary.csv
JacksonCore,3,MIO (EvoSuite SBST),com.fasterxml.jackson.core.json.UTF8StreamJsonParser,13.51,13.51,NOT_DETECTED,25,137.16,DONE,MIO_Algorithm/evosuite_budget_summary.csv
JacksonCore,18,MIO (EvoSuite SBST),com.fasterxml.jackson.core.base.GeneratorBase,65.85,65.85,NOT_DETECTED,25,73.75,DONE,MIO_Algorithm/evosuite_budget_summary.csv
JacksonCore,4,MIO (EvoSuite SBST),com.fasterxml.jackson.core.util.TextBuffer,98.62,98.62,NOT_DETECTED,25,89.38,DONE,MIO_Algorithm/evosuite_budget_summary.csv
JacksonCore,18,MIO (EvoSuite SBST),com.fasterxml.jackson.core.json.UTF8JsonGenerator,65.85,65.85,NOT_DETECTED,25,68.52,DONE,MIO_Algorithm/evosuite_budget_summary.csv
JacksonCore,5,MIO (EvoSuite SBST),com.fasterxml.jackson.core.JsonPointer,94.02,94.02,NOT_DETECTED,25,71.87,DONE,MIO_Algorithm/evosuite_budget_summary.csv
JacksonCore,18,MIO (EvoSuite SBST),com.fasterxml.jackson.core.json.WriterBasedJsonGenerator,65.85,65.85,NOT_DETECTED,25,138.85,DONE,MIO_Algorithm/evosuite_budget_summary.csv
JacksonCore,6,MIO (EvoSuite SBST),com.fasterxml.jackson.core.JsonPointer,95.34,95.34,NOT_DETECTED,25,71.64,DONE,MIO_Algorithm/evosuite_budget_summary.csv
JacksonCore,19,MIO (EvoSuite SBST),com.fasterxml.jackson.core.json.ReaderBasedJsonParser,45.17,45.17,NOT_DETECTED,25,105.7,DONE,MIO_Algorithm/evosuite_budget_summary.csv
JacksonCore,7,MIO (EvoSuite SBST),com.fasterxml.jackson.core.json.JsonWriteContext,100.0,100.0,NOT_DETECTED,25,74.07,DONE,MIO_Algorithm/evosuite_budget_summary.csv
JacksonCore,8,MIO (EvoSuite SBST),com.fasterxml.jackson.core.util.TextBuffer,97.35,97.35,NOT_DETECTED,25,72.89,DONE,MIO_Algorithm/evosuite_budget_summary.csv
JacksonCore,19,MIO (EvoSuite SBST),com.fasterxml.jackson.core.json.UTF8StreamJsonParser,45.17,45.17,NOT_DETECTED,25,114.0,DONE,MIO_Algorithm/evosuite_budget_summary.csv
JacksonCore,9,MIO (EvoSuite SBST),com.fasterxml.jackson.core.base.ParserMinimalBase,31.03,31.03,NOT_DETECTED,25,78.43,DONE,MIO_Algorithm/evosuite_budget_summary.csv
JacksonCore,20,MIO (EvoSuite SBST),com.fasterxml.jackson.core.JsonGenerator,55.09,55.09,NOT_DETECTED,25,84.03,DONE,MIO_Algorithm/evosuite_budget_summary.csv
JacksonCore,9,MIO (EvoSuite SBST),com.fasterxml.jackson.core.json.ReaderBasedJsonParser,31.03,31.03,NOT_DETECTED,25,188.44,DONE,MIO_Algorithm/evosuite_budget_summary.csv
JacksonCore,21,MIO (EvoSuite SBST),com.fasterxml.jackson.core.filter.FilteringParserDelegate,43.11,43.11,NOT_DETECTED,25,120.17,DONE,MIO_Algorithm/evosuite_budget_summary.csv
JacksonCore,9,MIO (EvoSuite SBST),com.fasterxml.jackson.core.json.UTF8StreamJsonParser,31.03,31.03,NOT_DETECTED,25,136.21,DONE,MIO_Algorithm/evosuite_budget_summary.csv
JacksonCore,22,MIO (EvoSuite SBST),com.fasterxml.jackson.core.filter.FilteringParserDelegate,44.45,44.45,NOT_DETECTED,25,87.36,DONE,MIO_Algorithm/evosuite_budget_summary.csv
JacksonCore,10,MIO (EvoSuite SBST),com.fasterxml.jackson.core.sym.ByteQuadsCanonicalizer,72.16,72.16,NOT_DETECTED,25,94.52,DONE,MIO_Algorithm/evosuite_budget_summary.csv
JacksonCore,11,MIO (EvoSuite SBST),com.fasterxml.jackson.core.sym.ByteQuadsCanonicalizer,77.87,77.87,NOT_DETECTED,25,76.43,DONE,MIO_Algorithm/evosuite_budget_summary.csv
JacksonCore,24,MIO (EvoSuite SBST),com.fasterxml.jackson.core.base.ParserBase,21.96,21.96,NOT_DETECTED,25,76.95,DONE,MIO_Algorithm/evosuite_budget_summary.csv
JacksonCore,12,MIO (EvoSuite SBST),com.fasterxml.jackson.core.json.ReaderBasedJsonParser,48.72,48.72,NOT_DETECTED,25,84.02,DONE,MIO_Algorithm/evosuite_budget_summary.csv
JacksonCore,24,MIO (EvoSuite SBST),com.fasterxml.jackson.core.base.ParserMinimalBase,21.96,21.96,NOT_DETECTED,25,79.4,DONE,MIO_Algorithm/evosuite_budget_summary.csv
JacksonCore,12,MIO (EvoSuite SBST),com.fasterxml.jackson.core.json.UTF8StreamJsonParser,48.72,48.72,NOT_DETECTED,25,79.92,DONE,MIO_Algorithm/evosuite_budget_summary.csv
JacksonCore,25,MIO (EvoSuite SBST),com.fasterxml.jackson.core.json.ReaderBasedJsonParser,46.27,46.27,NOT_DETECTED,25,89.68,DONE,MIO_Algorithm/evosuite_budget_summary.csv
JacksonCore,14,MIO (EvoSuite SBST),com.fasterxml.jackson.core.io.IOContext,100.0,100.0,NOT_DETECTED,25,70.69,DONE,MIO_Algorithm/evosuite_budget_summary.csv
JacksonCore,13,MIO (EvoSuite SBST),com.fasterxml.jackson.core.json.JsonGeneratorImpl,95.39,95.39,NOT_DETECTED,25,69.45,DONE,MIO_Algorithm/evosuite_budget_summary.csv
JacksonCore,26,MIO (EvoSuite SBST),com.fasterxml.jackson.core.json.async.NonBlockingJsonParser,28.34,28.34,NOT_DETECTED,25,89.82,DONE,MIO_Algorithm/evosuite_budget_summary.csv
Time,1,MIO (EvoSuite SBST),org.joda.time.field.UnsupportedDurationField,91.96,91.96,NOT_DETECTED,25,80.53,DONE,MIO_Algorithm/evosuite_budget_summary.csv
Time,14,MIO (EvoSuite SBST),org.joda.time.chrono.BasicMonthOfYearDateTimeField,98.24,98.24,NOT_DETECTED,25,82.98,DONE,MIO_Algorithm/evosuite_budget_summary.csv
Time,1,MIO (EvoSuite SBST),org.joda.time.Partial,91.96,91.96,NOT_DETECTED,25,98.27,DONE,MIO_Algorithm/evosuite_budget_summary.csv
Time,15,MIO (EvoSuite SBST),org.joda.time.field.FieldUtils,96.91,96.91,NOT_DETECTED,25,89.25,DONE,MIO_Algorithm/evosuite_budget_summary.csv
Time,16,MIO (EvoSuite SBST),org.joda.time.format.DateTimeFormatter,95.11,95.11,NOT_DETECTED,25,86.34,DONE,MIO_Algorithm/evosuite_budget_summary.csv
Time,2,MIO (EvoSuite SBST),org.joda.time.field.UnsupportedDurationField,91.68,91.68,NOT_DETECTED,25,82.81,DONE,MIO_Algorithm/evosuite_budget_summary.csv
Time,2,MIO (EvoSuite SBST),org.joda.time.Partial,91.68,91.68,NOT_DETECTED,25,88.77,DONE,MIO_Algorithm/evosuite_budget_summary.csv
Time,17,MIO (EvoSuite SBST),org.joda.time.DateTimeZone,84.23,84.23,NOT_DETECTED,25,100.19,DONE,MIO_Algorithm/evosuite_budget_summary.csv
Time,3,MIO (EvoSuite SBST),org.joda.time.MutableDateTime,95.76,95.76,NOT_DETECTED,25,105.45,DONE,MIO_Algorithm/evosuite_budget_summary.csv
Time,18,MIO (EvoSuite SBST),org.joda.time.chrono.GJChronology,83.11,83.11,NOT_DETECTED,25,84.32,DONE,MIO_Algorithm/evosuite_budget_summary.csv
Time,19,MIO (EvoSuite SBST),org.joda.time.DateTimeZone,83.89,83.89,NOT_DETECTED,25,95.11,DONE,MIO_Algorithm/evosuite_budget_summary.csv
Time,4,MIO (EvoSuite SBST),org.joda.time.Partial,99.49,99.49,NOT_DETECTED,25,87.28,DONE,MIO_Algorithm/evosuite_budget_summary.csv
Time,5,MIO (EvoSuite SBST),org.joda.time.Period,100.0,100.0,NOT_DETECTED,25,99.19,DONE,MIO_Algorithm/evosuite_budget_summary.csv
Time,20,MIO (EvoSuite SBST),org.joda.time.format.DateTimeFormatterBuilder,83.91,83.91,NOT_DETECTED,25,106.76,DONE,MIO_Algorithm/evosuite_budget_summary.csv
Time,6,MIO (EvoSuite SBST),org.joda.time.chrono.GJChronology,82.53,82.53,NOT_DETECTED,25,97.61,DONE,MIO_Algorithm/evosuite_budget_summary.csv
Time,22,MIO (EvoSuite SBST),org.joda.time.base.BasePeriod,97.9,97.9,NOT_DETECTED,25,86.26,DONE,MIO_Algorithm/evosuite_budget_summary.csv
Time,23,MIO (EvoSuite SBST),org.joda.time.DateTimeZone,82.09,82.09,NOT_DETECTED,25,96.63,DONE,MIO_Algorithm/evosuite_budget_summary.csv
Time,7,MIO (EvoSuite SBST),org.joda.time.format.DateTimeFormatter,95.61,95.61,NOT_DETECTED,25,86.14,DONE,MIO_Algorithm/evosuite_budget_summary.csv
Time,8,MIO (EvoSuite SBST),org.joda.time.DateTimeZone,80.74,80.74,NOT_DETECTED,25,95.52,DONE,MIO_Algorithm/evosuite_budget_summary.csv
Time,24,MIO (EvoSuite SBST),org.joda.time.format.DateTimeParserBucket,94.54,94.54,NOT_DETECTED,25,80.21,DONE,MIO_Algorithm/evosuite_budget_summary.csv
Time,25,MIO (EvoSuite SBST),org.joda.time.DateTimeZone,81.89,81.89,NOT_DETECTED,25,96.91,DONE,MIO_Algorithm/evosuite_budget_summary.csv
Time,9,MIO (EvoSuite SBST),org.joda.time.DateTimeZone,79.74,79.74,NOT_DETECTED,25,96.08,DONE,MIO_Algorithm/evosuite_budget_summary.csv
Time,26,MIO (EvoSuite SBST),org.joda.time.chrono.ZonedChronology,95.45,95.45,NOT_DETECTED,25,92.44,DONE,MIO_Algorithm/evosuite_budget_summary.csv
Time,10,MIO (EvoSuite SBST),org.joda.time.base.BaseSingleFieldPeriod,95.97,95.97,NOT_DETECTED,25,71.99,DONE,MIO_Algorithm/evosuite_budget_summary.csv
Time,11,MIO (EvoSuite SBST),org.joda.time.tz.ZoneInfoCompiler,46.3,46.3,NOT_DETECTED,25,84.45,DONE,MIO_Algorithm/evosuite_budget_summary.csv
Time,26,MIO (EvoSuite SBST),org.joda.time.DateTimeZone,95.45,95.45,NOT_DETECTED,25,86.89,DONE,MIO_Algorithm/evosuite_budget_summary.csv
Time,26,MIO (EvoSuite SBST),org.joda.time.field.LenientDateTimeField,95.45,95.45,NOT_DETECTED,25,71.27,DONE,MIO_Algorithm/evosuite_budget_summary.csv
Time,12,MIO (EvoSuite SBST),org.joda.time.LocalDate,93.89,93.89,NOT_DETECTED,25,152.78,DONE,MIO_Algorithm/evosuite_budget_summary.csv
Time,27,MIO (EvoSuite SBST),org.joda.time.format.PeriodFormatterBuilder,88.99,88.99,NOT_DETECTED,25,115.27,DONE,MIO_Algorithm/evosuite_budget_summary.csv
Time,12,MIO (EvoSuite SBST),org.joda.time.LocalDateTime,93.89,93.89,NOT_DETECTED,25,149.33,DONE,MIO_Algorithm/evosuite_budget_summary.csv
Time,13,MIO (EvoSuite SBST),org.joda.time.format.PeriodFormatterBuilder,88.81,88.81,NOT_DETECTED,25,115.22,DONE,MIO_Algorithm/evosuite_budget_summary.csv
Collections,15,MIO (EvoSuite SBST),org.apache.commons.collections.list.SetUniqueList,99.09,99.09,NOT_DETECTED,25,71.8,DONE,MIO_Algorithm/evosuite_budget_summary.csv
Collections,1,MIO (EvoSuite SBST),org.apache.commons.collections.map.Flat3Map,81.01,81.01,NOT_DETECTED,25,75.85,DONE,MIO_Algorithm/evosuite_budget_summary.csv
Collections,16,MIO (EvoSuite SBST),org.apache.commons.collections.list.SetUniqueList,99.48,99.48,NOT_DETECTED,25,73.41,DONE,MIO_Algorithm/evosuite_budget_summary.csv
Collections,2,MIO (EvoSuite SBST),org.apache.commons.collections.ExtendedProperties,75.0,75.0,NOT_DETECTED,25,85.33,DONE,MIO_Algorithm/evosuite_budget_summary.csv
Collections,17,MIO (EvoSuite SBST),org.apache.commons.collections.functors.EqualPredicate,100.0,100.0,NOT_DETECTED,25,27.55,DONE,MIO_Algorithm/evosuite_budget_summary.csv
Collections,18,MIO (EvoSuite SBST),org.apache.commons.collections.set.ListOrderedSet,96.5,96.5,NOT_DETECTED,25,70.0,DONE,MIO_Algorithm/evosuite_budget_summary.csv
Collections,3,MIO (EvoSuite SBST),org.apache.commons.collections.CollectionUtils,97.05,97.05,NOT_DETECTED,25,83.88,DONE,MIO_Algorithm/evosuite_budget_summary.csv
Collections,19,MIO (EvoSuite SBST),org.apache.commons.collections.list.SetUniqueList,96.51,96.51,NOT_DETECTED,25,74.01,DONE,MIO_Algorithm/evosuite_budget_summary.csv
Collections,4,MIO (EvoSuite SBST),org.apache.commons.collections.map.MultiValueMap,91.13,91.13,NOT_DETECTED,25,74.46,DONE,MIO_Algorithm/evosuite_budget_summary.csv
Collections,20,MIO (EvoSuite SBST),org.apache.commons.collections.list.TreeList,96.38,96.38,NOT_DETECTED,25,72.41,DONE,MIO_Algorithm/evosuite_budget_summary.csv
Collections,5,MIO (EvoSuite SBST),org.apache.commons.collections.list.SetUniqueList,98.37,98.37,NOT_DETECTED,25,74.53,DONE,MIO_Algorithm/evosuite_budget_summary.csv
Collections,21,MIO (EvoSuite SBST),org.apache.commons.collections4.list.SetUniqueList,98.44,98.44,NOT_DETECTED,25,73.8,DONE,MIO_Algorithm/evosuite_budget_summary.csv
Collections,6,MIO (EvoSuite SBST),org.apache.commons.collections.map.Flat3Map,84.65,84.65,NOT_DETECTED,25,89.46,DONE,MIO_Algorithm/evosuite_budget_summary.csv
Collections,22,MIO (EvoSuite SBST),org.apache.commons.collections4.map.ListOrderedMap,83.85,83.85,NOT_DETECTED,25,73.5,DONE,MIO_Algorithm/evosuite_budget_summary.csv
Collections,7,MIO (EvoSuite SBST),org.apache.commons.collections.ExtendedProperties,75.82,75.82,NOT_DETECTED,25,83.14,DONE,MIO_Algorithm/evosuite_budget_summary.csv
Collections,23,MIO (EvoSuite SBST),org.apache.commons.collections4.trie.UnmodifiableTrie,100.0,100.0,NOT_DETECTED,25,14.24,DONE,MIO_Algorithm/evosuite_budget_summary.csv
Collections,24,MIO (EvoSuite SBST),org.apache.commons.collections4.collection.UnmodifiableBoundedCollection,63.82,63.82,NOT_DETECTED,25,69.35,DONE,MIO_Algorithm/evosuite_budget_summary.csv
Collections,8,MIO (EvoSuite SBST),org.apache.commons.collections.buffer.UnboundedFifoBuffer,83.38,83.38,NOT_DETECTED,25,73.22,DONE,MIO_Algorithm/evosuite_budget_summary.csv
Collections,25,MIO (EvoSuite SBST),org.apache.commons.collections4.IteratorUtils,68.49,68.49,NOT_DETECTED,25,89.87,DONE,MIO_Algorithm/evosuite_budget_summary.csv
Collections,9,MIO (EvoSuite SBST),org.apache.commons.collections.ExtendedProperties,74.13,74.13,NOT_DETECTED,25,86.36,DONE,MIO_Algorithm/evosuite_budget_summary.csv
Collections,26,MIO (EvoSuite SBST),org.apache.commons.collections4.keyvalue.MultiKey,89.72,89.72,NOT_DETECTED,25,70.46,DONE,MIO_Algorithm/evosuite_budget_summary.csv
Collections,10,MIO (EvoSuite SBST),org.apache.commons.collections.map.MultiValueMap,86.9,86.9,NOT_DETECTED,25,76.51,DONE,MIO_Algorithm/evosuite_budget_summary.csv
Collections,27,MIO (EvoSuite SBST),org.apache.commons.collections4.map.MultiValueMap,71.28,71.28,NOT_DETECTED,25,76.13,DONE,MIO_Algorithm/evosuite_budget_summary.csv
Collections,11,MIO (EvoSuite SBST),org.apache.commons.collections.keyvalue.MultiKey,94.29,94.29,NOT_DETECTED,25,70.07,DONE,MIO_Algorithm/evosuite_budget_summary.csv
Collections,28,MIO (EvoSuite SBST),org.apache.commons.collections4.trie.AbstractPatriciaTrie,51.48,51.48,NOT_DETECTED,25,139.22,DONE,MIO_Algorithm/evosuite_budget_summary.csv
Collections,12,MIO (EvoSuite SBST),org.apache.commons.collections.ExtendedProperties,76.66,76.66,NOT_DETECTED,25,87.14,DONE,MIO_Algorithm/evosuite_budget_summary.csv
Collections,13,MIO (EvoSuite SBST),org.apache.commons.collections.ExtendedProperties,75.49,75.49,NOT_DETECTED,25,98.7,DONE,MIO_Algorithm/evosuite_budget_summary.csv
Collections,14,MIO (EvoSuite SBST),org.apache.commons.collections.map.CaseInsensitiveMap,79.63,79.63,NOT_DETECTED,25,68.78,DONE,MIO_Algorithm/evosuite_budget_summary.csv
Mockito,14,MIO (EvoSuite SBST),org.mockito.internal.MockHandler,79.06,79.06,NOT_DETECTED,25,87.61,DONE,MIO_Algorithm/evosuite_budget_summary.csv
Mockito,27,MIO (EvoSuite SBST),org.mockito.internal.util.MockUtil,67.24,67.24,NOT_DETECTED,25,91.07,DONE,MIO_Algorithm/evosuite_budget_summary.csv
Mockito,12,MIO (EvoSuite SBST),org.mockito.internal.util.reflection.GenericMaster,26.67,26.67,NOT_DETECTED,25,84.68,DONE,MIO_Algorithm/evosuite_budget_summary.csv
Mockito,14,MIO (EvoSuite SBST),org.mockito.internal.MockitoCore,79.06,79.06,NOT_DETECTED,25,97.78,DONE,MIO_Algorithm/evosuite_budget_summary.csv
Mockito,28,MIO (EvoSuite SBST),org.mockito.internal.configuration.DefaultInjectionEngine,29.18,29.18,NOT_DETECTED,25,85.69,DONE,MIO_Algorithm/evosuite_budget_summary.csv
Mockito,13,MIO (EvoSuite SBST),org.mockito.internal.MockHandler,77.82,77.82,NOT_DETECTED,25,85.62,DONE,MIO_Algorithm/evosuite_budget_summary.csv
Mockito,29,MIO (EvoSuite SBST),org.mockito.internal.matchers.Same,93.61,93.61,NOT_DETECTED,25,80.6,DONE,MIO_Algorithm/evosuite_budget_summary.csv
Mockito,15,MIO (EvoSuite SBST),org.mockito.internal.configuration.injection.FinalMockCandidateFilter,58.44,58.44,NOT_DETECTED,25,79.19,DONE,MIO_Algorithm/evosuite_budget_summary.csv
Mockito,30,MIO (EvoSuite SBST),org.mockito.exceptions.Reporter,97.76,97.76,NOT_DETECTED,25,93.46,DONE,MIO_Algorithm/evosuite_budget_summary.csv
Mockito,16,MIO (EvoSuite SBST),org.mockito.internal.MockitoCore,87.8,87.8,NOT_DETECTED,25,85.63,DONE,MIO_Algorithm/evosuite_budget_summary.csv
Mockito,30,MIO (EvoSuite SBST),org.mockito.internal.stubbing.defaultanswers.ReturnsSmartNulls,97.76,97.76,NOT_DETECTED,25,76.48,DONE,MIO_Algorithm/evosuite_budget_summary.csv
Mockito,16,MIO (EvoSuite SBST),org.mockito.Mockito,87.8,87.8,NOT_DETECTED,25,86.85,DONE,MIO_Algorithm/evosuite_budget_summary.csv
Mockito,31,MIO (EvoSuite SBST),org.mockito.internal.stubbing.defaultanswers.ReturnsSmartNulls,14.58,14.58,NOT_DETECTED,25,81.62,DONE,MIO_Algorithm/evosuite_budget_summary.csv
Mockito,32,MIO (EvoSuite SBST),org.mockito.internal.configuration.SpyAnnotationEngine,44.57,44.57,NOT_DETECTED,25,81.75,DONE,MIO_Algorithm/evosuite_budget_summary.csv
Mockito,17,MIO (EvoSuite SBST),org.mockito.internal.util.MockUtil,86.88,86.88,NOT_DETECTED,25,81.75,DONE,MIO_Algorithm/evosuite_budget_summary.csv
Mockito,33,MIO (EvoSuite SBST),org.mockito.internal.invocation.InvocationMatcher,46.68,46.68,NOT_DETECTED,25,85.02,DONE,MIO_Algorithm/evosuite_budget_summary.csv
Mockito,22,MIO (EvoSuite SBST),org.mockito.internal.matchers.Equality,55.77,55.77,NOT_DETECTED,25,81.93,DONE,MIO_Algorithm/evosuite_budget_summary.csv
Mockito,34,MIO (EvoSuite SBST),org.mockito.internal.invocation.InvocationMatcher,42.98,42.98,NOT_DETECTED,25,82.75,DONE,MIO_Algorithm/evosuite_budget_summary.csv
Mockito,23,MIO (EvoSuite SBST),org.mockito.internal.stubbing.defaultanswers.ReturnsDeepStubs,15.56,15.56,NOT_DETECTED,25,81.14,DONE,MIO_Algorithm/evosuite_budget_summary.csv
Mockito,35,MIO (EvoSuite SBST),org.mockito.Matchers,100.0,100.0,NOT_DETECTED,25,46.37,DONE,MIO_Algorithm/evosuite_budget_summary.csv
Mockito,24,MIO (EvoSuite SBST),org.mockito.internal.stubbing.defaultanswers.ReturnsEmptyValues,46.84,46.84,NOT_DETECTED,25,81.49,DONE,MIO_Algorithm/evosuite_budget_summary.csv
Mockito,36,MIO (EvoSuite SBST),org.mockito.internal.invocation.Invocation,5.8,5.8,NOT_DETECTED,25,79.87,DONE,MIO_Algorithm/evosuite_budget_summary.csv
Mockito,25,MIO (EvoSuite SBST),org.mockito.internal.stubbing.defaultanswers.ReturnsDeepStubs,20.45,20.45,NOT_DETECTED,25,80.84,DONE,MIO_Algorithm/evosuite_budget_summary.csv
Mockito,37,MIO (EvoSuite SBST),org.mockito.internal.stubbing.answers.AnswersValidator,55.56,55.56,NOT_DETECTED,25,81.38,DONE,MIO_Algorithm/evosuite_budget_summary.csv
Mockito,26,MIO (EvoSuite SBST),org.mockito.internal.util.Primitives,100.0,100.0,NOT_DETECTED,25,59.87,DONE,MIO_Algorithm/evosuite_budget_summary.csv
Mockito,38,MIO (EvoSuite SBST),org.mockito.internal.verification.argumentmatching.ArgumentMatchingTool,8.89,8.89,NOT_DETECTED,25,78.84,DONE,MIO_Algorithm/evosuite_budget_summary.csv
Cli,27,MIO (EvoSuite SBST),org.apache.commons.cli.OptionGroup,100.0,100.0,NOT_DETECTED,25,69.35,DONE,MIO_Algorithm/evosuite_budget_summary.csv
Cli,4,MIO (EvoSuite SBST),org.apache.commons.cli.Parser,71.84,71.84,NOT_DETECTED,25,71.92,DONE,MIO_Algorithm/evosuite_budget_summary.csv
Cli,17,MIO (EvoSuite SBST),org.apache.commons.cli.PosixParser,91.58,91.58,NOT_DETECTED,25,71.63,DONE,MIO_Algorithm/evosuite_budget_summary.csv
Cli,28,MIO (EvoSuite SBST),org.apache.commons.cli.Parser,82.08,82.08,NOT_DETECTED,25,73.99,DONE,MIO_Algorithm/evosuite_budget_summary.csv
Cli,5,MIO (EvoSuite SBST),org.apache.commons.cli.Util,100.0,100.0,NOT_DETECTED,25,48.98,DONE,MIO_Algorithm/evosuite_budget_summary.csv
Cli,18,MIO (EvoSuite SBST),org.apache.commons.cli.PosixParser,92.16,92.16,NOT_DETECTED,25,84.1,DONE,MIO_Algorithm/evosuite_budget_summary.csv
Cli,8,MIO (EvoSuite SBST),org.apache.commons.cli.HelpFormatter,95.33,95.33,NOT_DETECTED,25,84.87,DONE,MIO_Algorithm/evosuite_budget_summary.csv
Cli,29,MIO (EvoSuite SBST),org.apache.commons.cli.Util,100.0,100.0,NOT_DETECTED,25,49.6,DONE,MIO_Algorithm/evosuite_budget_summary.csv
Cli,19,MIO (EvoSuite SBST),org.apache.commons.cli.PosixParser,93.15,93.15,NOT_DETECTED,25,70.4,DONE,MIO_Algorithm/evosuite_budget_summary.csv
Cli,30,MIO (EvoSuite SBST),org.apache.commons.cli.DefaultParser,64.56,64.56,NOT_DETECTED,25,72.3,DONE,MIO_Algorithm/evosuite_budget_summary.csv
Cli,9,MIO (EvoSuite SBST),org.apache.commons.cli.Parser,79.94,79.94,NOT_DETECTED,25,78.14,DONE,MIO_Algorithm/evosuite_budget_summary.csv
Cli,20,MIO (EvoSuite SBST),org.apache.commons.cli.PosixParser,91.83,91.83,NOT_DETECTED,25,71.13,DONE,MIO_Algorithm/evosuite_budget_summary.csv
Cli,30,MIO (EvoSuite SBST),org.apache.commons.cli.Parser,64.56,64.56,NOT_DETECTED,25,70.45,DONE,MIO_Algorithm/evosuite_budget_summary.csv
Cli,10,MIO (EvoSuite SBST),org.apache.commons.cli.Parser,79.8,79.8,NOT_DETECTED,25,71.16,DONE,MIO_Algorithm/evosuite_budget_summary.csv
Cli,22,MIO (EvoSuite SBST),org.apache.commons.cli.PosixParser,96.68,96.68,NOT_DETECTED,25,69.99,DONE,MIO_Algorithm/evosuite_budget_summary.csv
Cli,14,MIO (EvoSuite SBST),org.apache.commons.cli2.option.GroupImpl,89.26,89.26,NOT_DETECTED,25,80.32,DONE,MIO_Algorithm/evosuite_budget_summary.csv
Lang,23,MIO (EvoSuite SBST),org.apache.commons.lang3.text.ExtendedMessageFormat,46.13,46.13,NOT_DETECTED,25,72.16,DONE,MIO_Algorithm/evosuite_budget_summary.csv
Lang,45,MIO (EvoSuite SBST),org.apache.commons.lang.WordUtils,99.17,99.17,NOT_DETECTED,25,74.09,DONE,MIO_Algorithm/evosuite_budget_summary.csv
Lang,1,MIO (EvoSuite SBST),org.apache.commons.lang3.math.NumberUtils,94.98,94.98,NOT_DETECTED,25,85.77,DONE,MIO_Algorithm/evosuite_budget_summary.csv
Lang,46,MIO (EvoSuite SBST),org.apache.commons.lang.StringEscapeUtils,88.38,88.38,NOT_DETECTED,25,75.29,DONE,MIO_Algorithm/evosuite_budget_summary.csv
Lang,24,MIO (EvoSuite SBST),org.apache.commons.lang3.math.NumberUtils,94.93,94.93,NOT_DETECTED,25,88.79,DONE,MIO_Algorithm/evosuite_budget_summary.csv
Lang,3,MIO (EvoSuite SBST),org.apache.commons.lang3.math.NumberUtils,95.26,95.26,NOT_DETECTED,25,85.99,DONE,MIO_Algorithm/evosuite_budget_summary.csv
Lang,47,MIO (EvoSuite SBST),org.apache.commons.lang.text.StrBuilder,69.4,69.4,NOT_DETECTED,25,112.24,DONE,MIO_Algorithm/evosuite_budget_summary.csv
Lang,4,MIO (EvoSuite SBST),org.apache.commons.lang3.text.translate.LookupTranslator,100.0,100.0,NOT_DETECTED,25,67.92,DONE,MIO_Algorithm/evosuite_budget_summary.csv
Lang,26,MIO (EvoSuite SBST),org.apache.commons.lang3.time.FastDateFormat,88.47,88.47,NOT_DETECTED,25,126.78,DONE,MIO_Algorithm/evosuite_budget_summary.csv
Lang,5,MIO (EvoSuite SBST),org.apache.commons.lang3.LocaleUtils,95.24,95.24,NOT_DETECTED,25,70.08,DONE,MIO_Algorithm/evosuite_budget_summary.csv
Lang,49,MIO (EvoSuite SBST),org.apache.commons.lang.math.Fraction,97.0,97.0,NOT_DETECTED,25,76.45,DONE,MIO_Algorithm/evosuite_budget_summary.csv
Lang,27,MIO (EvoSuite SBST),org.apache.commons.lang3.math.NumberUtils,96.2,96.2,NOT_DETECTED,25,86.78,DONE,MIO_Algorithm/evosuite_budget_summary.csv
Lang,6,MIO (EvoSuite SBST),org.apache.commons.lang3.text.translate.CharSequenceTranslator,96.67,96.67,NOT_DETECTED,25,69.02,DONE,MIO_Algorithm/evosuite_budget_summary.csv
Lang,50,MIO (EvoSuite SBST),org.apache.commons.lang.time.FastDateFormat,88.32,88.32,NOT_DETECTED,25,132.83,DONE,MIO_Algorithm/evosuite_budget_summary.csv
Lang,28,MIO (EvoSuite SBST),org.apache.commons.lang3.text.translate.NumericEntityUnescaper,79.72,79.72,NOT_DETECTED,25,67.73,DONE,MIO_Algorithm/evosuite_budget_summary.csv
Lang,7,MIO (EvoSuite SBST),org.apache.commons.lang3.math.NumberUtils,96.59,96.59,NOT_DETECTED,25,86.88,DONE,MIO_Algorithm/evosuite_budget_summary.csv
Lang,29,MIO (EvoSuite SBST),org.apache.commons.lang3.SystemUtils,73.68,73.68,NOT_DETECTED,25,71.03,DONE,MIO_Algorithm/evosuite_budget_summary.csv
Lang,51,MIO (EvoSuite SBST),org.apache.commons.lang.BooleanUtils,95.15,95.15,NOT_DETECTED,25,82.07,DONE,MIO_Algorithm/evosuite_budget_summary.csv
Lang,8,MIO (EvoSuite SBST),org.apache.commons.lang3.time.FastDatePrinter,82.9,82.9,NOT_DETECTED,25,83.63,DONE,MIO_Algorithm/evosuite_budget_summary.csv
Lang,52,MIO (EvoSuite SBST),org.apache.commons.lang.StringEscapeUtils,88.53,88.53,NOT_DETECTED,25,72.66,DONE,MIO_Algorithm/evosuite_budget_summary.csv
Lang,30,MIO (EvoSuite SBST),org.apache.commons.lang3.StringUtils,95.75,95.75,NOT_DETECTED,25,163.16,DONE,MIO_Algorithm/evosuite_budget_summary.csv
Lang,9,MIO (EvoSuite SBST),org.apache.commons.lang3.time.FastDateParser,80.54,80.54,NOT_DETECTED,25,75.46,DONE,MIO_Algorithm/evosuite_budget_summary.csv
Lang,53,MIO (EvoSuite SBST),org.apache.commons.lang.time.DateUtils,98.88,98.88,NOT_DETECTED,25,113.58,DONE,MIO_Algorithm/evosuite_budget_summary.csv
Lang,10,MIO (EvoSuite SBST),org.apache.commons.lang3.time.FastDateParser,79.95,79.95,NOT_DETECTED,25,75.6,DONE,MIO_Algorithm/evosuite_budget_summary.csv
Lang,31,MIO (EvoSuite SBST),org.apache.commons.lang3.StringUtils,96.11,96.11,NOT_DETECTED,25,170.09,DONE,MIO_Algorithm/evosuite_budget_summary.csv
Lang,54,MIO (EvoSuite SBST),org.apache.commons.lang.LocaleUtils,97.24,97.24,NOT_DETECTED,25,69.8,DONE,MIO_Algorithm/evosuite_budget_summary.csv
Lang,11,MIO (EvoSuite SBST),org.apache.commons.lang3.RandomStringUtils,98.87,98.87,NOT_DETECTED,25,93.17,DONE,MIO_Algorithm/evosuite_budget_summary.csv
Lang,55,MIO (EvoSuite SBST),org.apache.commons.lang.time.StopWatch,97.46,97.46,NOT_DETECTED,25,69.6,DONE,MIO_Algorithm/evosuite_budget_summary.csv
Lang,32,MIO (EvoSuite SBST),org.apache.commons.lang3.builder.HashCodeBuilder,91.34,91.34,NOT_DETECTED,25,73.45,DONE,MIO_Algorithm/evosuite_budget_summary.csv
Lang,12,MIO (EvoSuite SBST),org.apache.commons.lang3.RandomStringUtils,98.76,98.76,NOT_DETECTED,25,106.96,DONE,MIO_Algorithm/evosuite_budget_summary.csv
Lang,56,MIO (EvoSuite SBST),org.apache.commons.lang.time.FastDateFormat,88.27,88.27,NOT_DETECTED,25,127.56,DONE,MIO_Algorithm/evosuite_budget_summary.csv
Lang,33,MIO (EvoSuite SBST),org.apache.commons.lang3.ClassUtils,90.69,90.69,NOT_DETECTED,25,78.7,DONE,MIO_Algorithm/evosuite_budget_summary.csv
Lang,13,MIO (EvoSuite SBST),org.apache.commons.lang3.SerializationUtils,74.13,74.13,NOT_DETECTED,25,69.32,DONE,MIO_Algorithm/evosuite_budget_summary.csv
Lang,57,MIO (EvoSuite SBST),org.apache.commons.lang.LocaleUtils,94.24,94.24,NOT_DETECTED,25,69.25,DONE,MIO_Algorithm/evosuite_budget_summary.csv
Lang,34,MIO (EvoSuite SBST),org.apache.commons.lang3.builder.ToStringStyle,86.12,86.12,NOT_DETECTED,25,85.4,DONE,MIO_Algorithm/evosuite_budget_summary.csv
Lang,14,MIO (EvoSuite SBST),org.apache.commons.lang3.StringUtils,94.84,94.84,NOT_DETECTED,25,178.35,DONE,MIO_Algorithm/evosuite_budget_summary.csv
Lang,58,MIO (EvoSuite SBST),org.apache.commons.lang.math.NumberUtils,93.72,93.72,NOT_DETECTED,25,90.78,DONE,MIO_Algorithm/evosuite_budget_summary.csv
Lang,35,MIO (EvoSuite SBST),org.apache.commons.lang3.ArrayUtils,99.43,99.43,NOT_DETECTED,25,125.68,DONE,MIO_Algorithm/evosuite_budget_summary.csv
Lang,59,MIO (EvoSuite SBST),org.apache.commons.lang.text.StrBuilder,99.9,99.9,NOT_DETECTED,25,131.41,DONE,MIO_Algorithm/evosuite_budget_summary.csv
Lang,15,MIO (EvoSuite SBST),org.apache.commons.lang3.reflect.TypeUtils,48.22,48.22,NOT_DETECTED,25,73.29,DONE,MIO_Algorithm/evosuite_budget_summary.csv
Lang,36,MIO (EvoSuite SBST),org.apache.commons.lang3.math.NumberUtils,95.25,95.25,NOT_DETECTED,25,85.92,DONE,MIO_Algorithm/evosuite_budget_summary.csv
Lang,16,MIO (EvoSuite SBST),org.apache.commons.lang3.math.NumberUtils,96.02,96.02,NOT_DETECTED,25,87.5,DONE,MIO_Algorithm/evosuite_budget_summary.csv
Lang,60,MIO (EvoSuite SBST),org.apache.commons.lang.text.StrBuilder,99.9,99.9,NOT_DETECTED,25,114.06,DONE,MIO_Algorithm/evosuite_budget_summary.csv
Lang,37,MIO (EvoSuite SBST),org.apache.commons.lang3.ArrayUtils,99.32,99.32,NOT_DETECTED,25,124.6,DONE,MIO_Algorithm/evosuite_budget_summary.csv
Lang,17,MIO (EvoSuite SBST),org.apache.commons.lang3.text.translate.CharSequenceTranslator,96.97,96.97,NOT_DETECTED,25,69.7,DONE,MIO_Algorithm/evosuite_budget_summary.csv
Lang,61,MIO (EvoSuite SBST),org.apache.commons.lang.text.StrBuilder,99.9,99.9,NOT_DETECTED,25,122.53,DONE,MIO_Algorithm/evosuite_budget_summary.csv
Lang,38,MIO (EvoSuite SBST),org.apache.commons.lang3.time.FastDateFormat,88.31,88.31,NOT_DETECTED,25,131.4,DONE,MIO_Algorithm/evosuite_budget_summary.csv
Lang,19,MIO (EvoSuite SBST),org.apache.commons.lang3.text.translate.NumericEntityUnescaper,44.58,44.58,NOT_DETECTED,25,67.35,DONE,MIO_Algorithm/evosuite_budget_summary.csv
Lang,62,MIO (EvoSuite SBST),org.apache.commons.lang.Entities,85.38,85.38,NOT_DETECTED,25,73.44,DONE,MIO_Algorithm/evosuite_budget_summary.csv
Lang,20,MIO (EvoSuite SBST),org.apache.commons.lang3.StringUtils,94.71,94.71,NOT_DETECTED,25,174.9,DONE,MIO_Algorithm/evosuite_budget_summary.csv
Lang,39,MIO (EvoSuite SBST),org.apache.commons.lang3.StringUtils,96.2,96.2,NOT_DETECTED,25,184.13,DONE,MIO_Algorithm/evosuite_budget_summary.csv
Lang,63,MIO (EvoSuite SBST),org.apache.commons.lang.time.DurationFormatUtils,92.91,92.91,NOT_DETECTED,25,76.1,DONE,MIO_Algorithm/evosuite_budget_summary.csv
Lang,64,MIO (EvoSuite SBST),org.apache.commons.lang.enums.ValuedEnum,17.42,17.42,NOT_DETECTED,25,67.17,DONE,MIO_Algorithm/evosuite_budget_summary.csv
Lang,21,MIO (EvoSuite SBST),org.apache.commons.lang3.time.DateUtils,97.98,97.98,NOT_DETECTED,25,115.54,DONE,MIO_Algorithm/evosuite_budget_summary.csv
Lang,40,MIO (EvoSuite SBST),org.apache.commons.lang.StringUtils,96.46,96.46,NOT_DETECTED,25,172.93,DONE,MIO_Algorithm/evosuite_budget_summary.csv
Lang,65,MIO (EvoSuite SBST),org.apache.commons.lang.time.DateUtils,98.36,98.36,NOT_DETECTED,25,95.22,DONE,MIO_Algorithm/evosuite_budget_summary.csv
Lang,22,MIO (EvoSuite SBST),org.apache.commons.lang3.math.Fraction,97.2,97.2,NOT_DETECTED,25,80.16,DONE,MIO_Algorithm/evosuite_budget_summary.csv
Lang,41,MIO (EvoSuite SBST),org.apache.commons.lang.ClassUtils,89.23,89.23,NOT_DETECTED,25,78.6,DONE,MIO_Algorithm/evosuite_budget_summary.csv
Lang,42,MIO (EvoSuite SBST),org.apache.commons.lang.Entities,88.36,88.36,NOT_DETECTED,25,72.18,DONE,MIO_Algorithm/evosuite_budget_summary.csv
Lang,43,MIO (EvoSuite SBST),org.apache.commons.lang.text.ExtendedMessageFormat,41.36,41.36,NOT_DETECTED,25,71.89,DONE,MIO_Algorithm/evosuite_budget_summary.csv
Lang,44,MIO (EvoSuite SBST),org.apache.commons.lang.NumberUtils,89.24,89.24,NOT_DETECTED,25,75.93,DONE,MIO_Algorithm/evosuite_budget_summary.csv
Compress,17,MIO (EvoSuite SBST),org.apache.commons.compress.archivers.tar.TarUtils,83.75,83.75,NOT_DETECTED,25,72.73,DONE,MIO_Algorithm/evosuite_budget_summary.csv
Compress,1,MIO (EvoSuite SBST),org.apache.commons.compress.archivers.cpio.CpioArchiveOutputStream,91.24,91.24,NOT_DETECTED,25,85.2,DONE,MIO_Algorithm/evosuite_budget_summary.csv
Compress,33,MIO (EvoSuite SBST),org.apache.commons.compress.compressors.CompressorStreamFactory,84.77,84.77,NOT_DETECTED,25,116.97,DONE,MIO_Algorithm/evosuite_budget_summary.csv
Compress,18,MIO (EvoSuite SBST),org.apache.commons.compress.archivers.tar.TarArchiveOutputStream,76.45,76.45,NOT_DETECTED,25,74.84,DONE,MIO_Algorithm/evosuite_budget_summary.csv
Compress,2,MIO (EvoSuite SBST),org.apache.commons.compress.archivers.ar.ArArchiveInputStream,55.13,55.13,NOT_DETECTED,25,69.96,DONE,MIO_Algorithm/evosuite_budget_summary.csv
Compress,33,MIO (EvoSuite SBST),org.apache.commons.compress.compressors.deflate.DeflateCompressorInputStream,84.77,84.77,NOT_DETECTED,25,68.91,DONE,MIO_Algorithm/evosuite_budget_summary.csv
Compress,19,MIO (EvoSuite SBST),org.apache.commons.compress.archivers.zip.Zip64ExtendedInformationExtraField,96.9,96.9,NOT_DETECTED,25,70.5,DONE,MIO_Algorithm/evosuite_budget_summary.csv
Compress,3,MIO (EvoSuite SBST),org.apache.commons.compress.archivers.tar.TarArchiveOutputStream,65.28,65.28,NOT_DETECTED,25,69.58,DONE,MIO_Algorithm/evosuite_budget_summary.csv
Compress,34,MIO (EvoSuite SBST),org.apache.commons.compress.archivers.zip.X7875_NewUnix,100.0,100.0,NOT_DETECTED,25,68.68,DONE,MIO_Algorithm/evosuite_budget_summary.csv
Compress,4,MIO (EvoSuite SBST),org.apache.commons.compress.archivers.cpio.CpioArchiveOutputStream,89.17,89.17,NOT_DETECTED,25,75.22,DONE,MIO_Algorithm/evosuite_budget_summary.csv
Compress,35,MIO (EvoSuite SBST),org.apache.commons.compress.archivers.tar.TarUtils,85.47,85.47,NOT_DETECTED,25,71.9,DONE,MIO_Algorithm/evosuite_budget_summary.csv
Compress,20,MIO (EvoSuite SBST),org.apache.commons.compress.archivers.cpio.CpioArchiveInputStream,34.98,34.98,NOT_DETECTED,25,100.24,DONE,MIO_Algorithm/evosuite_budget_summary.csv
Compress,4,MIO (EvoSuite SBST),org.apache.commons.compress.archivers.tar.TarArchiveOutputStream,89.17,89.17,NOT_DETECTED,25,73.73,DONE,MIO_Algorithm/evosuite_budget_summary.csv
Compress,36,MIO (EvoSuite SBST),org.apache.commons.compress.archivers.sevenz.SevenZFile,3.18,3.18,NOT_DETECTED,25,68.67,DONE,MIO_Algorithm/evosuite_budget_summary.csv
Compress,21,MIO (EvoSuite SBST),org.apache.commons.compress.archivers.sevenz.SevenZOutputFile,92.69,92.69,NOT_DETECTED,25,76.84,DONE,MIO_Algorithm/evosuite_budget_summary.csv
Compress,4,MIO (EvoSuite SBST),org.apache.commons.compress.archivers.zip.ZipArchiveOutputStream,89.17,89.17,NOT_DETECTED,25,76.16,DONE,MIO_Algorithm/evosuite_budget_summary.csv
Compress,37,MIO (EvoSuite SBST),org.apache.commons.compress.archivers.tar.TarArchiveInputStream,40.78,40.78,NOT_DETECTED,25,134.86,DONE,MIO_Algorithm/evosuite_budget_summary.csv
Compress,22,MIO (EvoSuite SBST),org.apache.commons.compress.compressors.bzip2.BZip2CompressorInputStream,4.14,4.14,NOT_DETECTED,25,69.09,DONE,MIO_Algorithm/evosuite_budget_summary.csv
Compress,4,MIO (EvoSuite SBST),org.apache.commons.compress.changes.ChangeSetPerformer,89.17,89.17,NOT_DETECTED,25,69.49,DONE,MIO_Algorithm/evosuite_budget_summary.csv
Compress,38,MIO (EvoSuite SBST),org.apache.commons.compress.archivers.tar.TarArchiveEntry,62.77,62.77,NOT_DETECTED,25,81.73,DONE,MIO_Algorithm/evosuite_budget_summary.csv
Compress,23,MIO (EvoSuite SBST),org.apache.commons.compress.archivers.sevenz.Coders,55.28,55.28,NOT_DETECTED,25,70.75,DONE,MIO_Algorithm/evosuite_budget_summary.csv
Compress,5,MIO (EvoSuite SBST),org.apache.commons.compress.archivers.zip.ZipArchiveInputStream,32.37,32.37,NOT_DETECTED,25,73.78,DONE,MIO_Algorithm/evosuite_budget_summary.csv
Compress,39,MIO (EvoSuite SBST),org.apache.commons.compress.utils.ArchiveUtils,90.82,90.82,NOT_DETECTED,25,71.1,DONE,MIO_Algorithm/evosuite_budget_summary.csv
Compress,24,MIO (EvoSuite SBST),org.apache.commons.compress.archivers.tar.TarUtils,84.72,84.72,NOT_DETECTED,25,73.78,DONE,MIO_Algorithm/evosuite_budget_summary.csv
Compress,6,MIO (EvoSuite SBST),org.apache.commons.compress.archivers.zip.ZipArchiveEntry,100.0,100.0,NOT_DETECTED,25,75.86,DONE,MIO_Algorithm/evosuite_budget_summary.csv
Compress,40,MIO (EvoSuite SBST),org.apache.commons.compress.utils.BitInputStream,100.0,100.0,NOT_DETECTED,25,70.66,DONE,MIO_Algorithm/evosuite_budget_summary.csv
Compress,25,MIO (EvoSuite SBST),org.apache.commons.compress.archivers.zip.ZipArchiveInputStream,15.46,15.46,NOT_DETECTED,25,76.23,DONE,MIO_Algorithm/evosuite_budget_summary.csv
Compress,7,MIO (EvoSuite SBST),org.apache.commons.compress.archivers.tar.TarUtils,98.41,98.41,NOT_DETECTED,25,68.81,DONE,MIO_Algorithm/evosuite_budget_summary.csv
Compress,41,MIO (EvoSuite SBST),org.apache.commons.compress.archivers.zip.ZipArchiveInputStream,5.91,5.91,NOT_DETECTED,25,71.1,DONE,MIO_Algorithm/evosuite_budget_summary.csv
Compress,26,MIO (EvoSuite SBST),org.apache.commons.compress.utils.IOUtils,95.37,95.37,NOT_DETECTED,25,83.74,DONE,MIO_Algorithm/evosuite_budget_summary.csv
Compress,42,MIO (EvoSuite SBST),org.apache.commons.compress.archivers.zip.UnixStat,100.0,100.0,NOT_DETECTED,25,5.04,DONE,MIO_Algorithm/evosuite_budget_summary.csv
Compress,8,MIO (EvoSuite SBST),org.apache.commons.compress.archivers.tar.TarUtils,98.57,98.57,NOT_DETECTED,25,71.25,DONE,MIO_Algorithm/evosuite_budget_summary.csv
Compress,42,MIO (EvoSuite SBST),org.apache.commons.compress.archivers.zip.ZipArchiveEntry,100.0,100.0,NOT_DETECTED,25,83.99,DONE,MIO_Algorithm/evosuite_budget_summary.csv
Compress,27,MIO (EvoSuite SBST),org.apache.commons.compress.archivers.tar.TarUtils,83.52,83.52,NOT_DETECTED,25,75.88,DONE,MIO_Algorithm/evosuite_budget_summary.csv
Compress,9,MIO (EvoSuite SBST),org.apache.commons.compress.archivers.tar.TarArchiveOutputStream,76.27,76.27,NOT_DETECTED,25,75.76,DONE,MIO_Algorithm/evosuite_budget_summary.csv
Compress,43,MIO (EvoSuite SBST),org.apache.commons.compress.archivers.zip.ZipArchiveOutputStream,62.16,62.16,NOT_DETECTED,25,107.56,DONE,MIO_Algorithm/evosuite_budget_summary.csv
Compress,28,MIO (EvoSuite SBST),org.apache.commons.compress.archivers.tar.TarArchiveInputStream,39.63,39.63,NOT_DETECTED,25,77.22,DONE,MIO_Algorithm/evosuite_budget_summary.csv
Compress,10,MIO (EvoSuite SBST),org.apache.commons.compress.archivers.zip.ZipFile,14.05,14.05,NOT_DETECTED,25,69.98,DONE,MIO_Algorithm/evosuite_budget_summary.csv
Compress,44,MIO (EvoSuite SBST),org.apache.commons.compress.utils.ChecksumCalculatingInputStream,94.34,94.34,NOT_DETECTED,25,49.02,DONE,MIO_Algorithm/evosuite_budget_summary.csv
Compress,29,MIO (EvoSuite SBST),org.apache.commons.compress.archivers.ArchiveStreamFactory,78.35,78.35,NOT_DETECTED,25,77.16,DONE,MIO_Algorithm/evosuite_budget_summary.csv
Compress,11,MIO (EvoSuite SBST),org.apache.commons.compress.archivers.ArchiveStreamFactory,87.1,87.1,NOT_DETECTED,25,78.23,DONE,MIO_Algorithm/evosuite_budget_summary.csv
Compress,45,MIO (EvoSuite SBST),org.apache.commons.compress.archivers.tar.TarUtils,79.61,79.61,NOT_DETECTED,25,73.3,DONE,MIO_Algorithm/evosuite_budget_summary.csv
Compress,12,MIO (EvoSuite SBST),org.apache.commons.compress.archivers.tar.TarArchiveInputStream,34.56,34.56,NOT_DETECTED,25,113.15,DONE,MIO_Algorithm/evosuite_budget_summary.csv
Compress,29,MIO (EvoSuite SBST),org.apache.commons.compress.archivers.cpio.CpioArchiveInputStream,78.35,78.35,NOT_DETECTED,25,98.01,DONE,MIO_Algorithm/evosuite_budget_summary.csv
Compress,46,MIO (EvoSuite SBST),org.apache.commons.compress.archivers.zip.X5455_ExtendedTimestamp,99.57,99.57,NOT_DETECTED,25,47.9,DONE,MIO_Algorithm/evosuite_budget_summary.csv
Compress,13,MIO (EvoSuite SBST),org.apache.commons.compress.archivers.zip.ZipArchiveEntry,96.7,96.7,NOT_DETECTED,25,80.45,DONE,MIO_Algorithm/evosuite_budget_summary.csv
Compress,29,MIO (EvoSuite SBST),org.apache.commons.compress.archivers.cpio.CpioArchiveOutputStream,78.35,78.35,NOT_DETECTED,25,79.59,DONE,MIO_Algorithm/evosuite_budget_summary.csv
Compress,47,MIO (EvoSuite SBST),org.apache.commons.compress.archivers.zip.ZipArchiveInputStream,5.62,5.62,NOT_DETECTED,25,74.16,DONE,MIO_Algorithm/evosuite_budget_summary.csv
Compress,14,MIO (EvoSuite SBST),org.apache.commons.compress.archivers.tar.TarUtils,97.34,97.34,NOT_DETECTED,25,72.02,DONE,MIO_Algorithm/evosuite_budget_summary.csv
Compress,29,MIO (EvoSuite SBST),org.apache.commons.compress.archivers.dump.DumpArchiveInputStream,78.35,78.35,NOT_DETECTED,25,70.17,DONE,MIO_Algorithm/evosuite_budget_summary.csv
Compress,15,MIO (EvoSuite SBST),org.apache.commons.compress.archivers.zip.ZipArchiveEntry,97.15,97.15,NOT_DETECTED,25,135.47,DONE,MIO_Algorithm/evosuite_budget_summary.csv
Compress,29,MIO (EvoSuite SBST),org.apache.commons.compress.archivers.tar.TarArchiveInputStream,78.35,78.35,NOT_DETECTED,25,75.91,DONE,MIO_Algorithm/evosuite_budget_summary.csv
Compress,16,MIO (EvoSuite SBST),org.apache.commons.compress.archivers.ArchiveStreamFactory,85.71,85.71,NOT_DETECTED,25,76.1,DONE,MIO_Algorithm/evosuite_budget_summary.csv
Compress,29,MIO (EvoSuite SBST),org.apache.commons.compress.archivers.tar.TarArchiveOutputStream,78.35,78.35,NOT_DETECTED,25,94.59,DONE,MIO_Algorithm/evosuite_budget_summary.csv
Compress,29,MIO (EvoSuite SBST),org.apache.commons.compress.archivers.zip.ZipArchiveInputStream,78.35,78.35,NOT_DETECTED,25,70.33,DONE,MIO_Algorithm/evosuite_budget_summary.csv
Gson,18,MIO (EvoSuite SBST),com.google.gson.internal.$Gson$Types,66.78,66.78,NOT_DETECTED,25,68.47,DONE,MIO_Algorithm/evosuite_budget_summary.csv
Gson,14,MIO (EvoSuite SBST),com.google.gson.internal.$Gson$Types,66.57,66.57,NOT_DETECTED,25,69.83,DONE,MIO_Algorithm/evosuite_budget_summary.csv
Gson,16,MIO (EvoSuite SBST),com.google.gson.internal.$Gson$Types,66.76,66.76,NOT_DETECTED,25,71.16,DONE,MIO_Algorithm/evosuite_budget_summary.csv
Jsoup,1,MIO (EvoSuite SBST),org.jsoup.nodes.Document,100.0,100.0,NOT_DETECTED,25,72.51,DONE,MIO_Algorithm/evosuite_budget_summary.csv
Jsoup,32,MIO (EvoSuite SBST),org.jsoup.nodes.Element,97.92,97.92,NOT_DETECTED,25,85.24,DONE,MIO_Algorithm/evosuite_budget_summary.csv
Jsoup,63,MIO (EvoSuite SBST),org.jsoup.parser.HtmlTreeBuilder,71.95,71.95,NOT_DETECTED,25,98.25,DONE,MIO_Algorithm/evosuite_budget_summary.csv
Jsoup,2,MIO (EvoSuite SBST),org.jsoup.parser.Parser,91.3,91.3,NOT_DETECTED,25,91.49,DONE,MIO_Algorithm/evosuite_budget_summary.csv
Jsoup,33,MIO (EvoSuite SBST),org.jsoup.parser.HtmlTreeBuilder,91.62,91.62,NOT_DETECTED,25,104.73,DONE,MIO_Algorithm/evosuite_budget_summary.csv
Jsoup,63,MIO (EvoSuite SBST),org.jsoup.parser.Tokeniser,71.95,71.95,NOT_DETECTED,25,82.66,DONE,MIO_Algorithm/evosuite_budget_summary.csv
Math,71,MIO (EvoSuite SBST),org.apache.commons.math.ode.nonstiff.EmbeddedRungeKuttaIntegrator,96.55,96.55,NOT_DETECTED,25,87.82,DONE,MIO_Algorithm/evosuite_budget_summary.csv
Math,36,MIO (EvoSuite SBST),org.apache.commons.math.fraction.BigFraction,94.04,94.04,NOT_DETECTED,25,66.7,DONE,MIO_Algorithm/evosuite_budget_summary.csv
Math,1,MIO (EvoSuite SBST),org.apache.commons.math3.fraction.BigFraction,97.07,97.07,NOT_DETECTED,25,101.62,DONE,MIO_Algorithm/evosuite_budget_summary.csv
Jsoup,3,MIO (EvoSuite SBST),org.jsoup.nodes.Element,93.7,93.7,NOT_DETECTED,25,84.98,DONE,MIO_Algorithm/evosuite_budget_summary.csv
Jsoup,34,MIO (EvoSuite SBST),org.jsoup.parser.CharacterReader,100.0,100.0,NOT_DETECTED,25,82.07,DONE,MIO_Algorithm/evosuite_budget_summary.csv
Jsoup,64,MIO (EvoSuite SBST),org.jsoup.parser.HtmlTreeBuilderState,0.0,0.0,NOT_DETECTED,25,69.32,DONE,MIO_Algorithm/evosuite_budget_summary.csv
Math,71,MIO (EvoSuite SBST),org.apache.commons.math.ode.nonstiff.RungeKuttaIntegrator,96.55,96.55,NOT_DETECTED,25,74.43,DONE,MIO_Algorithm/evosuite_budget_summary.csv
Math,1,MIO (EvoSuite SBST),org.apache.commons.math3.fraction.Fraction,97.07,97.07,NOT_DETECTED,25,85.67,DONE,MIO_Algorithm/evosuite_budget_summary.csv
Jsoup,35,MIO (EvoSuite SBST),org.jsoup.parser.HtmlTreeBuilderState,0.0,0.0,NOT_DETECTED,25,70.08,DONE,MIO_Algorithm/evosuite_budget_summary.csv
Jsoup,3,MIO (EvoSuite SBST),org.jsoup.parser.Parser,93.7,93.7,NOT_DETECTED,25,92.21,DONE,MIO_Algorithm/evosuite_budget_summary.csv
Math,37,MIO (EvoSuite SBST),org.apache.commons.math.complex.Complex,99.47,99.47,NOT_DETECTED,25,101.73,DONE,MIO_Algorithm/evosuite_budget_summary.csv
Jsoup,65,MIO (EvoSuite SBST),org.jsoup.parser.HtmlTreeBuilder,82.32,82.32,NOT_DETECTED,25,106.22,DONE,MIO_Algorithm/evosuite_budget_summary.csv
Math,72,MIO (EvoSuite SBST),org.apache.commons.math.analysis.solvers.BrentSolver,100.0,100.0,NOT_DETECTED,25,75.97,DONE,MIO_Algorithm/evosuite_budget_summary.csv
Math,2,MIO (EvoSuite SBST),org.apache.commons.math3.distribution.HypergeometricDistribution,100.0,100.0,NOT_DETECTED,25,84.76,DONE,MIO_Algorithm/evosuite_budget_summary.csv
Jsoup,36,MIO (EvoSuite SBST),org.jsoup.helper.DataUtil,65.4,65.4,NOT_DETECTED,25,90.67,DONE,MIO_Algorithm/evosuite_budget_summary.csv
Jsoup,3,MIO (EvoSuite SBST),org.jsoup.parser.Tag,93.7,93.7,NOT_DETECTED,25,76.36,DONE,MIO_Algorithm/evosuite_budget_summary.csv
Jsoup,65,MIO (EvoSuite SBST),org.jsoup.parser.HtmlTreeBuilderState,82.32,82.32,NOT_DETECTED,25,69.22,DONE,MIO_Algorithm/evosuite_budget_summary.csv
Math,38,MIO (EvoSuite SBST),org.apache.commons.math.optimization.direct.BOBYQAOptimizer,6.88,6.88,NOT_DETECTED,25,86.26,DONE,MIO_Algorithm/evosuite_budget_summary.csv
Math,73,MIO (EvoSuite SBST),org.apache.commons.math.analysis.solvers.BrentSolver,99.41,99.41,NOT_DETECTED,25,48.32,DONE,MIO_Algorithm/evosuite_budget_summary.csv
Math,3,MIO (EvoSuite SBST),org.apache.commons.math3.util.MathArrays,99.25,99.25,NOT_DETECTED,25,97.71,DONE,MIO_Algorithm/evosuite_budget_summary.csv
Jsoup,37,MIO (EvoSuite SBST),org.jsoup.nodes.Element,94.6,94.6,NOT_DETECTED,25,98.52,DONE,MIO_Algorithm/evosuite_budget_summary.csv
Jsoup,4,MIO (EvoSuite SBST),org.jsoup.nodes.Entities,93.21,93.21,NOT_DETECTED,25,74.02,DONE,MIO_Algorithm/evosuite_budget_summary.csv
Math,74,MIO (EvoSuite SBST),org.apache.commons.math.ode.nonstiff.EmbeddedRungeKuttaIntegrator,96.09,96.09,NOT_DETECTED,25,86.94,DONE,MIO_Algorithm/evosuite_budget_summary.csv
Jsoup,66,MIO (EvoSuite SBST),org.jsoup.nodes.Element,94.69,94.69,NOT_DETECTED,25,114.35,DONE,MIO_Algorithm/evosuite_budget_summary.csv
Math,39,MIO (EvoSuite SBST),org.apache.commons.math.ode.nonstiff.EmbeddedRungeKuttaIntegrator,96.77,96.77,NOT_DETECTED,25,79.81,DONE,MIO_Algorithm/evosuite_budget_summary.csv
Math,4,MIO (EvoSuite SBST),org.apache.commons.math3.geometry.euclidean.threed.SubLine,100.0,100.0,NOT_DETECTED,25,72.69,DONE,MIO_Algorithm/evosuite_budget_summary.csv
Jsoup,38,MIO (EvoSuite SBST),org.jsoup.parser.HtmlTreeBuilderState,0.0,0.0,NOT_DETECTED,25,69.77,DONE,MIO_Algorithm/evosuite_budget_summary.csv
Jsoup,5,MIO (EvoSuite SBST),org.jsoup.parser.Parser,86.93,86.93,NOT_DETECTED,25,106.16,DONE,MIO_Algorithm/evosuite_budget_summary.csv
Math,75,MIO (EvoSuite SBST),org.apache.commons.math.stat.Frequency,96.51,96.51,NOT_DETECTED,25,77.37,DONE,MIO_Algorithm/evosuite_budget_summary.csv
Math,40,MIO (EvoSuite SBST),org.apache.commons.math.analysis.solvers.BracketingNthOrderBrentSolver,98.94,98.94,NOT_DETECTED,25,82.85,DONE,MIO_Algorithm/evosuite_budget_summary.csv
Jsoup,67,MIO (EvoSuite SBST),org.jsoup.parser.HtmlTreeBuilder,72.88,72.88,NOT_DETECTED,25,99.53,DONE,MIO_Algorithm/evosuite_budget_summary.csv
Jsoup,39,MIO (EvoSuite SBST),org.jsoup.helper.DataUtil,57.1,57.1,NOT_DETECTED,25,78.95,DONE,MIO_Algorithm/evosuite_budget_summary.csv
Math,5,MIO (EvoSuite SBST),org.apache.commons.math3.complex.Complex,99.5,99.5,NOT_DETECTED,25,113.94,DONE,MIO_Algorithm/evosuite_budget_summary.csv
Jsoup,6,MIO (EvoSuite SBST),org.jsoup.nodes.Entities,87.02,87.02,NOT_DETECTED,25,70.71,DONE,MIO_Algorithm/evosuite_budget_summary.csv
Math,76,MIO (EvoSuite SBST),org.apache.commons.math.linear.SingularValueDecompositionImpl,94.25,94.25,NOT_DETECTED,25,76.51,DONE,MIO_Algorithm/evosuite_budget_summary.csv
Math,41,MIO (EvoSuite SBST),org.apache.commons.math.stat.descriptive.moment.Variance,94.92,94.92,NOT_DETECTED,25,74.11,DONE,MIO_Algorithm/evosuite_budget_summary.csv
Jsoup,68,MIO (EvoSuite SBST),org.jsoup.parser.HtmlTreeBuilder,76.59,76.59,NOT_DETECTED,25,102.16,DONE,MIO_Algorithm/evosuite_budget_summary.csv
Jsoup,40,MIO (EvoSuite SBST),org.jsoup.nodes.DocumentType,100.0,100.0,NOT_DETECTED,25,71.17,DONE,MIO_Algorithm/evosuite_budget_summary.csv
Math,6,MIO (EvoSuite SBST),org.apache.commons.math3.optim.BaseOptimizer,89.12,89.12,NOT_DETECTED,25,74.3,DONE,MIO_Algorithm/evosuite_budget_summary.csv
Math,42,MIO (EvoSuite SBST),org.apache.commons.math.optimization.linear.SimplexTableau,97.18,97.18,NOT_DETECTED,25,80.77,DONE,MIO_Algorithm/evosuite_budget_summary.csv
Math,77,MIO (EvoSuite SBST),org.apache.commons.math.linear.ArrayRealVector,99.32,99.32,NOT_DETECTED,25,90.86,DONE,MIO_Algorithm/evosuite_budget_summary.csv
Jsoup,41,MIO (EvoSuite SBST),org.jsoup.nodes.Element,94.6,94.6,NOT_DETECTED,25,95.96,DONE,MIO_Algorithm/evosuite_budget_summary.csv
Jsoup,69,MIO (EvoSuite SBST),org.jsoup.nodes.FormElement,46.29,46.29,NOT_DETECTED,25,73.98,DONE,MIO_Algorithm/evosuite_budget_summary.csv
Jsoup,8,MIO (EvoSuite SBST),org.jsoup.nodes.Node,97.42,97.42,NOT_DETECTED,25,118.95,DONE,MIO_Algorithm/evosuite_budget_summary.csv
Math,6,MIO (EvoSuite SBST),org.apache.commons.math3.optim.nonlinear.scalar.gradient.NonLinearConjugateGradientOptimizer,89.12,89.12,NOT_DETECTED,25,74.69,DONE,MIO_Algorithm/evosuite_budget_summary.csv
Math,43,MIO (EvoSuite SBST),org.apache.commons.math.stat.descriptive.SummaryStatistics,100.0,100.0,NOT_DETECTED,25,84.62,DONE,MIO_Algorithm/evosuite_budget_summary.csv
Math,77,MIO (EvoSuite SBST),org.apache.commons.math.linear.OpenMapRealVector,99.32,99.32,NOT_DETECTED,25,103.08,DONE,MIO_Algorithm/evosuite_budget_summary.csv
Jsoup,42,MIO (EvoSuite SBST),org.jsoup.nodes.FormElement,44.94,44.94,NOT_DETECTED,25,72.14,DONE,MIO_Algorithm/evosuite_budget_summary.csv
Math,6,MIO (EvoSuite SBST),org.apache.commons.math3.optim.nonlinear.scalar.noderiv.CMAESOptimizer,89.12,89.12,NOT_DETECTED,25,78.25,DONE,MIO_Algorithm/evosuite_budget_summary.csv
Jsoup,70,MIO (EvoSuite SBST),org.jsoup.nodes.Element,93.92,93.92,NOT_DETECTED,25,148.92,DONE,MIO_Algorithm/evosuite_budget_summary.csv
Jsoup,9,MIO (EvoSuite SBST),org.jsoup.nodes.Entities,88.89,88.89,NOT_DETECTED,25,70.7,DONE,MIO_Algorithm/evosuite_budget_summary.csv
Math,44,MIO (EvoSuite SBST),org.apache.commons.math.ode.AbstractIntegrator,74.59,74.59,NOT_DETECTED,25,81.42,DONE,MIO_Algorithm/evosuite_budget_summary.csv
Math,78,MIO (EvoSuite SBST),org.apache.commons.math.ode.events.EventState,81.98,81.98,NOT_DETECTED,25,78.89,DONE,MIO_Algorithm/evosuite_budget_summary.csv
Jsoup,43,MIO (EvoSuite SBST),org.jsoup.nodes.Element,96.33,96.33,NOT_DETECTED,25,80.49,DONE,MIO_Algorithm/evosuite_budget_summary.csv
Math,6,MIO (EvoSuite SBST),org.apache.commons.math3.optim.nonlinear.scalar.noderiv.PowellOptimizer,89.12,89.12,NOT_DETECTED,25,72.71,DONE,MIO_Algorithm/evosuite_budget_summary.csv
Jsoup,10,MIO (EvoSuite SBST),org.jsoup.nodes.Node,97.03,97.03,NOT_DETECTED,25,109.57,DONE,MIO_Algorithm/evosuite_budget_summary.csv
Math,45,MIO (EvoSuite SBST),org.apache.commons.math.linear.OpenMapRealMatrix,89.02,89.02,NOT_DETECTED,25,96.89,DONE,MIO_Algorithm/evosuite_budget_summary.csv
Jsoup,71,MIO (EvoSuite SBST),org.jsoup.select.Evaluator,82.65,82.65,NOT_DETECTED,25,97.68,DONE,MIO_Algorithm/evosuite_budget_summary.csv
Jsoup,44,MIO (EvoSuite SBST),org.jsoup.parser.TreeBuilder,100.0,100.0,NOT_DETECTED,25,69.59,DONE,MIO_Algorithm/evosuite_budget_summary.csv
Math,79,MIO (EvoSuite SBST),org.apache.commons.math.util.MathUtils,91.1,91.1,NOT_DETECTED,25,144.41,DONE,MIO_Algorithm/evosuite_budget_summary.csv
Math,6,MIO (EvoSuite SBST),org.apache.commons.math3.optim.nonlinear.scalar.noderiv.SimplexOptimizer,89.12,89.12,NOT_DETECTED,25,72.04,DONE,MIO_Algorithm/evosuite_budget_summary.csv
Jsoup,11,MIO (EvoSuite SBST),org.jsoup.select.Selector,66.32,66.32,NOT_DETECTED,25,81.78,DONE,MIO_Algorithm/evosuite_budget_summary.csv
Jsoup,71,MIO (EvoSuite SBST),org.jsoup.select.QueryParser,82.65,82.65,NOT_DETECTED,25,79.94,DONE,MIO_Algorithm/evosuite_budget_summary.csv
Jsoup,45,MIO (EvoSuite SBST),org.jsoup.parser.HtmlTreeBuilder,89.55,89.55,NOT_DETECTED,25,107.14,DONE,MIO_Algorithm/evosuite_budget_summary.csv
Math,6,MIO (EvoSuite SBST),org.apache.commons.math3.optim.nonlinear.vector.jacobian.GaussNewtonOptimizer,89.12,89.12,NOT_DETECTED,25,71.03,DONE,MIO_Algorithm/evosuite_budget_summary.csv
Math,46,MIO (EvoSuite SBST),org.apache.commons.math.complex.Complex,99.43,99.43,NOT_DETECTED,25,141.87,DONE,MIO_Algorithm/evosuite_budget_summary.csv
Math,80,MIO (EvoSuite SBST),org.apache.commons.math.linear.EigenDecompositionImpl,72.13,72.13,NOT_DETECTED,25,106.63,DONE,MIO_Algorithm/evosuite_budget_summary.csv
Jsoup,12,MIO (EvoSuite SBST),org.jsoup.select.Selector,65.96,65.96,NOT_DETECTED,25,83.37,DONE,MIO_Algorithm/evosuite_budget_summary.csv
Math,6,MIO (EvoSuite SBST),org.apache.commons.math3.optim.nonlinear.vector.jacobian.LevenbergMarquardtOptimizer,89.12,89.12,NOT_DETECTED,25,74.17,DONE,MIO_Algorithm/evosuite_budget_summary.csv
Jsoup,72,MIO (EvoSuite SBST),org.jsoup.parser.CharacterReader,97.16,97.16,NOT_DETECTED,25,90.76,DONE,MIO_Algorithm/evosuite_budget_summary.csv
Jsoup,46,MIO (EvoSuite SBST),org.jsoup.nodes.Entities,62.21,62.21,NOT_DETECTED,25,75.83,DONE,MIO_Algorithm/evosuite_budget_summary.csv
Math,47,MIO (EvoSuite SBST),org.apache.commons.math.complex.Complex,99.42,99.42,NOT_DETECTED,25,125.31,DONE,MIO_Algorithm/evosuite_budget_summary.csv
Math,7,MIO (EvoSuite SBST),org.apache.commons.math3.ode.AbstractIntegrator,82.15,82.15,NOT_DETECTED,25,91.2,DONE,MIO_Algorithm/evosuite_budget_summary.csv
Math,81,MIO (EvoSuite SBST),org.apache.commons.math.linear.EigenDecompositionImpl,79.96,79.96,NOT_DETECTED,25,115.48,DONE,MIO_Algorithm/evosuite_budget_summary.csv
Jsoup,73,MIO (EvoSuite SBST),org.jsoup.helper.W3CDom,94.16,94.16,NOT_DETECTED,25,75.73,DONE,MIO_Algorithm/evosuite_budget_summary.csv
Jsoup,13,MIO (EvoSuite SBST),org.jsoup.nodes.Node,94.44,94.44,NOT_DETECTED,25,115.08,DONE,MIO_Algorithm/evosuite_budget_summary.csv
Jsoup,47,MIO (EvoSuite SBST),org.jsoup.nodes.Entities,61.4,61.4,NOT_DETECTED,25,75.21,DONE,MIO_Algorithm/evosuite_budget_summary.csv
Math,8,MIO (EvoSuite SBST),org.apache.commons.math3.distribution.DiscreteDistribution,96.83,96.83,NOT_DETECTED,25,76.94,DONE,MIO_Algorithm/evosuite_budget_summary.csv
Jsoup,74,MIO (EvoSuite SBST),org.jsoup.helper.StringUtil,95.64,95.64,NOT_DETECTED,25,77.1,DONE,MIO_Algorithm/evosuite_budget_summary.csv
Math,48,MIO (EvoSuite SBST),org.apache.commons.math.analysis.solvers.BaseSecantSolver,95.56,95.56,NOT_DETECTED,25,92.68,DONE,MIO_Algorithm/evosuite_budget_summary.csv
Jsoup,48,MIO (EvoSuite SBST),org.jsoup.helper.HttpConnection,60.65,60.65,NOT_DETECTED,25,94.1,DONE,MIO_Algorithm/evosuite_budget_summary.csv
Math,82,MIO (EvoSuite SBST),org.apache.commons.math.optimization.linear.SimplexSolver,97.85,97.85,NOT_DETECTED,25,72.96,DONE,MIO_Algorithm/evosuite_budget_summary.csv
Jsoup,14,MIO (EvoSuite SBST),org.jsoup.parser.Tokeniser,93.78,93.78,NOT_DETECTED,25,73.74,DONE,MIO_Algorithm/evosuite_budget_summary.csv
Math,9,MIO (EvoSuite SBST),org.apache.commons.math3.geometry.euclidean.threed.Line,100.0,100.0,NOT_DETECTED,25,80.19,DONE,MIO_Algorithm/evosuite_budget_summary.csv
Jsoup,75,MIO (EvoSuite SBST),org.jsoup.nodes.Attributes,83.7,83.7,NOT_DETECTED,25,96.49,DONE,MIO_Algorithm/evosuite_budget_summary.csv
Math,83,MIO (EvoSuite SBST),org.apache.commons.math.optimization.linear.SimplexTableau,95.97,95.97,NOT_DETECTED,25,82.26,DONE,MIO_Algorithm/evosuite_budget_summary.csv
Math,49,MIO (EvoSuite SBST),org.apache.commons.math.linear.OpenMapRealVector,99.64,99.64,NOT_DETECTED,25,89.56,DONE,MIO_Algorithm/evosuite_budget_summary.csv
Jsoup,14,MIO (EvoSuite SBST),org.jsoup.parser.TokeniserState,93.78,93.78,NOT_DETECTED,25,70.38,DONE,MIO_Algorithm/evosuite_budget_summary.csv
Jsoup,49,MIO (EvoSuite SBST),org.jsoup.nodes.Node,96.09,96.09,NOT_DETECTED,25,139.12,DONE,MIO_Algorithm/evosuite_budget_summary.csv
Math,10,MIO (EvoSuite SBST),org.apache.commons.math3.analysis.differentiation.DSCompiler,97.66,97.66,NOT_DETECTED,25,83.96,DONE,MIO_Algorithm/evosuite_budget_summary.csv
Jsoup,76,MIO (EvoSuite SBST),org.jsoup.parser.HtmlTreeBuilderState,0.11,0.11,NOT_DETECTED,25,70.6,DONE,MIO_Algorithm/evosuite_budget_summary.csv
Jsoup,15,MIO (EvoSuite SBST),org.jsoup.parser.TreeBuilderState,0.0,0.0,NOT_DETECTED,25,69.91,DONE,MIO_Algorithm/evosuite_budget_summary.csv
Math,84,MIO (EvoSuite SBST),org.apache.commons.math.optimization.direct.MultiDirectional,100.0,100.0,NOT_DETECTED,25,78.11,DONE,MIO_Algorithm/evosuite_budget_summary.csv
Math,50,MIO (EvoSuite SBST),org.apache.commons.math.analysis.solvers.BaseSecantSolver,95.68,95.68,NOT_DETECTED,25,792.34,DONE,MIO_Algorithm/evosuite_budget_summary.csv
Jsoup,50,MIO (EvoSuite SBST),org.jsoup.helper.DataUtil,58.23,58.23,NOT_DETECTED,25,78.1,DONE,MIO_Algorithm/evosuite_budget_summary.csv
Jsoup,16,MIO (EvoSuite SBST),org.jsoup.nodes.DocumentType,100.0,100.0,NOT_DETECTED,25,69.72,DONE,MIO_Algorithm/evosuite_budget_summary.csv
Jsoup,77,MIO (EvoSuite SBST),org.jsoup.parser.XmlTreeBuilder,87.27,87.27,NOT_DETECTED,25,75.99,DONE,MIO_Algorithm/evosuite_budget_summary.csv
Math,85,MIO (EvoSuite SBST),org.apache.commons.math.analysis.solvers.UnivariateRealSolverUtils,95.83,95.83,NOT_DETECTED,25,74.94,DONE,MIO_Algorithm/evosuite_budget_summary.csv
Math,11,MIO (EvoSuite SBST),org.apache.commons.math3.distribution.MultivariateNormalDistribution,100.0,100.0,NOT_DETECTED,25,136.11,DONE,MIO_Algorithm/evosuite_budget_summary.csv
Math,51,MIO (EvoSuite SBST),org.apache.commons.math.analysis.solvers.BaseSecantSolver,96.95,96.95,NOT_DETECTED,25,94.76,DONE,MIO_Algorithm/evosuite_budget_summary.csv
Jsoup,17,MIO (EvoSuite SBST),org.jsoup.parser.TreeBuilderState,0.0,0.0,NOT_DETECTED,25,69.89,DONE,MIO_Algorithm/evosuite_budget_summary.csv
Jsoup,51,MIO (EvoSuite SBST),org.jsoup.parser.CharacterReader,97.95,97.95,NOT_DETECTED,25,86.91,DONE,MIO_Algorithm/evosuite_budget_summary.csv
Jsoup,78,MIO (EvoSuite SBST),org.jsoup.helper.DataUtil,54.1,54.1,NOT_DETECTED,25,99.86,DONE,MIO_Algorithm/evosuite_budget_summary.csv
Math,86,MIO (EvoSuite SBST),org.apache.commons.math.linear.CholeskyDecompositionImpl,39.33,39.33,NOT_DETECTED,25,72.6,DONE,MIO_Algorithm/evosuite_budget_summary.csv
Math,12,MIO (EvoSuite SBST),org.apache.commons.math3.random.BitsStreamGenerator,100.0,100.0,NOT_DETECTED,25,79.02,DONE,MIO_Algorithm/evosuite_budget_summary.csv
JacksonDatabind,1,MIO (EvoSuite SBST),com.fasterxml.jackson.databind.ser.BeanPropertyWriter,53.2,53.2,NOT_DETECTED,25,96.16,DONE,MIO_Algorithm/evosuite_budget_summary.csv
JacksonDatabind,38,MIO (EvoSuite SBST),com.fasterxml.jackson.databind.type.CollectionType,100.0,100.0,NOT_DETECTED,25,98.02,DONE,MIO_Algorithm/evosuite_budget_summary.csv
Math,52,MIO (EvoSuite SBST),org.apache.commons.math.geometry.euclidean.threed.Rotation,96.41,96.41,NOT_DETECTED,25,121.44,DONE,MIO_Algorithm/evosuite_budget_summary.csv
Jsoup,18,MIO (EvoSuite SBST),org.jsoup.parser.CharacterReader,100.0,100.0,NOT_DETECTED,25,97.2,DONE,MIO_Algorithm/evosuite_budget_summary.csv
Jsoup,52,MIO (EvoSuite SBST),org.jsoup.helper.DataUtil,35.43,35.43,NOT_DETECTED,25,90.35,DONE,MIO_Algorithm/evosuite_budget_summary.csv
Jsoup,79,MIO (EvoSuite SBST),org.jsoup.nodes.LeafNode,100.0,100.0,NOT_DETECTED,25,81.08,DONE,MIO_Algorithm/evosuite_budget_summary.csv
Math,87,MIO (EvoSuite SBST),org.apache.commons.math.optimization.linear.SimplexTableau,96.95,96.95,NOT_DETECTED,25,94.12,DONE,MIO_Algorithm/evosuite_budget_summary.csv
Math,14,MIO (EvoSuite SBST),org.apache.commons.math3.optim.nonlinear.vector.jacobian.AbstractLeastSquaresOptimizer,67.43,67.43,NOT_DETECTED,25,152.83,DONE,MIO_Algorithm/evosuite_budget_summary.csv
Jsoup,52,MIO (EvoSuite SBST),org.jsoup.nodes.XmlDeclaration,35.43,35.43,NOT_DETECTED,25,72.09,DONE,MIO_Algorithm/evosuite_budget_summary.csv
Jsoup,80,MIO (EvoSuite SBST),org.jsoup.parser.XmlTreeBuilder,86.9,86.9,NOT_DETECTED,25,80.32,DONE,MIO_Algorithm/evosuite_budget_summary.csv
Jsoup,19,MIO (EvoSuite SBST),org.jsoup.safety.Whitelist,92.61,92.61,NOT_DETECTED,25,83.14,DONE,MIO_Algorithm/evosuite_budget_summary.csv
JacksonDatabind,38,MIO (EvoSuite SBST),com.fasterxml.jackson.databind.type.MapType,100.0,100.0,NOT_DETECTED,25,106.94,DONE,MIO_Algorithm/evosuite_budget_summary.csv
Math,53,MIO (EvoSuite SBST),org.apache.commons.math.complex.Complex,99.3,99.3,NOT_DETECTED,25,122.47,DONE,MIO_Algorithm/evosuite_budget_summary.csv
Math,88,MIO (EvoSuite SBST),org.apache.commons.math.optimization.linear.SimplexTableau,96.81,96.81,NOT_DETECTED,25,82.76,DONE,MIO_Algorithm/evosuite_budget_summary.csv
JacksonDatabind,2,MIO (EvoSuite SBST),com.fasterxml.jackson.databind.util.TokenBuffer,62.41,62.41,NOT_DETECTED,25,177.11,DONE,MIO_Algorithm/evosuite_budget_summary.csv
Math,14,MIO (EvoSuite SBST),org.apache.commons.math3.optim.nonlinear.vector.Weight,78.29,78.29,NOT_DETECTED,25,74.26,DONE,MIO_Algorithm/evosuite_budget_summary.csv
Jsoup,20,MIO (EvoSuite SBST),org.jsoup.helper.DataUtil,68.13,68.13,NOT_DETECTED,25,80.29,DONE,MIO_Algorithm/evosuite_budget_summary.csv
Jsoup,52,MIO (EvoSuite SBST),org.jsoup.parser.XmlTreeBuilder,35.43,35.43,NOT_DETECTED,25,76.08,DONE,MIO_Algorithm/evosuite_budget_summary.csv
JacksonDatabind,38,MIO (EvoSuite SBST),com.fasterxml.jackson.databind.type.SimpleType,100.0,100.0,NOT_DETECTED,25,115.78,DONE,MIO_Algorithm/evosuite_budget_summary.csv
Jsoup,81,MIO (EvoSuite SBST),org.jsoup.helper.DataUtil,52.71,52.71,NOT_DETECTED,25,92.37,DONE,MIO_Algorithm/evosuite_budget_summary.csv
JacksonDatabind,3,MIO (EvoSuite SBST),com.fasterxml.jackson.databind.deser.std.StringArrayDeserializer,36.6,36.6,NOT_DETECTED,25,92.3,DONE,MIO_Algorithm/evosuite_budget_summary.csv
Math,89,MIO (EvoSuite SBST),org.apache.commons.math.stat.Frequency,100.0,100.0,NOT_DETECTED,25,77.76,DONE,MIO_Algorithm/evosuite_budget_summary.csv
Math,54,MIO (EvoSuite SBST),org.apache.commons.math.dfp.Dfp,24.2,24.2,NOT_DETECTED,25,86.22,DONE,MIO_Algorithm/evosuite_budget_summary.csv
Jsoup,21,MIO (EvoSuite SBST),org.jsoup.select.CombiningEvaluator,100.0,100.0,NOT_DETECTED,25,72.02,DONE,MIO_Algorithm/evosuite_budget_summary.csv
Math,15,MIO (EvoSuite SBST),org.apache.commons.math3.util.FastMath,96.74,96.74,NOT_DETECTED,25,157.46,DONE,MIO_Algorithm/evosuite_budget_summary.csv
Jsoup,53,MIO (EvoSuite SBST),org.jsoup.parser.TokenQueue,99.2,99.2,NOT_DETECTED,25,84.08,DONE,MIO_Algorithm/evosuite_budget_summary.csv
Jsoup,82,MIO (EvoSuite SBST),org.jsoup.helper.DataUtil,51.42,51.42,NOT_DETECTED,25,84.81,DONE,MIO_Algorithm/evosuite_budget_summary.csv
JacksonDatabind,39,MIO (EvoSuite SBST),com.fasterxml.jackson.databind.deser.std.NullifyingDeserializer,70.24,70.24,NOT_DETECTED,25,80.27,DONE,MIO_Algorithm/evosuite_budget_summary.csv
Math,90,MIO (EvoSuite SBST),org.apache.commons.math.stat.Frequency,100.0,100.0,NOT_DETECTED,25,74.03,DONE,MIO_Algorithm/evosuite_budget_summary.csv
JacksonDatabind,4,MIO (EvoSuite SBST),com.fasterxml.jackson.databind.deser.std.StringArrayDeserializer,36.18,36.18,NOT_DETECTED,25,84.66,DONE,MIO_Algorithm/evosuite_budget_summary.csv
Jsoup,21,MIO (EvoSuite SBST),org.jsoup.select.QueryParser,100.0,100.0,NOT_DETECTED,25,76.88,DONE,MIO_Algorithm/evosuite_budget_summary.csv
Math,55,MIO (EvoSuite SBST),org.apache.commons.math.geometry.Vector3D,100.0,100.0,NOT_DETECTED,25,104.33,DONE,MIO_Algorithm/evosuite_budget_summary.csv
Jsoup,54,MIO (EvoSuite SBST),org.jsoup.helper.W3CDom,95.69,95.69,NOT_DETECTED,25,73.33,DONE,MIO_Algorithm/evosuite_budget_summary.csv
Jsoup,83,MIO (EvoSuite SBST),org.jsoup.parser.CharacterReader,97.24,97.24,NOT_DETECTED,25,94.42,DONE,MIO_Algorithm/evosuite_budget_summary.csv
JacksonDatabind,40,MIO (EvoSuite SBST),com.fasterxml.jackson.databind.deser.std.NumberDeserializers,45.3,45.3,NOT_DETECTED,25,145.63,DONE,MIO_Algorithm/evosuite_budget_summary.csv
Math,91,MIO (EvoSuite SBST),org.apache.commons.math.fraction.Fraction,98.88,98.88,NOT_DETECTED,25,84.78,DONE,MIO_Algorithm/evosuite_budget_summary.csv
JacksonDatabind,5,MIO (EvoSuite SBST),com.fasterxml.jackson.databind.introspect.AnnotatedClass,82.39,82.39,NOT_DETECTED,25,109.73,DONE,MIO_Algorithm/evosuite_budget_summary.csv
Jsoup,22,MIO (EvoSuite SBST),org.jsoup.nodes.Element,97.54,97.54,NOT_DETECTED,25,88.13,DONE,MIO_Algorithm/evosuite_budget_summary.csv
Math,16,MIO (EvoSuite SBST),org.apache.commons.math3.util.FastMath,96.77,96.77,NOT_DETECTED,25,161.93,DONE,MIO_Algorithm/evosuite_budget_summary.csv
Jsoup,55,MIO (EvoSuite SBST),org.jsoup.parser.TokeniserState,0.0,0.0,NOT_DETECTED,25,71.51,DONE,MIO_Algorithm/evosuite_budget_summary.csv
Jsoup,83,MIO (EvoSuite SBST),org.jsoup.parser.TokeniserState,97.24,97.24,NOT_DETECTED,25,70.03,DONE,MIO_Algorithm/evosuite_budget_summary.csv
Math,56,MIO (EvoSuite SBST),org.apache.commons.math.util.MultidimensionalCounter,100.0,100.0,NOT_DETECTED,25,95.28,DONE,MIO_Algorithm/evosuite_budget_summary.csv
Math,92,MIO (EvoSuite SBST),org.apache.commons.math.util.MathUtils,93.78,93.78,NOT_DETECTED,25,103.19,DONE,MIO_Algorithm/evosuite_budget_summary.csv
JacksonDatabind,6,MIO (EvoSuite SBST),com.fasterxml.jackson.databind.util.StdDateFormat,96.28,96.28,NOT_DETECTED,25,87.03,DONE,MIO_Algorithm/evosuite_budget_summary.csv
Jsoup,22,MIO (EvoSuite SBST),org.jsoup.nodes.Node,97.54,97.54,NOT_DETECTED,25,135.29,DONE,MIO_Algorithm/evosuite_budget_summary.csv
JacksonDatabind,41,MIO (EvoSuite SBST),com.fasterxml.jackson.databind.type.TypeFactory,85.71,85.71,NOT_DETECTED,25,126.44,DONE,MIO_Algorithm/evosuite_budget_summary.csv
Math,57,MIO (EvoSuite SBST),org.apache.commons.math.stat.clustering.KMeansPlusPlusClusterer,78.16,78.16,NOT_DETECTED,25,89.67,DONE,MIO_Algorithm/evosuite_budget_summary.csv
Jsoup,84,MIO (EvoSuite SBST),org.jsoup.helper.W3CDom,93.15,93.15,NOT_DETECTED,25,76.77,DONE,MIO_Algorithm/evosuite_budget_summary.csv
Math,17,MIO (EvoSuite SBST),org.apache.commons.math3.dfp.Dfp,23.14,23.14,NOT_DETECTED,25,86.69,DONE,MIO_Algorithm/evosuite_budget_summary.csv
Jsoup,56,MIO (EvoSuite SBST),org.jsoup.parser.HtmlTreeBuilderState,0.0,0.0,NOT_DETECTED,25,71.16,DONE,MIO_Algorithm/evosuite_budget_summary.csv
Math,93,MIO (EvoSuite SBST),org.apache.commons.math.util.MathUtils,92.4,92.4,NOT_DETECTED,25,104.09,DONE,MIO_Algorithm/evosuite_budget_summary.csv
Math,58,MIO (EvoSuite SBST),org.apache.commons.math.optimization.fitting.GaussianFitter,90.38,90.38,NOT_DETECTED,25,93.04,DONE,MIO_Algorithm/evosuite_budget_summary.csv
Jsoup,85,MIO (EvoSuite SBST),org.jsoup.nodes.Attribute,92.73,92.73,NOT_DETECTED,25,80.98,DONE,MIO_Algorithm/evosuite_budget_summary.csv
Jsoup,22,MIO (EvoSuite SBST),org.jsoup.select.Elements,97.54,97.54,NOT_DETECTED,25,85.29,DONE,MIO_Algorithm/evosuite_budget_summary.csv
JacksonDatabind,42,MIO (EvoSuite SBST),com.fasterxml.jackson.databind.deser.std.FromStringDeserializer,67.05,67.05,NOT_DETECTED,25,102.4,DONE,MIO_Algorithm/evosuite_budget_summary.csv
Math,18,MIO (EvoSuite SBST),org.apache.commons.math3.optimization.direct.CMAESOptimizer,76.69,76.69,NOT_DETECTED,25,82.5,DONE,MIO_Algorithm/evosuite_budget_summary.csv
Jsoup,56,MIO (EvoSuite SBST),org.jsoup.parser.Token,0.0,0.0,NOT_DETECTED,25,77.37,DONE,MIO_Algorithm/evosuite_budget_summary.csv
Math,94,MIO (EvoSuite SBST),org.apache.commons.math.util.MathUtils,90.56,90.56,NOT_DETECTED,25,95.49,DONE,MIO_Algorithm/evosuite_budget_summary.csv
Jsoup,23,MIO (EvoSuite SBST),org.jsoup.parser.CharacterReader,100.0,100.0,NOT_DETECTED,25,83.97,DONE,MIO_Algorithm/evosuite_budget_summary.csv
Jsoup,86,MIO (EvoSuite SBST),org.jsoup.nodes.Comment,100.0,100.0,NOT_DETECTED,25,76.97,DONE,MIO_Algorithm/evosuite_budget_summary.csv
Math,59,MIO (EvoSuite SBST),org.apache.commons.math.util.FastMath,83.22,83.22,NOT_DETECTED,25,157.91,DONE,MIO_Algorithm/evosuite_budget_summary.csv
JacksonDatabind,43,MIO (EvoSuite SBST),com.fasterxml.jackson.databind.deser.impl.ObjectIdValueProperty,93.44,93.44,NOT_DETECTED,25,92.29,DONE,MIO_Algorithm/evosuite_budget_summary.csv
Jsoup,56,MIO (EvoSuite SBST),org.jsoup.parser.TokeniserState,0.0,0.0,NOT_DETECTED,25,71.5,DONE,MIO_Algorithm/evosuite_budget_summary.csv
Math,19,MIO (EvoSuite SBST),org.apache.commons.math3.optimization.direct.CMAESOptimizer,78.1,78.1,NOT_DETECTED,25,94.89,DONE,MIO_Algorithm/evosuite_budget_summary.csv
JacksonDatabind,8,MIO (EvoSuite SBST),com.fasterxml.jackson.databind.deser.impl.CreatorCollector,85.16,85.16,NOT_DETECTED,25,96.96,DONE,MIO_Algorithm/evosuite_budget_summary.csv
Math,95,MIO (EvoSuite SBST),org.apache.commons.math.distribution.FDistributionImpl,100.0,100.0,NOT_DETECTED,25,73.81,DONE,MIO_Algorithm/evosuite_budget_summary.csv
Jsoup,23,MIO (EvoSuite SBST),org.jsoup.parser.Tokeniser,100.0,100.0,NOT_DETECTED,25,86.18,DONE,MIO_Algorithm/evosuite_budget_summary.csv
Jsoup,56,MIO (EvoSuite SBST),org.jsoup.parser.XmlTreeBuilder,0.0,0.0,NOT_DETECTED,25,78.95,DONE,MIO_Algorithm/evosuite_budget_summary.csv
Jsoup,87,MIO (EvoSuite SBST),org.jsoup.nodes.Element,92.79,92.79,NOT_DETECTED,25,186.38,DONE,MIO_Algorithm/evosuite_budget_summary.csv
JacksonDatabind,44,MIO (EvoSuite SBST),com.fasterxml.jackson.databind.type.SimpleType,97.74,97.74,NOT_DETECTED,25,100.99,DONE,MIO_Algorithm/evosuite_budget_summary.csv
Math,20,MIO (EvoSuite SBST),org.apache.commons.math3.optimization.direct.CMAESOptimizer,79.59,79.59,NOT_DETECTED,25,97.26,DONE,MIO_Algorithm/evosuite_budget_summary.csv
Math,60,MIO (EvoSuite SBST),org.apache.commons.math.distribution.NormalDistributionImpl,85.48,85.48,NOT_DETECTED,25,89.53,DONE,MIO_Algorithm/evosuite_budget_summary.csv
JacksonDatabind,9,MIO (EvoSuite SBST),com.fasterxml.jackson.databind.ser.std.StdKeySerializer,95.0,95.0,NOT_DETECTED,25,81.66,DONE,MIO_Algorithm/evosuite_budget_summary.csv
Math,96,MIO (EvoSuite SBST),org.apache.commons.math.complex.Complex,97.52,97.52,NOT_DETECTED,25,87.7,DONE,MIO_Algorithm/evosuite_budget_summary.csv
Jsoup,24,MIO (EvoSuite SBST),org.jsoup.parser.TokeniserState,0.0,0.0,NOT_DETECTED,25,105.95,DONE,MIO_Algorithm/evosuite_budget_summary.csv
Jsoup,57,MIO (EvoSuite SBST),org.jsoup.nodes.Attributes,81.73,81.73,NOT_DETECTED,25,138.84,DONE,MIO_Algorithm/evosuite_budget_summary.csv
Math,21,MIO (EvoSuite SBST),org.apache.commons.math3.linear.RectangularCholeskyDecomposition,100.0,100.0,NOT_DETECTED,25,79.51,DONE,MIO_Algorithm/evosuite_budget_summary.csv
JacksonDatabind,45,MIO (EvoSuite SBST),com.fasterxml.jackson.databind.ser.std.DateTimeSerializerBase,54.26,54.26,NOT_DETECTED,25,87.84,DONE,MIO_Algorithm/evosuite_budget_summary.csv
Jsoup,87,MIO (EvoSuite SBST),org.jsoup.parser.HtmlTreeBuilder,92.79,92.79,NOT_DETECTED,25,117.93,DONE,MIO_Algorithm/evosuite_budget_summary.csv
JacksonDatabind,10,MIO (EvoSuite SBST),com.fasterxml.jackson.databind.ser.AnyGetterWriter,23.81,23.81,NOT_DETECTED,25,81.0,DONE,MIO_Algorithm/evosuite_budget_summary.csv
Math,97,MIO (EvoSuite SBST),org.apache.commons.math.analysis.BrentSolver,100.0,100.0,NOT_DETECTED,25,81.25,DONE,MIO_Algorithm/evosuite_budget_summary.csv
Math,61,MIO (EvoSuite SBST),org.apache.commons.math.distribution.PoissonDistributionImpl,100.0,100.0,NOT_DETECTED,25,87.05,DONE,MIO_Algorithm/evosuite_budget_summary.csv
Jsoup,25,MIO (EvoSuite SBST),org.jsoup.parser.Tag,93.01,93.01,NOT_DETECTED,25,79.91,DONE,MIO_Algorithm/evosuite_budget_summary.csv
Jsoup,58,MIO (EvoSuite SBST),org.jsoup.Jsoup,98.0,98.0,NOT_DETECTED,25,86.51,DONE,MIO_Algorithm/evosuite_budget_summary.csv
Math,22,MIO (EvoSuite SBST),org.apache.commons.math3.distribution.FDistribution,100.0,100.0,NOT_DETECTED,25,79.83,DONE,MIO_Algorithm/evosuite_budget_summary.csv
JacksonDatabind,46,MIO (EvoSuite SBST),com.fasterxml.jackson.databind.type.ReferenceType,100.0,100.0,NOT_DETECTED,25,99.04,DONE,MIO_Algorithm/evosuite_budget_summary.csv
JacksonDatabind,10,MIO (EvoSuite SBST),com.fasterxml.jackson.databind.ser.BeanSerializerFactory,23.81,23.81,NOT_DETECTED,25,94.22,DONE,MIO_Algorithm/evosuite_budget_summary.csv
Jsoup,26,MIO (EvoSuite SBST),org.jsoup.safety.Cleaner,78.37,78.37,NOT_DETECTED,25,74.01,DONE,MIO_Algorithm/evosuite_budget_summary.csv
Math,62,MIO (EvoSuite SBST),org.apache.commons.math.optimization.univariate.MultiStartUnivariateRealOptimizer,95.65,95.65,NOT_DETECTED,25,92.21,DONE,MIO_Algorithm/evosuite_budget_summary.csv
Jsoup,87,MIO (EvoSuite SBST),org.jsoup.parser.HtmlTreeBuilderState,92.79,92.79,NOT_DETECTED,25,74.31,DONE,MIO_Algorithm/evosuite_budget_summary.csv
Jsoup,58,MIO (EvoSuite SBST),org.jsoup.parser.Parser,98.0,98.0,NOT_DETECTED,25,77.97,DONE,MIO_Algorithm/evosuite_budget_summary.csv
Math,98,MIO (EvoSuite SBST),org.apache.commons.math.linear.BigMatrixImpl,88.46,88.46,NOT_DETECTED,25,85.97,DONE,MIO_Algorithm/evosuite_budget_summary.csv
Math,22,MIO (EvoSuite SBST),org.apache.commons.math3.distribution.UniformRealDistribution,100.0,100.0,NOT_DETECTED,25,144.2,DONE,MIO_Algorithm/evosuite_budget_summary.csv
Jsoup,87,MIO (EvoSuite SBST),org.jsoup.parser.Tag,92.79,92.79,NOT_DETECTED,25,86.17,DONE,MIO_Algorithm/evosuite_budget_summary.csv
JacksonDatabind,47,MIO (EvoSuite SBST),com.fasterxml.jackson.databind.AnnotationIntrospector,70.82,70.82,NOT_DETECTED,25,138.14,DONE,MIO_Algorithm/evosuite_budget_summary.csv
Jsoup,27,MIO (EvoSuite SBST),org.jsoup.helper.DataUtil,64.62,64.62,NOT_DETECTED,25,84.3,DONE,MIO_Algorithm/evosuite_budget_summary.csv
Jsoup,58,MIO (EvoSuite SBST),org.jsoup.safety.Cleaner,98.0,98.0,NOT_DETECTED,25,78.13,DONE,MIO_Algorithm/evosuite_budget_summary.csv
Math,98,MIO (EvoSuite SBST),org.apache.commons.math.linear.RealMatrixImpl,88.46,88.46,NOT_DETECTED,25,126.24,DONE,MIO_Algorithm/evosuite_budget_summary.csv
Math,23,MIO (EvoSuite SBST),org.apache.commons.math3.optimization.univariate.BrentOptimizer,95.04,95.04,NOT_DETECTED,25,55.06,DONE,MIO_Algorithm/evosuite_budget_summary.csv
Math,63,MIO (EvoSuite SBST),org.apache.commons.math.util.MathUtils,92.63,92.63,NOT_DETECTED,25,209.65,DONE,MIO_Algorithm/evosuite_budget_summary.csv
JacksonDatabind,11,MIO (EvoSuite SBST),com.fasterxml.jackson.databind.type.TypeFactory,85.73,85.73,NOT_DETECTED,25,148.69,DONE,MIO_Algorithm/evosuite_budget_summary.csv
Jsoup,28,MIO (EvoSuite SBST),org.jsoup.nodes.Entities,57.14,57.14,NOT_DETECTED,25,81.1,DONE,MIO_Algorithm/evosuite_budget_summary.csv
Jsoup,88,MIO (EvoSuite SBST),org.jsoup.nodes.Attribute,92.78,92.78,NOT_DETECTED,25,97.51,DONE,MIO_Algorithm/evosuite_budget_summary.csv
Math,99,MIO (EvoSuite SBST),org.apache.commons.math.util.MathUtils,92.89,92.89,NOT_DETECTED,25,116.6,DONE,MIO_Algorithm/evosuite_budget_summary.csv
JacksonDatabind,12,MIO (EvoSuite SBST),com.fasterxml.jackson.databind.deser.std.MapDeserializer,41.54,41.54,NOT_DETECTED,25,112.34,DONE,MIO_Algorithm/evosuite_budget_summary.csv
JacksonDatabind,48,MIO (EvoSuite SBST),com.fasterxml.jackson.databind.DeserializationConfig,93.77,93.77,NOT_DETECTED,25,132.39,DONE,MIO_Algorithm/evosuite_budget_summary.csv
Math,24,MIO (EvoSuite SBST),org.apache.commons.math3.optimization.univariate.BrentOptimizer,87.52,87.52,NOT_DETECTED,25,83.76,DONE,MIO_Algorithm/evosuite_budget_summary.csv
Jsoup,28,MIO (EvoSuite SBST),org.jsoup.parser.Parser,57.14,57.14,NOT_DETECTED,25,76.89,DONE,MIO_Algorithm/evosuite_budget_summary.csv
Jsoup,89,MIO (EvoSuite SBST),org.jsoup.nodes.Attribute,92.78,92.78,NOT_DETECTED,25,94.65,DONE,MIO_Algorithm/evosuite_budget_summary.csv
Math,64,MIO (EvoSuite SBST),org.apache.commons.math.optimization.general.LevenbergMarquardtOptimizer,68.11,68.11,NOT_DETECTED,25,91.13,DONE,MIO_Algorithm/evosuite_budget_summary.csv
Jsoup,60,MIO (EvoSuite SBST),org.jsoup.parser.TokenQueue,99.24,99.24,NOT_DETECTED,25,91.67,DONE,MIO_Algorithm/evosuite_budget_summary.csv
Jsoup,28,MIO (EvoSuite SBST),org.jsoup.parser.Tokeniser,57.14,57.14,NOT_DETECTED,25,76.89,DONE,MIO_Algorithm/evosuite_budget_summary.csv
Math,25,MIO (EvoSuite SBST),org.apache.commons.math3.optimization.fitting.HarmonicFitter,90.74,90.74,NOT_DETECTED,25,79.35,DONE,MIO_Algorithm/evosuite_budget_summary.csv
JacksonDatabind,13,MIO (EvoSuite SBST),com.fasterxml.jackson.databind.deser.DefaultDeserializationContext,64.32,64.32,NOT_DETECTED,25,91.66,DONE,MIO_Algorithm/evosuite_budget_summary.csv
JacksonDatabind,48,MIO (EvoSuite SBST),com.fasterxml.jackson.databind.SerializationConfig,93.77,93.77,NOT_DETECTED,25,147.82,DONE,MIO_Algorithm/evosuite_budget_summary.csv
Jsoup,90,MIO (EvoSuite SBST),org.jsoup.helper.HttpConnection,61.18,61.18,NOT_DETECTED,25,99.73,DONE,MIO_Algorithm/evosuite_budget_summary.csv
Math,65,MIO (EvoSuite SBST),org.apache.commons.math.optimization.general.AbstractLeastSquaresOptimizer,95.07,95.07,NOT_DETECTED,25,82.07,DONE,MIO_Algorithm/evosuite_budget_summary.csv
Jsoup,60,MIO (EvoSuite SBST),org.jsoup.select.QueryParser,99.24,99.24,NOT_DETECTED,25,85.57,DONE,MIO_Algorithm/evosuite_budget_summary.csv
Jsoup,29,MIO (EvoSuite SBST),org.jsoup.nodes.Document,94.86,94.86,NOT_DETECTED,25,78.75,DONE,MIO_Algorithm/evosuite_budget_summary.csv
Math,101,MIO (EvoSuite SBST),org.apache.commons.math.complex.ComplexFormat,98.97,98.97,NOT_DETECTED,25,82.68,DONE,MIO_Algorithm/evosuite_budget_summary.csv
Math,26,MIO (EvoSuite SBST),org.apache.commons.math3.fraction.Fraction,98.23,98.23,NOT_DETECTED,25,92.44,DONE,MIO_Algorithm/evosuite_budget_summary.csv
JacksonDatabind,13,MIO (EvoSuite SBST),com.fasterxml.jackson.databind.deser.impl.ObjectIdValueProperty,64.32,64.32,NOT_DETECTED,25,85.99,DONE,MIO_Algorithm/evosuite_budget_summary.csv
Jsoup,91,MIO (EvoSuite SBST),org.jsoup.UncheckedIOException,100.0,100.0,NOT_DETECTED,25,9.81,DONE,MIO_Algorithm/evosuite_budget_summary.csv
Math,66,MIO (EvoSuite SBST),org.apache.commons.math.optimization.univariate.BrentOptimizer,99.18,99.18,NOT_DETECTED,25,78.03,DONE,MIO_Algorithm/evosuite_budget_summary.csv
Jsoup,61,MIO (EvoSuite SBST),org.jsoup.nodes.Element,93.35,93.35,NOT_DETECTED,25,99.13,DONE,MIO_Algorithm/evosuite_budget_summary.csv
Jsoup,30,MIO (EvoSuite SBST),org.jsoup.safety.Cleaner,57.78,57.78,NOT_DETECTED,25,72.41,DONE,MIO_Algorithm/evosuite_budget_summary.csv
Jsoup,91,MIO (EvoSuite SBST),org.jsoup.parser.CharacterReader,100.0,100.0,NOT_DETECTED,25,96.66,DONE,MIO_Algorithm/evosuite_budget_summary.csv
Math,102,MIO (EvoSuite SBST),org.apache.commons.math.stat.inference.ChiSquareTestImpl,99.28,99.28,NOT_DETECTED,25,72.41,DONE,MIO_Algorithm/evosuite_budget_summary.csv
JacksonDatabind,49,MIO (EvoSuite SBST),com.fasterxml.jackson.databind.ser.impl.WritableObjectId,84.92,84.92,NOT_DETECTED,25,83.47,DONE,MIO_Algorithm/evosuite_budget_summary.csv
Math,27,MIO (EvoSuite SBST),org.apache.commons.math3.fraction.Fraction,98.23,98.23,NOT_DETECTED,25,87.45,DONE,MIO_Algorithm/evosuite_budget_summary.csv
JacksonDatabind,14,MIO (EvoSuite SBST),com.fasterxml.jackson.databind.ObjectReader,65.01,65.01,NOT_DETECTED,25,132.28,DONE,MIO_Algorithm/evosuite_budget_summary.csv
Math,67,MIO (EvoSuite SBST),org.apache.commons.math.optimization.MultiStartUnivariateRealOptimizer,93.64,93.64,NOT_DETECTED,25,92.8,DONE,MIO_Algorithm/evosuite_budget_summary.csv
Jsoup,62,MIO (EvoSuite SBST),org.jsoup.parser.HtmlTreeBuilderState,0.0,0.0,NOT_DETECTED,25,71.41,DONE,MIO_Algorithm/evosuite_budget_summary.csv
Math,103,MIO (EvoSuite SBST),org.apache.commons.math.distribution.NormalDistributionImpl,100.0,100.0,NOT_DETECTED,25,77.79,DONE,MIO_Algorithm/evosuite_budget_summary.csv
JacksonDatabind,50,MIO (EvoSuite SBST),com.fasterxml.jackson.databind.deser.BeanDeserializer,3.09,3.09,NOT_DETECTED,25,86.67,DONE,MIO_Algorithm/evosuite_budget_summary.csv
Jsoup,92,MIO (EvoSuite SBST),org.jsoup.nodes.Attributes,83.16,83.16,NOT_DETECTED,25,103.14,DONE,MIO_Algorithm/evosuite_budget_summary.csv
Math,28,MIO (EvoSuite SBST),org.apache.commons.math3.optimization.linear.SimplexSolver,81.79,81.79,NOT_DETECTED,25,74.95,DONE,MIO_Algorithm/evosuite_budget_summary.csv
Jsoup,31,MIO (EvoSuite SBST),org.jsoup.parser.TokeniserState,66.67,66.67,NOT_DETECTED,25,70.06,DONE,MIO_Algorithm/evosuite_budget_summary.csv
Math,68,MIO (EvoSuite SBST),org.apache.commons.math.optimization.general.LevenbergMarquardtOptimizer,94.37,94.37,NOT_DETECTED,25,87.17,DONE,MIO_Algorithm/evosuite_budget_summary.csv
JacksonDatabind,15,MIO (EvoSuite SBST),com.fasterxml.jackson.databind.JavaType,87.0,87.0,NOT_DETECTED,25,93.28,DONE,MIO_Algorithm/evosuite_budget_summary.csv
Math,104,MIO (EvoSuite SBST),org.apache.commons.math.special.Gamma,97.73,97.73,NOT_DETECTED,25,80.67,DONE,MIO_Algorithm/evosuite_budget_summary.csv
JacksonDatabind,51,MIO (EvoSuite SBST),com.fasterxml.jackson.databind.jsontype.impl.TypeDeserializerBase,65.62,65.62,NOT_DETECTED,25,90.81,DONE,MIO_Algorithm/evosuite_budget_summary.csv
Math,29,MIO (EvoSuite SBST),org.apache.commons.math3.linear.OpenMapRealVector,100.0,100.0,NOT_DETECTED,25,99.29,DONE,MIO_Algorithm/evosuite_budget_summary.csv
Jsoup,92,MIO (EvoSuite SBST),org.jsoup.parser.HtmlTreeBuilder,83.16,83.16,NOT_DETECTED,25,117.47,DONE,MIO_Algorithm/evosuite_budget_summary.csv
Jsoup,31,MIO (EvoSuite SBST),org.jsoup.parser.XmlTreeBuilder,66.67,66.67,NOT_DETECTED,25,72.72,DONE,MIO_Algorithm/evosuite_budget_summary.csv
Math,69,MIO (EvoSuite SBST),org.apache.commons.math.stat.correlation.PearsonsCorrelation,100.0,100.0,NOT_DETECTED,25,76.89,DONE,MIO_Algorithm/evosuite_budget_summary.csv
Math,105,MIO (EvoSuite SBST),org.apache.commons.math.stat.regression.SimpleRegression,100.0,100.0,NOT_DETECTED,25,79.77,DONE,MIO_Algorithm/evosuite_budget_summary.csv
JacksonDatabind,15,MIO (EvoSuite SBST),com.fasterxml.jackson.databind.ser.BeanSerializerFactory,87.0,87.0,NOT_DETECTED,25,92.67,DONE,MIO_Algorithm/evosuite_budget_summary.csv
JacksonDatabind,52,MIO (EvoSuite SBST),com.fasterxml.jackson.databind.deser.BeanDeserializerBase,20.21,20.21,NOT_DETECTED,25,79.52,DONE,MIO_Algorithm/evosuite_budget_summary.csv
Math,30,MIO (EvoSuite SBST),org.apache.commons.math3.stat.inference.MannWhitneyUTest,100.0,100.0,NOT_DETECTED,25,50.63,DONE,MIO_Algorithm/evosuite_budget_summary.csv
Jsoup,92,MIO (EvoSuite SBST),org.jsoup.parser.ParseSettings,83.16,83.16,NOT_DETECTED,25,16.31,DONE,MIO_Algorithm/evosuite_budget_summary.csv
Math,106,MIO (EvoSuite SBST),org.apache.commons.math.fraction.ProperFractionFormat,78.99,78.99,NOT_DETECTED,25,74.15,DONE,MIO_Algorithm/evosuite_budget_summary.csv
Jsoup,92,MIO (EvoSuite SBST),org.jsoup.parser.Token,83.16,83.16,NOT_DETECTED,25,89.81,DONE,MIO_Algorithm/evosuite_budget_summary.csv
JacksonDatabind,15,MIO (EvoSuite SBST),com.fasterxml.jackson.databind.ser.std.BeanSerializerBase,87.0,87.0,NOT_DETECTED,25,85.45,DONE,MIO_Algorithm/evosuite_budget_summary.csv
JacksonDatabind,52,MIO (EvoSuite SBST),com.fasterxml.jackson.databind.deser.impl.ExternalTypeHandler,20.21,20.21,NOT_DETECTED,25,75.28,DONE,MIO_Algorithm/evosuite_budget_summary.csv
Math,32,MIO (EvoSuite SBST),org.apache.commons.math3.geometry.euclidean.twod.PolygonsSet,90.69,90.69,NOT_DETECTED,25,72.56,DONE,MIO_Algorithm/evosuite_budget_summary.csv
Jsoup,92,MIO (EvoSuite SBST),org.jsoup.parser.XmlTreeBuilder,83.16,83.16,NOT_DETECTED,25,77.02,DONE,MIO_Algorithm/evosuite_budget_summary.csv
JacksonDatabind,15,MIO (EvoSuite SBST),com.fasterxml.jackson.databind.ser.std.StdDelegatingSerializer,87.0,87.0,NOT_DETECTED,25,86.95,DONE,MIO_Algorithm/evosuite_budget_summary.csv
JacksonDatabind,53,MIO (EvoSuite SBST),com.fasterxml.jackson.databind.type.TypeBindings,91.59,91.59,NOT_DETECTED,25,94.65,DONE,MIO_Algorithm/evosuite_budget_summary.csv
Math,33,MIO (EvoSuite SBST),org.apache.commons.math3.optimization.linear.SimplexTableau,97.35,97.35,NOT_DETECTED,25,80.77,DONE,MIO_Algorithm/evosuite_budget_summary.csv
Jsoup,93,MIO (EvoSuite SBST),org.jsoup.nodes.FormElement,54.76,54.76,NOT_DETECTED,25,74.5,DONE,MIO_Algorithm/evosuite_budget_summary.csv
JacksonDatabind,15,MIO (EvoSuite SBST),com.fasterxml.jackson.databind.ser.std.StdSerializer,87.0,87.0,NOT_DETECTED,25,81.71,DONE,MIO_Algorithm/evosuite_budget_summary.csv
Math,34,MIO (EvoSuite SBST),org.apache.commons.math3.genetics.ListPopulation,91.83,91.83,NOT_DETECTED,25,71.21,DONE,MIO_Algorithm/evosuite_budget_summary.csv
JacksonDatabind,53,MIO (EvoSuite SBST),com.fasterxml.jackson.databind.type.TypeFactory,91.59,91.59,NOT_DETECTED,25,110.52,DONE,MIO_Algorithm/evosuite_budget_summary.csv
JacksonDatabind,16,MIO (EvoSuite SBST),com.fasterxml.jackson.databind.introspect.AnnotationMap,89.93,89.93,NOT_DETECTED,25,70.33,DONE,MIO_Algorithm/evosuite_budget_summary.csv
JacksonDatabind,54,MIO (EvoSuite SBST),com.fasterxml.jackson.databind.ser.PropertyBuilder,4.04,4.04,NOT_DETECTED,25,72.16,DONE,MIO_Algorithm/evosuite_budget_summary.csv
JacksonDatabind,17,MIO (EvoSuite SBST),com.fasterxml.jackson.databind.ObjectMapper,67.96,67.96,NOT_DETECTED,25,92.06,DONE,MIO_Algorithm/evosuite_budget_summary.csv
JacksonDatabind,55,MIO (EvoSuite SBST),com.fasterxml.jackson.databind.ser.std.StdKeySerializers,92.71,92.71,NOT_DETECTED,25,82.87,DONE,MIO_Algorithm/evosuite_budget_summary.csv
JacksonDatabind,18,MIO (EvoSuite SBST),com.fasterxml.jackson.databind.MappingIterator,88.1,88.1,NOT_DETECTED,25,89.2,DONE,MIO_Algorithm/evosuite_budget_summary.csv
JacksonDatabind,56,MIO (EvoSuite SBST),com.fasterxml.jackson.databind.deser.std.FromStringDeserializer,65.41,65.41,NOT_DETECTED,25,110.26,DONE,MIO_Algorithm/evosuite_budget_summary.csv
JacksonDatabind,19,MIO (EvoSuite SBST),com.fasterxml.jackson.databind.type.TypeFactory,82.73,82.73,NOT_DETECTED,25,109.43,DONE,MIO_Algorithm/evosuite_budget_summary.csv
JacksonDatabind,57,MIO (EvoSuite SBST),com.fasterxml.jackson.databind.ObjectReader,69.71,69.71,NOT_DETECTED,25,85.93,DONE,MIO_Algorithm/evosuite_budget_summary.csv
JacksonDatabind,20,MIO (EvoSuite SBST),com.fasterxml.jackson.databind.node.ObjectNode,100.0,100.0,NOT_DETECTED,25,137.2,DONE,MIO_Algorithm/evosuite_budget_summary.csv
JacksonDatabind,58,MIO (EvoSuite SBST),com.fasterxml.jackson.databind.deser.BeanDeserializerFactory,46.8,46.8,NOT_DETECTED,25,76.31,DONE,MIO_Algorithm/evosuite_budget_summary.csv
JacksonDatabind,59,MIO (EvoSuite SBST),com.fasterxml.jackson.databind.JavaType,99.4,99.4,NOT_DETECTED,25,86.35,DONE,MIO_Algorithm/evosuite_budget_summary.csv
JacksonDatabind,21,MIO (EvoSuite SBST),com.fasterxml.jackson.databind.introspect.JacksonAnnotationIntrospector,49.86,49.86,NOT_DETECTED,25,91.12,DONE,MIO_Algorithm/evosuite_budget_summary.csv
JacksonDatabind,59,MIO (EvoSuite SBST),com.fasterxml.jackson.databind.type.CollectionLikeType,99.4,99.4,NOT_DETECTED,25,82.1,DONE,MIO_Algorithm/evosuite_budget_summary.csv
JacksonDatabind,22,MIO (EvoSuite SBST),com.fasterxml.jackson.databind.ser.BasicSerializerFactory,38.28,38.28,NOT_DETECTED,25,74.03,DONE,MIO_Algorithm/evosuite_budget_summary.csv
Cli,1,MIO (EvoSuite SBST),org.apache.commons.cli.CommandLine,100.0,100.0,NOT_DETECTED,25,71.87,DONE,MIO_Algorithm/evosuite_budget_summary.csv
Cli,35,MIO (EvoSuite SBST),org.apache.commons.cli.Options,100.0,100.0,NOT_DETECTED,25,71.76,DONE,MIO_Algorithm/evosuite_budget_summary.csv
Cli,25,MIO (EvoSuite SBST),org.apache.commons.cli.HelpFormatter,94.95,94.95,NOT_DETECTED,25,94.89,DONE,MIO_Algorithm/evosuite_budget_summary.csv
Compress,30,MIO (EvoSuite SBST),org.apache.commons.compress.compressors.bzip2.BZip2CompressorInputStream,4.4,4.4,NOT_DETECTED,25,74.52,DONE,MIO_Algorithm/evosuite_budget_summary.csv
Cli,2,MIO (EvoSuite SBST),org.apache.commons.cli.PosixParser,92.49,92.49,NOT_DETECTED,25,73.73,DONE,MIO_Algorithm/evosuite_budget_summary.csv
Cli,36,MIO (EvoSuite SBST),org.apache.commons.cli.OptionGroup,100.0,100.0,NOT_DETECTED,25,73.1,DONE,MIO_Algorithm/evosuite_budget_summary.csv
Cli,15,MIO (EvoSuite SBST),org.apache.commons.cli2.commandline.WriteableCommandLineImpl,98.39,98.39,NOT_DETECTED,25,78.9,DONE,MIO_Algorithm/evosuite_budget_summary.csv
JacksonDatabind,75,MIO (EvoSuite SBST),com.fasterxml.jackson.databind.ser.std.EnumSerializer,28.27,28.27,NOT_DETECTED,25,88.12,DONE,MIO_Algorithm/evosuite_budget_summary.csv
Cli,26,MIO (EvoSuite SBST),org.apache.commons.cli.OptionBuilder,98.31,98.31,NOT_DETECTED,25,74.59,DONE,MIO_Algorithm/evosuite_budget_summary.csv
Compress,31,MIO (EvoSuite SBST),org.apache.commons.compress.archivers.tar.TarUtils,85.78,85.78,NOT_DETECTED,25,82.35,DONE,MIO_Algorithm/evosuite_budget_summary.csv
Cli,3,MIO (EvoSuite SBST),org.apache.commons.cli.TypeHandler,93.67,93.67,NOT_DETECTED,25,74.6,DONE,MIO_Algorithm/evosuite_budget_summary.csv
Cli,36,MIO (EvoSuite SBST),org.apache.commons.cli.Options,100.0,100.0,NOT_DETECTED,25,76.85,DONE,MIO_Algorithm/evosuite_budget_summary.csv
Cli,16,MIO (EvoSuite SBST),org.apache.commons.cli2.Option,100.0,100.0,NOT_DETECTED,25,8.28,DONE,MIO_Algorithm/evosuite_budget_summary.csv
Cli,16,MIO (EvoSuite SBST),org.apache.commons.cli2.commandline.WriteableCommandLineImpl,100.0,100.0,NOT_DETECTED,25,78.36,DONE,MIO_Algorithm/evosuite_budget_summary.csv
JacksonDatabind,76,MIO (EvoSuite SBST),com.fasterxml.jackson.databind.deser.BuilderBasedDeserializer,1.48,1.48,NOT_DETECTED,25,82.44,DONE,MIO_Algorithm/evosuite_budget_summary.csv
Cli,31,MIO (EvoSuite SBST),org.apache.commons.cli.HelpFormatter,94.29,94.29,NOT_DETECTED,25,123.25,DONE,MIO_Algorithm/evosuite_budget_summary.csv
Compress,32,MIO (EvoSuite SBST),org.apache.commons.compress.archivers.tar.TarArchiveInputStream,38.86,38.86,NOT_DETECTED,25,90.03,DONE,MIO_Algorithm/evosuite_budget_summary.csv
Cli,7,MIO (EvoSuite SBST),org.apache.commons.cli2.builder.PatternBuilder,92.52,92.52,NOT_DETECTED,25,77.05,DONE,MIO_Algorithm/evosuite_budget_summary.csv
Cli,37,MIO (EvoSuite SBST),org.apache.commons.cli.DefaultParser,58.38,58.38,NOT_DETECTED,25,76.51,DONE,MIO_Algorithm/evosuite_budget_summary.csv
JacksonDatabind,59,MIO (EvoSuite SBST),com.fasterxml.jackson.databind.type.MapLikeType,99.4,99.4,NOT_DETECTED,25,113.12,DONE,MIO_Algorithm/evosuite_budget_summary.csv
Cli,16,MIO (EvoSuite SBST),org.apache.commons.cli2.option.GroupImpl,100.0,100.0,NOT_DETECTED,25,89.75,DONE,MIO_Algorithm/evosuite_budget_summary.csv
JacksonDatabind,77,MIO (EvoSuite SBST),com.fasterxml.jackson.databind.deser.BeanDeserializerFactory,36.95,36.95,NOT_DETECTED,25,88.72,DONE,MIO_Algorithm/evosuite_budget_summary.csv
Cli,31,MIO (EvoSuite SBST),org.apache.commons.cli.Option,94.29,94.29,NOT_DETECTED,25,81.31,DONE,MIO_Algorithm/evosuite_budget_summary.csv
Cli,38,MIO (EvoSuite SBST),org.apache.commons.cli.DefaultParser,55.92,55.92,NOT_DETECTED,25,74.08,DONE,MIO_Algorithm/evosuite_budget_summary.csv
Cli,11,MIO (EvoSuite SBST),org.apache.commons.cli.HelpFormatter,95.27,95.27,NOT_DETECTED,25,148.47,DONE,MIO_Algorithm/evosuite_budget_summary.csv
Cli,16,MIO (EvoSuite SBST),org.apache.commons.cli2.option.OptionImpl,100.0,100.0,NOT_DETECTED,25,74.02,DONE,MIO_Algorithm/evosuite_budget_summary.csv
JacksonDatabind,59,MIO (EvoSuite SBST),com.fasterxml.jackson.databind.type.TypeFactory,99.4,99.4,NOT_DETECTED,25,155.95,DONE,MIO_Algorithm/evosuite_budget_summary.csv
JacksonDatabind,78,MIO (EvoSuite SBST),com.fasterxml.jackson.databind.deser.BeanDeserializerFactory,42.59,42.59,NOT_DETECTED,25,84.55,DONE,MIO_Algorithm/evosuite_budget_summary.csv
Cli,31,MIO (EvoSuite SBST),org.apache.commons.cli.OptionBuilder,94.29,94.29,NOT_DETECTED,25,75.37,DONE,MIO_Algorithm/evosuite_budget_summary.csv
Cli,39,MIO (EvoSuite SBST),org.apache.commons.cli.TypeHandler,100.0,100.0,NOT_DETECTED,25,74.52,DONE,MIO_Algorithm/evosuite_budget_summary.csv
Cli,21,MIO (EvoSuite SBST),org.apache.commons.cli2.WriteableCommandLine,100.0,100.0,NOT_DETECTED,25,8.22,DONE,MIO_Algorithm/evosuite_budget_summary.csv
Cli,12,MIO (EvoSuite SBST),org.apache.commons.cli.GnuParser,96.71,96.71,NOT_DETECTED,25,43.71,DONE,MIO_Algorithm/evosuite_budget_summary.csv
Cli,21,MIO (EvoSuite SBST),org.apache.commons.cli2.commandline.WriteableCommandLineImpl,100.0,100.0,NOT_DETECTED,25,80.48,DONE,MIO_Algorithm/evosuite_budget_summary.csv
JacksonDatabind,79,MIO (EvoSuite SBST),com.fasterxml.jackson.databind.introspect.JacksonAnnotationIntrospector,45.49,45.49,NOT_DETECTED,25,123.64,DONE,MIO_Algorithm/evosuite_budget_summary.csv
Cli,40,MIO (EvoSuite SBST),org.apache.commons.cli.TypeHandler,80.15,80.15,NOT_DETECTED,25,73.18,DONE,MIO_Algorithm/evosuite_budget_summary.csv
Cli,32,MIO (EvoSuite SBST),org.apache.commons.cli.HelpFormatter,93.46,93.46,NOT_DETECTED,25,131.89,DONE,MIO_Algorithm/evosuite_budget_summary.csv
JacksonDatabind,60,MIO (EvoSuite SBST),com.fasterxml.jackson.databind.ser.std.JsonValueSerializer,1.3,1.3,NOT_DETECTED,25,78.35,DONE,MIO_Algorithm/evosuite_budget_summary.csv
Cli,13,MIO (EvoSuite SBST),org.apache.commons.cli2.WriteableCommandLine,100.0,100.0,NOT_DETECTED,25,8.19,DONE,MIO_Algorithm/evosuite_budget_summary.csv
Cli,21,MIO (EvoSuite SBST),org.apache.commons.cli2.option.GroupImpl,100.0,100.0,NOT_DETECTED,25,107.43,DONE,MIO_Algorithm/evosuite_budget_summary.csv
Cli,13,MIO (EvoSuite SBST),org.apache.commons.cli2.commandline.WriteableCommandLineImpl,100.0,100.0,NOT_DETECTED,25,88.47,DONE,MIO_Algorithm/evosuite_budget_summary.csv
JacksonDatabind,22,MIO (EvoSuite SBST),com.fasterxml.jackson.databind.ser.BeanSerializerFactory,38.28,38.28,NOT_DETECTED,25,91.07,DONE,MIO_Algorithm/evosuite_budget_summary.csv
JacksonDatabind,79,MIO (EvoSuite SBST),com.fasterxml.jackson.databind.introspect.ObjectIdInfo,45.49,45.49,NOT_DETECTED,25,84.88,DONE,MIO_Algorithm/evosuite_budget_summary.csv
JacksonDatabind,61,MIO (EvoSuite SBST),com.fasterxml.jackson.databind.ObjectMapper,66.43,66.43,NOT_DETECTED,25,155.03,DONE,MIO_Algorithm/evosuite_budget_summary.csv
Cli,33,MIO (EvoSuite SBST),org.apache.commons.cli.HelpFormatter,93.46,93.46,NOT_DETECTED,25,122.96,DONE,MIO_Algorithm/evosuite_budget_summary.csv
Cli,13,MIO (EvoSuite SBST),org.apache.commons.cli2.option.ArgumentImpl,100.0,100.0,NOT_DETECTED,25,82.95,DONE,MIO_Algorithm/evosuite_budget_summary.csv
Cli,23,MIO (EvoSuite SBST),org.apache.commons.cli.HelpFormatter,95.82,95.82,NOT_DETECTED,25,87.91,DONE,MIO_Algorithm/evosuite_budget_summary.csv
JacksonDatabind,23,MIO (EvoSuite SBST),com.fasterxml.jackson.databind.ser.std.NumberSerializers,80.9,80.9,NOT_DETECTED,25,84.34,DONE,MIO_Algorithm/evosuite_budget_summary.csv
JacksonDatabind,79,MIO (EvoSuite SBST),com.fasterxml.jackson.databind.ser.std.BeanSerializerBase,45.49,45.49,NOT_DETECTED,25,91.34,DONE,MIO_Algorithm/evosuite_budget_summary.csv
Cli,24,MIO (EvoSuite SBST),org.apache.commons.cli.HelpFormatter,95.04,95.04,NOT_DETECTED,25,89.49,DONE,MIO_Algorithm/evosuite_budget_summary.csv
Cli,34,MIO (EvoSuite SBST),org.apache.commons.cli.Option,98.68,98.68,NOT_DETECTED,25,77.46,DONE,MIO_Algorithm/evosuite_budget_summary.csv
JacksonDatabind,61,MIO (EvoSuite SBST),com.fasterxml.jackson.databind.jsontype.impl.StdTypeResolverBuilder,66.43,66.43,NOT_DETECTED,25,98.76,DONE,MIO_Algorithm/evosuite_budget_summary.csv
JacksonDatabind,80,MIO (EvoSuite SBST),com.fasterxml.jackson.databind.jsontype.impl.StdSubtypeResolver,23.21,23.21,NOT_DETECTED,25,81.85,DONE,MIO_Algorithm/evosuite_budget_summary.csv
JacksonDatabind,25,MIO (EvoSuite SBST),com.fasterxml.jackson.databind.deser.BasicDeserializerFactory,34.13,34.13,NOT_DETECTED,25,98.26,DONE,MIO_Algorithm/evosuite_budget_summary.csv
Cli,34,MIO (EvoSuite SBST),org.apache.commons.cli.OptionBuilder,98.68,98.68,NOT_DETECTED,25,71.07,DONE,MIO_Algorithm/evosuite_budget_summary.csv
JacksonDatabind,62,MIO (EvoSuite SBST),com.fasterxml.jackson.databind.deser.std.CollectionDeserializer,58.22,58.22,NOT_DETECTED,25,89.43,DONE,MIO_Algorithm/evosuite_budget_summary.csv
JacksonDatabind,81,MIO (EvoSuite SBST),com.fasterxml.jackson.databind.introspect.JacksonAnnotationIntrospector,43.51,43.51,NOT_DETECTED,25,99.41,DONE,MIO_Algorithm/evosuite_budget_summary.csv
JacksonDatabind,25,MIO (EvoSuite SBST),com.fasterxml.jackson.databind.deser.DeserializerCache,34.13,34.13,NOT_DETECTED,25,82.91,DONE,MIO_Algorithm/evosuite_budget_summary.csv
JacksonDatabind,63,MIO (EvoSuite SBST),com.fasterxml.jackson.databind.JsonMappingException,95.41,95.41,NOT_DETECTED,25,104.41,DONE,MIO_Algorithm/evosuite_budget_summary.csv
JacksonDatabind,82,MIO (EvoSuite SBST),com.fasterxml.jackson.databind.deser.BeanDeserializerFactory,35.45,35.45,NOT_DETECTED,25,79.87,DONE,MIO_Algorithm/evosuite_budget_summary.csv
JacksonDatabind,25,MIO (EvoSuite SBST),com.fasterxml.jackson.databind.jsontype.impl.TypeDeserializerBase,34.13,34.13,NOT_DETECTED,25,73.38,DONE,MIO_Algorithm/evosuite_budget_summary.csv
JacksonDatabind,64,MIO (EvoSuite SBST),com.fasterxml.jackson.databind.ser.PropertyBuilder,3.33,3.33,NOT_DETECTED,25,70.47,DONE,MIO_Algorithm/evosuite_budget_summary.csv
JacksonDatabind,25,MIO (EvoSuite SBST),com.fasterxml.jackson.databind.module.SimpleAbstractTypeResolver,34.13,34.13,NOT_DETECTED,25,74.39,DONE,MIO_Algorithm/evosuite_budget_summary.csv
JacksonDatabind,83,MIO (EvoSuite SBST),com.fasterxml.jackson.databind.deser.std.FromStringDeserializer,75.07,75.07,NOT_DETECTED,25,102.23,DONE,MIO_Algorithm/evosuite_budget_summary.csv
JacksonDatabind,66,MIO (EvoSuite SBST),com.fasterxml.jackson.databind.deser.std.StdKeyDeserializer,77.36,77.36,NOT_DETECTED,25,95.41,DONE,MIO_Algorithm/evosuite_budget_summary.csv
JacksonDatabind,26,MIO (EvoSuite SBST),com.fasterxml.jackson.databind.ser.BeanPropertyWriter,67.82,67.82,NOT_DETECTED,25,112.99,DONE,MIO_Algorithm/evosuite_budget_summary.csv
JacksonDatabind,84,MIO (EvoSuite SBST),com.fasterxml.jackson.databind.type.ResolvedRecursiveType,99.38,99.38,NOT_DETECTED,25,82.23,DONE,MIO_Algorithm/evosuite_budget_summary.csv
JacksonDatabind,67,MIO (EvoSuite SBST),com.fasterxml.jackson.databind.deser.BasicDeserializerFactory,30.82,30.82,NOT_DETECTED,25,108.66,DONE,MIO_Algorithm/evosuite_budget_summary.csv
Closure,89,MIO (EvoSuite SBST),com.google.javascript.jscomp.CollapseProperties,5.34,5.34,NOT_DETECTED,25,84.28,DONE,MIO_Algorithm/evosuite_budget_summary.csv
Closure,45,MIO (EvoSuite SBST),com.google.javascript.jscomp.RemoveUnusedVars,14.86,14.86,NOT_DETECTED,25,91.3,DONE,MIO_Algorithm/evosuite_budget_summary.csv
Closure,1,MIO (EvoSuite SBST),com.google.javascript.jscomp.RemoveUnusedVars,7.29,7.29,NOT_DETECTED,25,95.69,DONE,MIO_Algorithm/evosuite_budget_summary.csv
JacksonDatabind,27,MIO (EvoSuite SBST),com.fasterxml.jackson.databind.deser.BeanDeserializer,4.27,4.27,NOT_DETECTED,25,85.33,DONE,MIO_Algorithm/evosuite_budget_summary.csv
JacksonDatabind,85,MIO (EvoSuite SBST),com.fasterxml.jackson.databind.ser.std.DateTimeSerializerBase,54.66,54.66,NOT_DETECTED,25,96.85,DONE,MIO_Algorithm/evosuite_budget_summary.csv
Closure,133,MIO (EvoSuite SBST),com.google.javascript.jscomp.parsing.JsDocInfoParser,25.97,25.97,NOT_DETECTED,25,140.11,DONE,MIO_Algorithm/evosuite_budget_summary.csv
JacksonDatabind,68,MIO (EvoSuite SBST),com.fasterxml.jackson.databind.deser.BeanDeserializerBase,20.92,20.92,NOT_DETECTED,25,85.58,DONE,MIO_Algorithm/evosuite_budget_summary.csv
Closure,46,MIO (EvoSuite SBST),com.google.javascript.rhino.jstype.RecordType,82.2,82.2,NOT_DETECTED,25,87.99,DONE,MIO_Algorithm/evosuite_budget_summary.csv
Closure,89,MIO (EvoSuite SBST),com.google.javascript.jscomp.GlobalNamespace,5.34,5.34,NOT_DETECTED,25,140.11,DONE,MIO_Algorithm/evosuite_budget_summary.csv
JacksonDatabind,86,MIO (EvoSuite SBST),com.fasterxml.jackson.databind.type.ResolvedRecursiveType,99.38,99.38,NOT_DETECTED,25,97.25,DONE,MIO_Algorithm/evosuite_budget_summary.csv
JacksonDatabind,28,MIO (EvoSuite SBST),com.fasterxml.jackson.databind.deser.std.JsonNodeDeserializer,74.96,74.96,NOT_DETECTED,25,92.61,DONE,MIO_Algorithm/evosuite_budget_summary.csv
Closure,2,MIO (EvoSuite SBST),com.google.javascript.jscomp.TypeCheck,14.53,14.53,NOT_DETECTED,25,98.0,DONE,MIO_Algorithm/evosuite_budget_summary.csv
Closure,134,MIO (EvoSuite SBST),com.google.javascript.jscomp.AmbiguateProperties,37.13,37.13,NOT_DETECTED,25,147.4,DONE,MIO_Algorithm/evosuite_budget_summary.csv
JacksonDatabind,69,MIO (EvoSuite SBST),com.fasterxml.jackson.databind.deser.impl.CreatorCollector,59.27,59.27,NOT_DETECTED,25,93.62,DONE,MIO_Algorithm/evosuite_budget_summary.csv
Closure,47,MIO (EvoSuite SBST),com.google.debugging.sourcemap.SourceMapConsumerV3,7.94,7.94,NOT_DETECTED,25,86.88,DONE,MIO_Algorithm/evosuite_budget_summary.csv
JacksonDatabind,29,MIO (EvoSuite SBST),com.fasterxml.jackson.databind.deser.impl.ExternalTypeHandler,26.08,26.08,NOT_DETECTED,25,85.66,DONE,MIO_Algorithm/evosuite_budget_summary.csv
JacksonDatabind,87,MIO (EvoSuite SBST),com.fasterxml.jackson.databind.util.StdDateFormat,96.53,96.53,NOT_DETECTED,25,91.31,DONE,MIO_Algorithm/evosuite_budget_summary.csv
Closure,3,MIO (EvoSuite SBST),com.google.javascript.jscomp.FlowSensitiveInlineVariables,4.46,4.46,NOT_DETECTED,25,90.01,DONE,MIO_Algorithm/evosuite_budget_summary.csv
Closure,90,MIO (EvoSuite SBST),com.google.javascript.jscomp.FunctionTypeBuilder,37.33,37.33,NOT_DETECTED,25,115.87,DONE,MIO_Algorithm/evosuite_budget_summary.csv
Closure,134,MIO (EvoSuite SBST),com.google.javascript.jscomp.TypedScopeCreator,27.43,27.43,NOT_DETECTED,25,82.76,DONE,MIO_Algorithm/evosuite_budget_summary.csv
JacksonDatabind,70,MIO (EvoSuite SBST),com.fasterxml.jackson.databind.deser.impl.BeanPropertyMap,77.58,77.58,NOT_DETECTED,25,117.86,DONE,MIO_Algorithm/evosuite_budget_summary.csv
Closure,47,MIO (EvoSuite SBST),com.google.javascript.jscomp.SourceMap,7.94,7.94,NOT_DETECTED,25,78.97,DONE,MIO_Algorithm/evosuite_budget_summary.csv
JacksonDatabind,88,MIO (EvoSuite SBST),com.fasterxml.jackson.databind.jsontype.impl.ClassNameIdResolver,63.54,63.54,NOT_DETECTED,25,93.36,DONE,MIO_Algorithm/evosuite_budget_summary.csv
JacksonDatabind,30,MIO (EvoSuite SBST),com.fasterxml.jackson.databind.ObjectMapper,71.54,71.54,NOT_DETECTED,25,77.78,DONE,MIO_Algorithm/evosuite_budget_summary.csv
Closure,4,MIO (EvoSuite SBST),com.google.javascript.rhino.jstype.NamedType,66.79,66.79,NOT_DETECTED,25,97.49,DONE,MIO_Algorithm/evosuite_budget_summary.csv
Closure,135,MIO (EvoSuite SBST),com.google.javascript.jscomp.DevirtualizePrototypeMethods,5.68,5.68,NOT_DETECTED,25,81.17,DONE,MIO_Algorithm/evosuite_budget_summary.csv
Closure,90,MIO (EvoSuite SBST),com.google.javascript.rhino.jstype.FunctionType,37.33,37.33,NOT_DETECTED,25,122.99,DONE,MIO_Algorithm/evosuite_budget_summary.csv
Closure,48,MIO (EvoSuite SBST),com.google.javascript.jscomp.TypedScopeCreator,17.52,17.52,NOT_DETECTED,25,100.03,DONE,MIO_Algorithm/evosuite_budget_summary.csv
JacksonDatabind,71,MIO (EvoSuite SBST),com.fasterxml.jackson.databind.deser.std.StdKeyDeserializer,78.35,78.35,NOT_DETECTED,25,118.09,DONE,MIO_Algorithm/evosuite_budget_summary.csv
JacksonDatabind,90,MIO (EvoSuite SBST),com.fasterxml.jackson.databind.deser.ValueInstantiator,76.32,76.32,NOT_DETECTED,25,97.81,DONE,MIO_Algorithm/evosuite_budget_summary.csv
Closure,5,MIO (EvoSuite SBST),com.google.javascript.jscomp.InlineObjectLiterals,3.04,3.04,NOT_DETECTED,25,88.16,DONE,MIO_Algorithm/evosuite_budget_summary.csv
Closure,135,MIO (EvoSuite SBST),com.google.javascript.rhino.jstype.FunctionType,5.68,5.68,NOT_DETECTED,25,115.85,DONE,MIO_Algorithm/evosuite_budget_summary.csv
Closure,91,MIO (EvoSuite SBST),com.google.javascript.jscomp.CheckGlobalThis,39.5,39.5,NOT_DETECTED,25,90.3,DONE,MIO_Algorithm/evosuite_budget_summary.csv
Closure,49,MIO (EvoSuite SBST),com.google.javascript.jscomp.MakeDeclaredNamesUnique,56.25,56.25,NOT_DETECTED,25,115.51,DONE,MIO_Algorithm/evosuite_budget_summary.csv
JacksonDatabind,72,MIO (EvoSuite SBST),com.fasterxml.jackson.databind.deser.impl.InnerClassProperty,80.8,80.8,NOT_DETECTED,25,87.64,DONE,MIO_Algorithm/evosuite_budget_summary.csv
JacksonDatabind,90,MIO (EvoSuite SBST),com.fasterxml.jackson.databind.deser.std.StdValueInstantiator,76.32,76.32,NOT_DETECTED,25,123.75,DONE,MIO_Algorithm/evosuite_budget_summary.csv
Closure,6,MIO (EvoSuite SBST),com.google.javascript.jscomp.TypeValidator,30.16,30.16,NOT_DETECTED,25,140.73,DONE,MIO_Algorithm/evosuite_budget_summary.csv
Closure,136,MIO (EvoSuite SBST),com.google.javascript.jscomp.MethodCompilerPass,35.17,35.17,NOT_DETECTED,25,80.47,DONE,MIO_Algorithm/evosuite_budget_summary.csv
Closure,92,MIO (EvoSuite SBST),com.google.javascript.jscomp.ProcessClosurePrimitives,17.14,17.14,NOT_DETECTED,25,87.41,DONE,MIO_Algorithm/evosuite_budget_summary.csv
Closure,50,MIO (EvoSuite SBST),com.google.javascript.jscomp.PeepholeReplaceKnownMethods,5.19,5.19,NOT_DETECTED,25,86.63,DONE,MIO_Algorithm/evosuite_budget_summary.csv
JacksonDatabind,91,MIO (EvoSuite SBST),com.fasterxml.jackson.databind.deser.DeserializerCache,64.55,64.55,NOT_DETECTED,25,97.42,DONE,MIO_Algorithm/evosuite_budget_summary.csv
JacksonDatabind,73,MIO (EvoSuite SBST),com.fasterxml.jackson.databind.introspect.POJOPropertyBuilder,11.62,11.62,NOT_DETECTED,25,96.47,DONE,MIO_Algorithm/evosuite_budget_summary.csv
Closure,136,MIO (EvoSuite SBST),com.google.javascript.jscomp.RenameVars,35.17,35.17,NOT_DETECTED,25,97.53,DONE,MIO_Algorithm/evosuite_budget_summary.csv
Closure,7,MIO (EvoSuite SBST),com.google.javascript.jscomp.type.ChainableReverseAbstractInterpreter,62.49,62.49,NOT_DETECTED,25,138.2,DONE,MIO_Algorithm/evosuite_budget_summary.csv
Closure,94,MIO (EvoSuite SBST),com.google.javascript.jscomp.NodeUtil,59.69,59.69,NOT_DETECTED,25,188.79,DONE,MIO_Algorithm/evosuite_budget_summary.csv
Closure,51,MIO (EvoSuite SBST),com.google.javascript.jscomp.CodeConsumer,4.87,4.87,NOT_DETECTED,25,79.67,DONE,MIO_Algorithm/evosuite_budget_summary.csv
JacksonDatabind,32,MIO (EvoSuite SBST),com.fasterxml.jackson.databind.deser.std.UntypedObjectDeserializer,36.08,36.08,NOT_DETECTED,25,89.73,DONE,MIO_Algorithm/evosuite_budget_summary.csv
JacksonDatabind,74,MIO (EvoSuite SBST),com.fasterxml.jackson.databind.jsontype.impl.AsPropertyTypeDeserializer,40.46,40.46,NOT_DETECTED,25,81.3,DONE,MIO_Algorithm/evosuite_budget_summary.csv
JacksonDatabind,92,MIO (EvoSuite SBST),com.fasterxml.jackson.databind.deser.BeanDeserializerFactory,36.99,36.99,NOT_DETECTED,25,88.38,DONE,MIO_Algorithm/evosuite_budget_summary.csv
Closure,137,MIO (EvoSuite SBST),com.google.javascript.jscomp.MakeDeclaredNamesUnique,61.13,61.13,NOT_DETECTED,25,102.05,DONE,MIO_Algorithm/evosuite_budget_summary.csv
Closure,52,MIO (EvoSuite SBST),com.google.javascript.jscomp.CodeGenerator,17.46,17.46,NOT_DETECTED,25,99.93,DONE,MIO_Algorithm/evosuite_budget_summary.csv
Closure,8,MIO (EvoSuite SBST),com.google.javascript.jscomp.CollapseVariableDeclarations,18.79,18.79,NOT_DETECTED,25,86.55,DONE,MIO_Algorithm/evosuite_budget_summary.csv
Closure,95,MIO (EvoSuite SBST),com.google.javascript.jscomp.TypedScopeCreator,20.61,20.61,NOT_DETECTED,25,81.95,DONE,MIO_Algorithm/evosuite_budget_summary.csv
JacksonDatabind,33,MIO (EvoSuite SBST),com.fasterxml.jackson.databind.introspect.JacksonAnnotationIntrospector,46.42,46.42,NOT_DETECTED,25,106.51,DONE,MIO_Algorithm/evosuite_budget_summary.csv
JacksonDatabind,93,MIO (EvoSuite SBST),com.fasterxml.jackson.databind.jsontype.impl.SubTypeValidator,42.86,42.86,NOT_DETECTED,25,76.04,DONE,MIO_Algorithm/evosuite_budget_summary.csv
Closure,137,MIO (EvoSuite SBST),com.google.javascript.jscomp.NodeUtil,61.13,61.13,NOT_DETECTED,25,70.93,DONE,MIO_Algorithm/evosuite_budget_summary.csv
Closure,53,MIO (EvoSuite SBST),com.google.javascript.jscomp.InlineObjectLiterals,3.19,3.19,NOT_DETECTED,25,81.41,DONE,MIO_Algorithm/evosuite_budget_summary.csv
Closure,9,MIO (EvoSuite SBST),com.google.javascript.jscomp.ProcessCommonJSModules,52.65,52.65,NOT_DETECTED,25,100.04,DONE,MIO_Algorithm/evosuite_budget_summary.csv
JacksonDatabind,94,MIO (EvoSuite SBST),com.fasterxml.jackson.databind.jsontype.impl.SubTypeValidator,50.71,50.71,NOT_DETECTED,25,76.16,DONE,MIO_Algorithm/evosuite_budget_summary.csv
Closure,96,MIO (EvoSuite SBST),com.google.javascript.jscomp.TypeCheck,24.22,24.22,NOT_DETECTED,25,81.24,DONE,MIO_Algorithm/evosuite_budget_summary.csv
JacksonDatabind,34,MIO (EvoSuite SBST),com.fasterxml.jackson.databind.ser.std.NumberSerializer,100.0,100.0,NOT_DETECTED,25,82.61,DONE,MIO_Algorithm/evosuite_budget_summary.csv
Closure,137,MIO (EvoSuite SBST),com.google.javascript.jscomp.Normalize,61.13,61.13,NOT_DETECTED,25,86.61,DONE,MIO_Algorithm/evosuite_budget_summary.csv
Closure,54,MIO (EvoSuite SBST),com.google.javascript.jscomp.TypedScopeCreator,18.45,18.45,NOT_DETECTED,25,87.81,DONE,MIO_Algorithm/evosuite_budget_summary.csv
JacksonDatabind,35,MIO (EvoSuite SBST),com.fasterxml.jackson.databind.jsontype.impl.AsWrapperTypeDeserializer,44.5,44.5,NOT_DETECTED,25,78.28,DONE,MIO_Algorithm/evosuite_budget_summary.csv
Closure,97,MIO (EvoSuite SBST),com.google.javascript.jscomp.PeepholeFoldConstants,21.6,21.6,NOT_DETECTED,25,93.3,DONE,MIO_Algorithm/evosuite_budget_summary.csv
JacksonDatabind,95,MIO (EvoSuite SBST),com.fasterxml.jackson.databind.type.TypeFactory,79.93,79.93,NOT_DETECTED,25,137.94,DONE,MIO_Algorithm/evosuite_budget_summary.csv
Closure,10,MIO (EvoSuite SBST),com.google.javascript.jscomp.NodeUtil,44.59,44.59,NOT_DETECTED,25,160.46,DONE,MIO_Algorithm/evosuite_budget_summary.csv
Closure,138,MIO (EvoSuite SBST),com.google.javascript.jscomp.ClosureReverseAbstractInterpreter,25.55,25.55,NOT_DETECTED,25,76.18,DONE,MIO_Algorithm/evosuite_budget_summary.csv
Closure,54,MIO (EvoSuite SBST),com.google.javascript.rhino.jstype.FunctionType,18.45,18.45,NOT_DETECTED,25,117.99,DONE,MIO_Algorithm/evosuite_budget_summary.csv
JacksonDatabind,36,MIO (EvoSuite SBST),com.fasterxml.jackson.databind.util.StdDateFormat,96.03,96.03,NOT_DETECTED,25,81.21,DONE,MIO_Algorithm/evosuite_budget_summary.csv
Closure,98,MIO (EvoSuite SBST),com.google.javascript.jscomp.ReferenceCollectingCallback,61.8,61.8,NOT_DETECTED,25,101.64,DONE,MIO_Algorithm/evosuite_budget_summary.csv
Closure,138,MIO (EvoSuite SBST),com.google.javascript.jscomp.TypeInference,25.55,25.55,NOT_DETECTED,25,102.41,DONE,MIO_Algorithm/evosuite_budget_summary.csv
JacksonDatabind,95,MIO (EvoSuite SBST),com.fasterxml.jackson.databind.type.TypeParser,79.93,79.93,NOT_DETECTED,25,81.87,DONE,MIO_Algorithm/evosuite_budget_summary.csv
Closure,11,MIO (EvoSuite SBST),com.google.javascript.jscomp.TypeCheck,10.58,10.58,NOT_DETECTED,25,92.39,DONE,MIO_Algorithm/evosuite_budget_summary.csv
JacksonDatabind,37,MIO (EvoSuite SBST),com.fasterxml.jackson.databind.type.SimpleType,98.13,98.13,NOT_DETECTED,25,89.02,DONE,MIO_Algorithm/evosuite_budget_summary.csv
Closure,55,MIO (EvoSuite SBST),com.google.javascript.jscomp.FunctionRewriter,52.61,52.61,NOT_DETECTED,25,84.52,DONE,MIO_Algorithm/evosuite_budget_summary.csv
JacksonDatabind,96,MIO (EvoSuite SBST),com.fasterxml.jackson.databind.deser.BasicDeserializerFactory,24.22,24.22,NOT_DETECTED,25,94.37,DONE,MIO_Algorithm/evosuite_budget_summary.csv
Closure,99,MIO (EvoSuite SBST),com.google.javascript.jscomp.CheckGlobalThis,54.85,54.85,NOT_DETECTED,25,82.38,DONE,MIO_Algorithm/evosuite_budget_summary.csv
Closure,139,MIO (EvoSuite SBST),com.google.javascript.jscomp.Normalize,48.05,48.05,NOT_DETECTED,25,83.55,DONE,MIO_Algorithm/evosuite_budget_summary.csv
Closure,12,MIO (EvoSuite SBST),com.google.javascript.jscomp.MaybeReachingVariableUse,28.17,28.17,NOT_DETECTED,25,82.4,DONE,MIO_Algorithm/evosuite_budget_summary.csv
Closure,56,MIO (EvoSuite SBST),com.google.javascript.jscomp.SourceFile,97.42,97.42,NOT_DETECTED,25,82.44,DONE,MIO_Algorithm/evosuite_budget_summary.csv
JacksonDatabind,97,MIO (EvoSuite SBST),com.fasterxml.jackson.databind.node.POJONode,95.0,95.0,NOT_DETECTED,25,91.64,DONE,MIO_Algorithm/evosuite_budget_summary.csv
Closure,100,MIO (EvoSuite SBST),com.google.javascript.jscomp.CheckGlobalThis,45.42,45.42,NOT_DETECTED,25,78.29,DONE,MIO_Algorithm/evosuite_budget_summary.csv
Closure,140,MIO (EvoSuite SBST),com.google.javascript.jscomp.Compiler,58.63,58.63,NOT_DETECTED,25,175.35,DONE,MIO_Algorithm/evosuite_budget_summary.csv
Closure,13,MIO (EvoSuite SBST),com.google.javascript.jscomp.PeepholeOptimizationsPass,70.26,70.26,NOT_DETECTED,25,81.26,DONE,MIO_Algorithm/evosuite_budget_summary.csv
Closure,57,MIO (EvoSuite SBST),com.google.javascript.jscomp.ClosureCodingConvention,33.89,33.89,NOT_DETECTED,25,103.2,DONE,MIO_Algorithm/evosuite_budget_summary.csv
JacksonDatabind,98,MIO (EvoSuite SBST),com.fasterxml.jackson.databind.deser.impl.ExternalTypeHandler,18.97,18.97,NOT_DETECTED,25,80.63,DONE,MIO_Algorithm/evosuite_budget_summary.csv
Closure,101,MIO (EvoSuite SBST),com.google.javascript.jscomp.CommandLineRunner,56.32,56.32,NOT_DETECTED,25,78.3,DONE,MIO_Algorithm/evosuite_budget_summary.csv
Closure,14,MIO (EvoSuite SBST),com.google.javascript.jscomp.ControlFlowAnalysis,50.56,50.56,NOT_DETECTED,25,129.47,DONE,MIO_Algorithm/evosuite_budget_summary.csv
Closure,141,MIO (EvoSuite SBST),com.google.javascript.jscomp.NodeUtil,68.78,68.78,NOT_DETECTED,25,165.83,DONE,MIO_Algorithm/evosuite_budget_summary.csv
Closure,58,MIO (EvoSuite SBST),com.google.javascript.jscomp.LiveVariablesAnalysis,46.09,46.09,NOT_DETECTED,25,86.03,DONE,MIO_Algorithm/evosuite_budget_summary.csv
JacksonDatabind,99,MIO (EvoSuite SBST),com.fasterxml.jackson.databind.type.ReferenceType,100.0,100.0,NOT_DETECTED,25,86.66,DONE,MIO_Algorithm/evosuite_budget_summary.csv
Closure,102,MIO (EvoSuite SBST),com.google.javascript.jscomp.Normalize,49.49,49.49,NOT_DETECTED,25,88.56,DONE,MIO_Algorithm/evosuite_budget_summary.csv
Closure,15,MIO (EvoSuite SBST),com.google.javascript.jscomp.FlowSensitiveInlineVariables,4.57,4.57,NOT_DETECTED,25,77.4,DONE,MIO_Algorithm/evosuite_budget_summary.csv
Closure,141,MIO (EvoSuite SBST),com.google.javascript.jscomp.PureFunctionIdentifier,68.78,68.78,NOT_DETECTED,25,79.97,DONE,MIO_Algorithm/evosuite_budget_summary.csv
Closure,59,MIO (EvoSuite SBST),com.google.javascript.jscomp.Compiler,61.03,61.03,NOT_DETECTED,25,97.46,DONE,MIO_Algorithm/evosuite_budget_summary.csv
Closure,103,MIO (EvoSuite SBST),com.google.javascript.jscomp.ControlFlowAnalysis,57.5,57.5,NOT_DETECTED,25,99.08,DONE,MIO_Algorithm/evosuite_budget_summary.csv
JacksonDatabind,100,MIO (EvoSuite SBST),com.fasterxml.jackson.databind.node.TreeTraversingParser,89.32,89.32,NOT_DETECTED,25,109.45,DONE,MIO_Algorithm/evosuite_budget_summary.csv
Closure,16,MIO (EvoSuite SBST),com.google.javascript.jscomp.ScopedAliases,19.0,19.0,NOT_DETECTED,25,76.9,DONE,MIO_Algorithm/evosuite_budget_summary.csv
Closure,142,MIO (EvoSuite SBST),com.google.javascript.jscomp.CoalesceVariableNames,5.91,5.91,NOT_DETECTED,25,71.51,DONE,MIO_Algorithm/evosuite_budget_summary.csv
Closure,103,MIO (EvoSuite SBST),com.google.javascript.jscomp.DisambiguateProperties,57.5,57.5,NOT_DETECTED,25,78.97,DONE,MIO_Algorithm/evosuite_budget_summary.csv
JacksonDatabind,101,MIO (EvoSuite SBST),com.fasterxml.jackson.databind.deser.BeanDeserializer,2.0,2.0,NOT_DETECTED,25,81.43,DONE,MIO_Algorithm/evosuite_budget_summary.csv
Closure,17,MIO (EvoSuite SBST),com.google.javascript.jscomp.TypedScopeCreator,20.63,20.63,NOT_DETECTED,25,90.67,DONE,MIO_Algorithm/evosuite_budget_summary.csv
Closure,60,MIO (EvoSuite SBST),com.google.javascript.jscomp.NodeUtil,49.51,49.51,NOT_DETECTED,25,129.48,DONE,MIO_Algorithm/evosuite_budget_summary.csv
Closure,142,MIO (EvoSuite SBST),com.google.javascript.jscomp.parsing.JsDocInfoParser,5.91,5.91,NOT_DETECTED,25,64.99,DONE,MIO_Algorithm/evosuite_budget_summary.csv
JacksonDatabind,102,MIO (EvoSuite SBST),com.fasterxml.jackson.databind.ser.std.DateTimeSerializerBase,50.38,50.38,NOT_DETECTED,25,79.03,DONE,MIO_Algorithm/evosuite_budget_summary.csv
JacksonDatabind,103,MIO (EvoSuite SBST),com.fasterxml.jackson.databind.DatabindContext,66.74,66.74,NOT_DETECTED,25,82.81,DONE,MIO_Algorithm/evosuite_budget_summary.csv
Closure,61,MIO (EvoSuite SBST),com.google.javascript.jscomp.NodeUtil,54.67,54.67,NOT_DETECTED,25,154.38,DONE,MIO_Algorithm/evosuite_budget_summary.csv
Closure,18,MIO (EvoSuite SBST),com.google.javascript.jscomp.Compiler,52.95,52.95,NOT_DETECTED,25,141.19,DONE,MIO_Algorithm/evosuite_budget_summary.csv
JacksonDatabind,103,MIO (EvoSuite SBST),com.fasterxml.jackson.databind.DeserializationContext,66.74,66.74,NOT_DETECTED,25,106.77,DONE,MIO_Algorithm/evosuite_budget_summary.csv
JacksonDatabind,103,MIO (EvoSuite SBST),com.fasterxml.jackson.databind.JsonMappingException,66.74,66.74,NOT_DETECTED,25,89.26,DONE,MIO_Algorithm/evosuite_budget_summary.csv
Closure,62,MIO (EvoSuite SBST),com.google.javascript.jscomp.LightweightMessageFormatter,78.36,78.36,NOT_DETECTED,25,79.92,DONE,MIO_Algorithm/evosuite_budget_summary.csv
Closure,19,MIO (EvoSuite SBST),com.google.javascript.jscomp.type.ChainableReverseAbstractInterpreter,62.93,62.93,NOT_DETECTED,25,104.14,DONE,MIO_Algorithm/evosuite_budget_summary.csv
JacksonDatabind,103,MIO (EvoSuite SBST),com.fasterxml.jackson.databind.SerializerProvider,66.74,66.74,NOT_DETECTED,25,72.13,DONE,MIO_Algorithm/evosuite_budget_summary.csv
Closure,64,MIO (EvoSuite SBST),com.google.javascript.jscomp.Compiler,61.54,61.54,NOT_DETECTED,25,120.41,DONE,MIO_Algorithm/evosuite_budget_summary.csv
Closure,20,MIO (EvoSuite SBST),com.google.javascript.jscomp.PeepholeSubstituteAlternateSyntax,13.64,13.64,NOT_DETECTED,25,108.38,DONE,MIO_Algorithm/evosuite_budget_summary.csv
JacksonDatabind,103,MIO (EvoSuite SBST),com.fasterxml.jackson.databind.deser.BasicDeserializerFactory,66.74,66.74,NOT_DETECTED,25,89.94,DONE,MIO_Algorithm/evosuite_budget_summary.csv
Closure,65,MIO (EvoSuite SBST),com.google.javascript.jscomp.CodeGenerator,16.38,16.38,NOT_DETECTED,25,100.25,DONE,MIO_Algorithm/evosuite_budget_summary.csv
Closure,21,MIO (EvoSuite SBST),com.google.javascript.jscomp.CheckSideEffects,60.58,60.58,NOT_DETECTED,25,83.69,DONE,MIO_Algorithm/evosuite_budget_summary.csv
JacksonDatabind,103,MIO (EvoSuite SBST),com.fasterxml.jackson.databind.deser.BeanDeserializerFactory,66.74,66.74,NOT_DETECTED,25,81.66,DONE,MIO_Algorithm/evosuite_budget_summary.csv
Closure,22,MIO (EvoSuite SBST),com.google.javascript.jscomp.CheckSideEffects,62.13,62.13,NOT_DETECTED,25,92.12,DONE,MIO_Algorithm/evosuite_budget_summary.csv
Closure,66,MIO (EvoSuite SBST),com.google.javascript.jscomp.TypeCheck,29.35,29.35,NOT_DETECTED,25,137.93,DONE,MIO_Algorithm/evosuite_budget_summary.csv
JacksonDatabind,103,MIO (EvoSuite SBST),com.fasterxml.jackson.databind.deser.DeserializerCache,66.74,66.74,NOT_DETECTED,25,88.67,DONE,MIO_Algorithm/evosuite_budget_summary.csv
Closure,23,MIO (EvoSuite SBST),com.google.javascript.jscomp.PeepholeFoldConstants,25.58,25.58,NOT_DETECTED,25,117.93,DONE,MIO_Algorithm/evosuite_budget_summary.csv
Closure,67,MIO (EvoSuite SBST),com.google.javascript.jscomp.AnalyzePrototypeProperties,45.79,45.79,NOT_DETECTED,25,87.98,DONE,MIO_Algorithm/evosuite_budget_summary.csv
JacksonDatabind,103,MIO (EvoSuite SBST),com.fasterxml.jackson.databind.deser.SettableAnyProperty,66.74,66.74,NOT_DETECTED,25,84.59,DONE,MIO_Algorithm/evosuite_budget_summary.csv
Closure,24,MIO (EvoSuite SBST),com.google.javascript.jscomp.ScopedAliases,22.18,22.18,NOT_DETECTED,25,79.73,DONE,MIO_Algorithm/evosuite_budget_summary.csv
Closure,68,MIO (EvoSuite SBST),com.google.javascript.jscomp.parsing.JsDocInfoParser,22.91,22.91,NOT_DETECTED,25,99.01,DONE,MIO_Algorithm/evosuite_budget_summary.csv
JacksonDatabind,103,MIO (EvoSuite SBST),com.fasterxml.jackson.databind.deser.SettableBeanProperty,66.74,66.74,NOT_DETECTED,25,76.69,DONE,MIO_Algorithm/evosuite_budget_summary.csv
Closure,25,MIO (EvoSuite SBST),com.google.javascript.jscomp.TypeInference,17.76,17.76,NOT_DETECTED,25,98.86,DONE,MIO_Algorithm/evosuite_budget_summary.csv
Closure,69,MIO (EvoSuite SBST),com.google.javascript.jscomp.TypeCheck,20.72,20.72,NOT_DETECTED,25,105.56,DONE,MIO_Algorithm/evosuite_budget_summary.csv
JacksonDatabind,103,MIO (EvoSuite SBST),com.fasterxml.jackson.databind.deser.std.StdDeserializer,66.74,66.74,NOT_DETECTED,25,104.94,DONE,MIO_Algorithm/evosuite_budget_summary.csv
Closure,26,MIO (EvoSuite SBST),com.google.javascript.jscomp.ProcessCommonJSModules,72.46,72.46,NOT_DETECTED,25,94.91,DONE,MIO_Algorithm/evosuite_budget_summary.csv
Closure,104,MIO (EvoSuite SBST),com.google.javascript.rhino.jstype.UnionType,97.31,97.31,NOT_DETECTED,25,95.72,DONE,MIO_Algorithm/evosuite_budget_summary.csv
Closure,143,MIO (EvoSuite SBST),com.google.javascript.jscomp.AbstractCommandLineRunner,38.41,38.41,NOT_DETECTED,25,103.0,DONE,MIO_Algorithm/evosuite_budget_summary.csv
Closure,160,MIO (EvoSuite SBST),com.google.javascript.jscomp.Compiler,55.76,55.76,NOT_DETECTED,25,148.2,DONE,MIO_Algorithm/evosuite_budget_summary.csv
Closure,70,MIO (EvoSuite SBST),com.google.javascript.jscomp.TypedScopeCreator,19.36,19.36,NOT_DETECTED,25,84.23,DONE,MIO_Algorithm/evosuite_budget_summary.csv
JacksonDatabind,103,MIO (EvoSuite SBST),com.fasterxml.jackson.databind.deser.std.StdKeyDeserializer,66.74,66.74,NOT_DETECTED,25,115.01,DONE,MIO_Algorithm/evosuite_budget_summary.csv
Closure,143,MIO (EvoSuite SBST),com.google.javascript.jscomp.RemoveConstantExpressions,38.41,38.41,NOT_DETECTED,25,77.35,DONE,MIO_Algorithm/evosuite_budget_summary.csv
Closure,105,MIO (EvoSuite SBST),com.google.javascript.jscomp.FoldConstants,19.35,19.35,NOT_DETECTED,25,118.22,DONE,MIO_Algorithm/evosuite_budget_summary.csv
Closure,27,MIO (EvoSuite SBST),com.google.javascript.rhino.IR,88.0,88.0,NOT_DETECTED,25,127.89,DONE,MIO_Algorithm/evosuite_budget_summary.csv
Closure,71,MIO (EvoSuite SBST),com.google.javascript.jscomp.CheckAccessControls,14.67,14.67,NOT_DETECTED,25,82.82,DONE,MIO_Algorithm/evosuite_budget_summary.csv
Closure,161,MIO (EvoSuite SBST),com.google.javascript.jscomp.PeepholeFoldConstants,22.3,22.3,NOT_DETECTED,25,144.85,DONE,MIO_Algorithm/evosuite_budget_summary.csv
JacksonDatabind,103,MIO (EvoSuite SBST),com.fasterxml.jackson.databind.deser.std.StdValueInstantiator,66.74,66.74,NOT_DETECTED,25,114.18,DONE,MIO_Algorithm/evosuite_budget_summary.csv
Closure,144,MIO (EvoSuite SBST),com.google.javascript.jscomp.FunctionTypeBuilder,45.31,45.31,NOT_DETECTED,25,112.04,DONE,MIO_Algorithm/evosuite_budget_summary.csv
Closure,28,MIO (EvoSuite SBST),com.google.javascript.jscomp.InlineCostEstimator,84.67,84.67,NOT_DETECTED,25,79.5,DONE,MIO_Algorithm/evosuite_budget_summary.csv
Closure,106,MIO (EvoSuite SBST),com.google.javascript.jscomp.GlobalNamespace,39.43,39.43,NOT_DETECTED,25,140.81,DONE,MIO_Algorithm/evosuite_budget_summary.csv
Closure,72,MIO (EvoSuite SBST),com.google.javascript.jscomp.FunctionToBlockMutator,7.79,7.79,NOT_DETECTED,25,84.47,DONE,MIO_Algorithm/evosuite_budget_summary.csv
JacksonDatabind,103,MIO (EvoSuite SBST),com.fasterxml.jackson.databind.introspect.BasicBeanDescription,66.74,66.74,NOT_DETECTED,25,121.06,DONE,MIO_Algorithm/evosuite_budget_summary.csv
Closure,162,MIO (EvoSuite SBST),com.google.javascript.jscomp.Scope,78.65,78.65,NOT_DETECTED,25,148.43,DONE,MIO_Algorithm/evosuite_budget_summary.csv
Closure,144,MIO (EvoSuite SBST),com.google.javascript.jscomp.TypedScopeCreator,45.31,45.31,NOT_DETECTED,25,86.31,DONE,MIO_Algorithm/evosuite_budget_summary.csv
Closure,29,MIO (EvoSuite SBST),com.google.javascript.jscomp.InlineObjectLiterals,3.17,3.17,NOT_DETECTED,25,82.52,DONE,MIO_Algorithm/evosuite_budget_summary.csv
Closure,72,MIO (EvoSuite SBST),com.google.javascript.jscomp.RenameLabels,7.79,7.79,NOT_DETECTED,25,89.69,DONE,MIO_Algorithm/evosuite_budget_summary.csv
Closure,106,MIO (EvoSuite SBST),com.google.javascript.rhino.JSDocInfoBuilder,39.43,39.43,NOT_DETECTED,25,105.78,DONE,MIO_Algorithm/evosuite_budget_summary.csv
Closure,144,MIO (EvoSuite SBST),com.google.javascript.rhino.jstype.FunctionBuilder,45.31,45.31,NOT_DETECTED,25,17.27,DONE,MIO_Algorithm/evosuite_budget_summary.csv
Closure,30,MIO (EvoSuite SBST),com.google.javascript.jscomp.FlowSensitiveInlineVariables,4.61,4.61,NOT_DETECTED,25,82.91,DONE,MIO_Algorithm/evosuite_budget_summary.csv
JacksonDatabind,103,MIO (EvoSuite SBST),com.fasterxml.jackson.databind.ser.DefaultSerializerProvider,66.74,66.74,NOT_DETECTED,25,110.72,DONE,MIO_Algorithm/evosuite_budget_summary.csv
Closure,144,MIO (EvoSuite SBST),com.google.javascript.rhino.jstype.FunctionType,45.31,45.31,NOT_DETECTED,25,95.1,DONE,MIO_Algorithm/evosuite_budget_summary.csv
Closure,162,MIO (EvoSuite SBST),com.google.javascript.jscomp.ScopedAliases,78.65,78.65,NOT_DETECTED,25,85.23,DONE,MIO_Algorithm/evosuite_budget_summary.csv
Closure,73,MIO (EvoSuite SBST),com.google.javascript.jscomp.CodeGenerator,26.92,26.92,NOT_DETECTED,25,108.43,DONE,MIO_Algorithm/evosuite_budget_summary.csv
Closure,107,MIO (EvoSuite SBST),com.google.javascript.jscomp.CommandLineRunner,50.79,50.79,NOT_DETECTED,25,98.86,DONE,MIO_Algorithm/evosuite_budget_summary.csv
Closure,30,MIO (EvoSuite SBST),com.google.javascript.jscomp.MustBeReachingVariableDef,4.61,4.61,NOT_DETECTED,25,95.42,DONE,MIO_Algorithm/evosuite_budget_summary.csv
JacksonDatabind,103,MIO (EvoSuite SBST),com.fasterxml.jackson.databind.ser.PropertyBuilder,66.74,66.74,NOT_DETECTED,25,78.25,DONE,MIO_Algorithm/evosuite_budget_summary.csv
Closure,145,MIO (EvoSuite SBST),com.google.javascript.jscomp.CodeGenerator,15.11,15.11,NOT_DETECTED,25,96.65,DONE,MIO_Algorithm/evosuite_budget_summary.csv
Closure,163,MIO (EvoSuite SBST),com.google.javascript.jscomp.AnalyzePrototypeProperties,43.82,43.82,NOT_DETECTED,25,114.39,DONE,MIO_Algorithm/evosuite_budget_summary.csv
Closure,74,MIO (EvoSuite SBST),com.google.javascript.jscomp.PeepholeFoldConstants,18.18,18.18,NOT_DETECTED,25,143.78,DONE,MIO_Algorithm/evosuite_budget_summary.csv
Closure,108,MIO (EvoSuite SBST),com.google.javascript.jscomp.ScopedAliases,15.79,15.79,NOT_DETECTED,25,90.64,DONE,MIO_Algorithm/evosuite_budget_summary.csv
Closure,31,MIO (EvoSuite SBST),com.google.javascript.jscomp.Compiler,51.16,51.16,NOT_DETECTED,25,163.53,DONE,MIO_Algorithm/evosuite_budget_summary.csv
JacksonDatabind,103,MIO (EvoSuite SBST),com.fasterxml.jackson.databind.util.ClassUtil,66.74,66.74,NOT_DETECTED,25,96.11,DONE,MIO_Algorithm/evosuite_budget_summary.csv
Closure,146,MIO (EvoSuite SBST),com.google.javascript.rhino.jstype.JSType,96.29,96.29,NOT_DETECTED,25,115.74,DONE,MIO_Algorithm/evosuite_budget_summary.csv
Closure,163,MIO (EvoSuite SBST),com.google.javascript.jscomp.CrossModuleMethodMotion,43.82,43.82,NOT_DETECTED,25,89.76,DONE,MIO_Algorithm/evosuite_budget_summary.csv
Closure,109,MIO (EvoSuite SBST),com.google.javascript.jscomp.parsing.JsDocInfoParser,24.51,24.51,NOT_DETECTED,25,121.56,DONE,MIO_Algorithm/evosuite_budget_summary.csv
JacksonDatabind,104,MIO (EvoSuite SBST),com.fasterxml.jackson.databind.util.StdDateFormat,82.8,82.8,NOT_DETECTED,25,91.07,DONE,MIO_Algorithm/evosuite_budget_summary.csv
Closure,75,MIO (EvoSuite SBST),com.google.javascript.jscomp.NodeUtil,52.49,52.49,NOT_DETECTED,25,135.05,DONE,MIO_Algorithm/evosuite_budget_summary.csv
Closure,147,MIO (EvoSuite SBST),com.google.javascript.jscomp.CheckGlobalThis,34.35,34.35,NOT_DETECTED,25,88.69,DONE,MIO_Algorithm/evosuite_budget_summary.csv
Closure,164,MIO (EvoSuite SBST),com.google.javascript.rhino.jstype.ArrowType,96.35,96.35,NOT_DETECTED,25,94.13,DONE,MIO_Algorithm/evosuite_budget_summary.csv
Closure,32,MIO (EvoSuite SBST),com.google.javascript.jscomp.parsing.JsDocInfoParser,23.83,23.83,NOT_DETECTED,25,120.57,DONE,MIO_Algorithm/evosuite_budget_summary.csv
JacksonDatabind,105,MIO (EvoSuite SBST),com.fasterxml.jackson.databind.deser.std.JdkDeserializers,92.58,92.58,NOT_DETECTED,25,77.14,DONE,MIO_Algorithm/evosuite_budget_summary.csv
Closure,110,MIO (EvoSuite SBST),com.google.javascript.jscomp.ScopedAliases,16.44,16.44,NOT_DETECTED,25,89.99,DONE,MIO_Algorithm/evosuite_budget_summary.csv
Closure,147,MIO (EvoSuite SBST),com.google.javascript.jscomp.RuntimeTypeCheck,34.35,34.35,NOT_DETECTED,25,84.63,DONE,MIO_Algorithm/evosuite_budget_summary.csv
Closure,76,MIO (EvoSuite SBST),com.google.javascript.jscomp.DeadAssignmentsElimination,5.81,5.81,NOT_DETECTED,25,79.15,DONE,MIO_Algorithm/evosuite_budget_summary.csv
Closure,165,MIO (EvoSuite SBST),com.google.javascript.rhino.jstype.JSTypeRegistry,79.36,79.36,NOT_DETECTED,25,175.28,DONE,MIO_Algorithm/evosuite_budget_summary.csv
Closure,33,MIO (EvoSuite SBST),com.google.javascript.rhino.jstype.PrototypeObjectType,89.44,89.44,NOT_DETECTED,25,112.22,DONE,MIO_Algorithm/evosuite_budget_summary.csv
JacksonDatabind,106,MIO (EvoSuite SBST),com.fasterxml.jackson.databind.node.TreeTraversingParser,91.24,91.24,NOT_DETECTED,25,105.09,DONE,MIO_Algorithm/evosuite_budget_summary.csv
Closure,148,MIO (EvoSuite SBST),com.google.javascript.jscomp.PeepholeFoldConstants,19.68,19.68,NOT_DETECTED,25,112.95,DONE,MIO_Algorithm/evosuite_budget_summary.csv
Closure,77,MIO (EvoSuite SBST),com.google.javascript.jscomp.CodeGenerator,12.98,12.98,NOT_DETECTED,25,109.04,DONE,MIO_Algorithm/evosuite_budget_summary.csv
Closure,110,MIO (EvoSuite SBST),com.google.javascript.rhino.Node,16.44,16.44,NOT_DETECTED,25,215.54,DONE,MIO_Algorithm/evosuite_budget_summary.csv
Closure,34,MIO (EvoSuite SBST),com.google.javascript.jscomp.CodeGenerator,13.81,13.81,NOT_DETECTED,25,102.05,DONE,MIO_Algorithm/evosuite_budget_summary.csv
JacksonDatabind,107,MIO (EvoSuite SBST),com.fasterxml.jackson.databind.jsontype.impl.TypeDeserializerBase,63.53,63.53,NOT_DETECTED,25,85.17,DONE,MIO_Algorithm/evosuite_budget_summary.csv
Closure,165,MIO (EvoSuite SBST),com.google.javascript.rhino.jstype.ObjectType,79.36,79.36,NOT_DETECTED,25,107.98,DONE,MIO_Algorithm/evosuite_budget_summary.csv
Closure,148,MIO (EvoSuite SBST),com.google.javascript.jscomp.SourceMap,19.68,19.68,NOT_DETECTED,25,76.88,DONE,MIO_Algorithm/evosuite_budget_summary.csv
Closure,78,MIO (EvoSuite SBST),com.google.javascript.jscomp.PeepholeFoldConstants,20.96,20.96,NOT_DETECTED,25,116.78,DONE,MIO_Algorithm/evosuite_budget_summary.csv
Closure,34,MIO (EvoSuite SBST),com.google.javascript.jscomp.CodePrinter,13.81,13.81,NOT_DETECTED,25,103.09,DONE,MIO_Algorithm/evosuite_budget_summary.csv
Closure,111,MIO (EvoSuite SBST),com.google.javascript.jscomp.type.ClosureReverseAbstractInterpreter,25.1,25.1,NOT_DETECTED,25,77.57,DONE,MIO_Algorithm/evosuite_budget_summary.csv
JacksonDatabind,108,MIO (EvoSuite SBST),com.fasterxml.jackson.databind.ObjectReader,68.94,68.94,NOT_DETECTED,25,143.36,DONE,MIO_Algorithm/evosuite_budget_summary.csv
Closure,165,MIO (EvoSuite SBST),com.google.javascript.rhino.jstype.RecordType,79.36,79.36,NOT_DETECTED,25,83.88,DONE,MIO_Algorithm/evosuite_budget_summary.csv
Closure,149,MIO (EvoSuite SBST),com.google.javascript.jscomp.AbstractCommandLineRunner,35.98,35.98,NOT_DETECTED,25,105.94,DONE,MIO_Algorithm/evosuite_budget_summary.csv
Closure,79,MIO (EvoSuite SBST),com.google.javascript.jscomp.Normalize,39.89,39.89,NOT_DETECTED,25,106.77,DONE,MIO_Algorithm/evosuite_budget_summary.csv
Closure,112,MIO (EvoSuite SBST),com.google.javascript.jscomp.TypeInference,0.55,0.55,NOT_DETECTED,25,114.81,DONE,MIO_Algorithm/evosuite_budget_summary.csv
Closure,35,MIO (EvoSuite SBST),com.google.javascript.jscomp.TypeInference,5.16,5.16,NOT_DETECTED,25,103.9,DONE,MIO_Algorithm/evosuite_budget_summary.csv
Closure,165,MIO (EvoSuite SBST),com.google.javascript.rhino.jstype.RecordTypeBuilder,79.36,79.36,NOT_DETECTED,25,94.87,DONE,MIO_Algorithm/evosuite_budget_summary.csv
Closure,149,MIO (EvoSuite SBST),com.google.javascript.jscomp.CommandLineRunner,35.98,35.98,NOT_DETECTED,25,111.24,DONE,MIO_Algorithm/evosuite_budget_summary.csv
JacksonDatabind,109,MIO (EvoSuite SBST),com.fasterxml.jackson.databind.ser.std.NumberSerializer,93.28,93.28,NOT_DETECTED,25,120.31,DONE,MIO_Algorithm/evosuite_budget_summary.csv
Closure,79,MIO (EvoSuite SBST),com.google.javascript.jscomp.VarCheck,39.89,39.89,NOT_DETECTED,25,119.16,DONE,MIO_Algorithm/evosuite_budget_summary.csv
Closure,166,MIO (EvoSuite SBST),com.google.javascript.rhino.jstype.PrototypeObjectType,86.19,86.19,NOT_DETECTED,25,110.31,DONE,MIO_Algorithm/evosuite_budget_summary.csv
Closure,36,MIO (EvoSuite SBST),com.google.javascript.jscomp.InlineVariables,4.98,4.98,NOT_DETECTED,25,84.02,DONE,MIO_Algorithm/evosuite_budget_summary.csv
Closure,113,MIO (EvoSuite SBST),com.google.javascript.jscomp.ProcessClosurePrimitives,9.84,9.84,NOT_DETECTED,25,95.05,DONE,MIO_Algorithm/evosuite_budget_summary.csv
Closure,149,MIO (EvoSuite SBST),com.google.javascript.jscomp.Compiler,35.98,35.98,NOT_DETECTED,25,113.71,DONE,MIO_Algorithm/evosuite_budget_summary.csv
JacksonDatabind,109,MIO (EvoSuite SBST),com.fasterxml.jackson.databind.ser.std.NumberSerializers,93.28,93.28,NOT_DETECTED,25,88.0,DONE,MIO_Algorithm/evosuite_budget_summary.csv
Closure,80,MIO (EvoSuite SBST),com.google.javascript.jscomp.NodeUtil,53.42,53.42,NOT_DETECTED,25,177.14,DONE,MIO_Algorithm/evosuite_budget_summary.csv
Closure,37,MIO (EvoSuite SBST),com.google.javascript.jscomp.NodeTraversal,71.95,71.95,NOT_DETECTED,25,103.89,DONE,MIO_Algorithm/evosuite_budget_summary.csv
Closure,114,MIO (EvoSuite SBST),com.google.javascript.jscomp.NameAnalyzer,15.94,15.94,NOT_DETECTED,25,91.04,DONE,MIO_Algorithm/evosuite_budget_summary.csv
Closure,167,MIO (EvoSuite SBST),com.google.javascript.jscomp.type.SemanticReverseAbstractInterpreter,49.84,49.84,NOT_DETECTED,25,102.45,DONE,MIO_Algorithm/evosuite_budget_summary.csv
JacksonDatabind,110,MIO (EvoSuite SBST),com.fasterxml.jackson.databind.deser.impl.JavaUtilCollectionsDeserializers,18.99,18.99,NOT_DETECTED,25,75.3,DONE,MIO_Algorithm/evosuite_budget_summary.csv
Closure,149,MIO (EvoSuite SBST),com.google.javascript.jscomp.CompilerOptions,35.98,35.98,NOT_DETECTED,25,118.91,DONE,MIO_Algorithm/evosuite_budget_summary.csv
Closure,115,MIO (EvoSuite SBST),com.google.javascript.jscomp.FunctionInjector,11.9,11.9,NOT_DETECTED,25,110.65,DONE,MIO_Algorithm/evosuite_budget_summary.csv
Closure,81,MIO (EvoSuite SBST),com.google.javascript.jscomp.parsing.IRFactory,16.22,16.22,NOT_DETECTED,25,85.6,DONE,MIO_Algorithm/evosuite_budget_summary.csv
Closure,37,MIO (EvoSuite SBST),com.google.javascript.jscomp.parsing.IRFactory,71.95,71.95,NOT_DETECTED,25,95.21,DONE,MIO_Algorithm/evosuite_budget_summary.csv
JacksonDatabind,111,MIO (EvoSuite SBST),com.fasterxml.jackson.databind.deser.CreatorProperty,89.82,89.82,NOT_DETECTED,25,103.09,DONE,MIO_Algorithm/evosuite_budget_summary.csv
Closure,167,MIO (EvoSuite SBST),com.google.javascript.rhino.jstype.JSType,49.84,49.84,NOT_DETECTED,25,148.0,DONE,MIO_Algorithm/evosuite_budget_summary.csv
Closure,150,MIO (EvoSuite SBST),com.google.javascript.jscomp.TypedScopeCreator,18.01,18.01,NOT_DETECTED,25,87.94,DONE,MIO_Algorithm/evosuite_budget_summary.csv
Closure,38,MIO (EvoSuite SBST),com.google.javascript.jscomp.CodeConsumer,6.57,6.57,NOT_DETECTED,25,82.28,DONE,MIO_Algorithm/evosuite_budget_summary.csv
Closure,82,MIO (EvoSuite SBST),com.google.javascript.rhino.jstype.JSType,96.96,96.96,NOT_DETECTED,25,127.38,DONE,MIO_Algorithm/evosuite_budget_summary.csv
Closure,116,MIO (EvoSuite SBST),com.google.javascript.jscomp.FunctionInjector,15.15,15.15,NOT_DETECTED,25,107.43,DONE,MIO_Algorithm/evosuite_budget_summary.csv
JacksonDatabind,111,MIO (EvoSuite SBST),com.fasterxml.jackson.databind.deser.impl.FieldProperty,89.82,89.82,NOT_DETECTED,25,83.15,DONE,MIO_Algorithm/evosuite_budget_summary.csv
Closure,168,MIO (EvoSuite SBST),com.google.javascript.jscomp.TypedScopeCreator,14.93,14.93,NOT_DETECTED,25,99.0,DONE,MIO_Algorithm/evosuite_budget_summary.csv
Closure,151,MIO (EvoSuite SBST),com.google.javascript.jscomp.CommandLineRunner,58.13,58.13,NOT_DETECTED,25,87.13,DONE,MIO_Algorithm/evosuite_budget_summary.csv
JacksonDatabind,111,MIO (EvoSuite SBST),com.fasterxml.jackson.databind.deser.impl.MethodProperty,89.82,89.82,NOT_DETECTED,25,81.9,DONE,MIO_Algorithm/evosuite_budget_summary.csv
Closure,39,MIO (EvoSuite SBST),com.google.javascript.rhino.jstype.PrototypeObjectType,85.14,85.14,NOT_DETECTED,25,115.69,DONE,MIO_Algorithm/evosuite_budget_summary.csv
Closure,83,MIO (EvoSuite SBST),com.google.javascript.jscomp.CommandLineRunner,57.44,57.44,NOT_DETECTED,25,89.9,DONE,MIO_Algorithm/evosuite_budget_summary.csv
Closure,117,MIO (EvoSuite SBST),com.google.javascript.jscomp.TypeValidator,22.91,22.91,NOT_DETECTED,25,101.12,DONE,MIO_Algorithm/evosuite_budget_summary.csv
Closure,169,MIO (EvoSuite SBST),com.google.javascript.rhino.jstype.ArrowType,92.06,92.06,NOT_DETECTED,25,103.17,DONE,MIO_Algorithm/evosuite_budget_summary.csv
Closure,152,MIO (EvoSuite SBST),com.google.javascript.rhino.jstype.FunctionType,81.53,81.53,NOT_DETECTED,25,120.2,DONE,MIO_Algorithm/evosuite_budget_summary.csv
JacksonDatabind,111,MIO (EvoSuite SBST),com.fasterxml.jackson.databind.deser.impl.ObjectIdReferenceProperty,89.82,89.82,NOT_DETECTED,25,94.22,DONE,MIO_Algorithm/evosuite_budget_summary.csv
Closure,40,MIO (EvoSuite SBST),com.google.javascript.jscomp.NameAnalyzer,27.84,27.84,NOT_DETECTED,25,102.26,DONE,MIO_Algorithm/evosuite_budget_summary.csv
Closure,84,MIO (EvoSuite SBST),com.google.javascript.jscomp.parsing.IRFactory,23.81,23.81,NOT_DETECTED,25,107.91,DONE,MIO_Algorithm/evosuite_budget_summary.csv
Closure,118,MIO (EvoSuite SBST),com.google.javascript.jscomp.DisambiguateProperties,2.41,2.41,NOT_DETECTED,25,93.63,DONE,MIO_Algorithm/evosuite_budget_summary.csv
Closure,169,MIO (EvoSuite SBST),com.google.javascript.rhino.jstype.EquivalenceMethod,92.06,92.06,NOT_DETECTED,25,10.26,DONE,MIO_Algorithm/evosuite_budget_summary.csv
JacksonDatabind,111,MIO (EvoSuite SBST),com.fasterxml.jackson.databind.deser.impl.ObjectIdValueProperty,89.82,89.82,NOT_DETECTED,25,84.43,DONE,MIO_Algorithm/evosuite_budget_summary.csv
Closure,169,MIO (EvoSuite SBST),com.google.javascript.rhino.jstype.FunctionType,92.06,92.06,NOT_DETECTED,25,123.92,DONE,MIO_Algorithm/evosuite_budget_summary.csv
Closure,153,MIO (EvoSuite SBST),com.google.javascript.jscomp.Normalize,45.24,45.24,NOT_DETECTED,25,108.97,DONE,MIO_Algorithm/evosuite_budget_summary.csv
Closure,85,MIO (EvoSuite SBST),com.google.javascript.jscomp.UnreachableCodeElimination,54.4,54.4,NOT_DETECTED,25,90.71,DONE,MIO_Algorithm/evosuite_budget_summary.csv
Closure,41,MIO (EvoSuite SBST),com.google.javascript.jscomp.FunctionTypeBuilder,42.99,42.99,NOT_DETECTED,25,136.13,DONE,MIO_Algorithm/evosuite_budget_summary.csv
Closure,119,MIO (EvoSuite SBST),com.google.javascript.jscomp.GlobalNamespace,32.65,32.65,NOT_DETECTED,25,144.52,DONE,MIO_Algorithm/evosuite_budget_summary.csv
JacksonDatabind,111,MIO (EvoSuite SBST),com.fasterxml.jackson.databind.deser.impl.SetterlessProperty,89.82,89.82,NOT_DETECTED,25,80.96,DONE,MIO_Algorithm/evosuite_budget_summary.csv
Closure,153,MIO (EvoSuite SBST),com.google.javascript.jscomp.SyntacticScopeCreator,45.24,45.24,NOT_DETECTED,25,85.36,DONE,MIO_Algorithm/evosuite_budget_summary.csv
Closure,86,MIO (EvoSuite SBST),com.google.javascript.jscomp.NodeUtil,53.65,53.65,NOT_DETECTED,25,159.09,DONE,MIO_Algorithm/evosuite_budget_summary.csv
Closure,169,MIO (EvoSuite SBST),com.google.javascript.rhino.jstype.JSType,92.06,92.06,NOT_DETECTED,25,182.46,DONE,MIO_Algorithm/evosuite_budget_summary.csv
JacksonDatabind,111,MIO (EvoSuite SBST),com.fasterxml.jackson.databind.deser.std.AtomicReferenceDeserializer,89.82,89.82,NOT_DETECTED,25,70.01,DONE,MIO_Algorithm/evosuite_budget_summary.csv
Closure,42,MIO (EvoSuite SBST),com.google.javascript.jscomp.parsing.IRFactory,17.11,17.11,NOT_DETECTED,25,92.07,DONE,MIO_Algorithm/evosuite_budget_summary.csv
Closure,120,MIO (EvoSuite SBST),com.google.javascript.jscomp.ReferenceCollectingCallback,43.51,43.51,NOT_DETECTED,25,124.61,DONE,MIO_Algorithm/evosuite_budget_summary.csv
Closure,154,MIO (EvoSuite SBST),com.google.javascript.jscomp.TypeCheck,24.18,24.18,NOT_DETECTED,25,108.29,DONE,MIO_Algorithm/evosuite_budget_summary.csv
JacksonDatabind,112,MIO (EvoSuite SBST),com.fasterxml.jackson.databind.deser.std.StringCollectionDeserializer,53.67,53.67,NOT_DETECTED,25,106.95,DONE,MIO_Algorithm/evosuite_budget_summary.csv
Closure,43,MIO (EvoSuite SBST),com.google.javascript.jscomp.TypedScopeCreator,18.52,18.52,NOT_DETECTED,25,97.08,DONE,MIO_Algorithm/evosuite_budget_summary.csv
Closure,87,MIO (EvoSuite SBST),com.google.javascript.jscomp.PeepholeSubstituteAlternateSyntax,12.78,12.78,NOT_DETECTED,25,102.85,DONE,MIO_Algorithm/evosuite_budget_summary.csv
Closure,169,MIO (EvoSuite SBST),com.google.javascript.rhino.jstype.RecordType,92.06,92.06,NOT_DETECTED,25,93.31,DONE,MIO_Algorithm/evosuite_budget_summary.csv
Closure,154,MIO (EvoSuite SBST),com.google.javascript.jscomp.TypeValidator,24.18,24.18,NOT_DETECTED,25,74.45,DONE,MIO_Algorithm/evosuite_budget_summary.csv
Closure,121,MIO (EvoSuite SBST),com.google.javascript.jscomp.InlineVariables,4.86,4.86,NOT_DETECTED,25,92.57,DONE,MIO_Algorithm/evosuite_budget_summary.csv
Closure,44,MIO (EvoSuite SBST),com.google.javascript.jscomp.CodeConsumer,6.86,6.86,NOT_DETECTED,25,76.35,DONE,MIO_Algorithm/evosuite_budget_summary.csv
Closure,88,MIO (EvoSuite SBST),com.google.javascript.jscomp.DeadAssignmentsElimination,6.85,6.85,NOT_DETECTED,25,75.7,DONE,MIO_Algorithm/evosuite_budget_summary.csv
Closure,169,MIO (EvoSuite SBST),com.google.javascript.rhino.jstype.UnionType,92.06,92.06,NOT_DETECTED,25,112.65,DONE,MIO_Algorithm/evosuite_budget_summary.csv
Closure,122,MIO (EvoSuite SBST),com.google.javascript.jscomp.parsing.IRFactory,19.28,19.28,NOT_DETECTED,25,91.46,DONE,MIO_Algorithm/evosuite_budget_summary.csv
Closure,155,MIO (EvoSuite SBST),com.google.javascript.jscomp.InlineVariables,8.24,8.24,NOT_DETECTED,25,82.61,DONE,MIO_Algorithm/evosuite_budget_summary.csv
Closure,170,MIO (EvoSuite SBST),com.google.javascript.jscomp.FlowSensitiveInlineVariables,4.25,4.25,NOT_DETECTED,25,84.83,DONE,MIO_Algorithm/evosuite_budget_summary.csv
Closure,123,MIO (EvoSuite SBST),com.google.javascript.jscomp.CodeGenerator,23.89,23.89,NOT_DETECTED,25,111.32,DONE,MIO_Algorithm/evosuite_budget_summary.csv
Closure,155,MIO (EvoSuite SBST),com.google.javascript.jscomp.ReferenceCollectingCallback,8.24,8.24,NOT_DETECTED,25,109.65,DONE,MIO_Algorithm/evosuite_budget_summary.csv
Closure,171,MIO (EvoSuite SBST),com.google.javascript.jscomp.TypeInference,6.28,6.28,NOT_DETECTED,25,76.53,DONE,MIO_Algorithm/evosuite_budget_summary.csv
Closure,124,MIO (EvoSuite SBST),com.google.javascript.jscomp.ExploitAssigns,15.23,15.23,NOT_DETECTED,25,79.2,DONE,MIO_Algorithm/evosuite_budget_summary.csv
Closure,155,MIO (EvoSuite SBST),com.google.javascript.jscomp.Scope,8.24,8.24,NOT_DETECTED,25,120.46,DONE,MIO_Algorithm/evosuite_budget_summary.csv
Closure,171,MIO (EvoSuite SBST),com.google.javascript.jscomp.TypedScopeCreator,6.28,6.28,NOT_DETECTED,25,83.26,DONE,MIO_Algorithm/evosuite_budget_summary.csv
Closure,125,MIO (EvoSuite SBST),com.google.javascript.jscomp.TypeCheck,12.62,12.62,NOT_DETECTED,25,96.06,DONE,MIO_Algorithm/evosuite_budget_summary.csv
Closure,156,MIO (EvoSuite SBST),com.google.javascript.jscomp.CollapseProperties,5.01,5.01,NOT_DETECTED,25,77.3,DONE,MIO_Algorithm/evosuite_budget_summary.csv
Closure,172,MIO (EvoSuite SBST),com.google.javascript.jscomp.TypedScopeCreator,5.0,5.0,NOT_DETECTED,25,85.12,DONE,MIO_Algorithm/evosuite_budget_summary.csv
Closure,126,MIO (EvoSuite SBST),com.google.javascript.jscomp.MinimizeExitPoints,22.79,22.79,NOT_DETECTED,25,83.89,DONE,MIO_Algorithm/evosuite_budget_summary.csv
Closure,157,MIO (EvoSuite SBST),com.google.javascript.jscomp.CodeGenerator,20.92,20.92,NOT_DETECTED,25,89.77,DONE,MIO_Algorithm/evosuite_budget_summary.csv
Closure,173,MIO (EvoSuite SBST),com.google.javascript.jscomp.CodeGenerator,21.82,21.82,NOT_DETECTED,25,107.97,DONE,MIO_Algorithm/evosuite_budget_summary.csv
Closure,127,MIO (EvoSuite SBST),com.google.javascript.jscomp.UnreachableCodeElimination,6.49,6.49,NOT_DETECTED,25,79.56,DONE,MIO_Algorithm/evosuite_budget_summary.csv
Closure,157,MIO (EvoSuite SBST),com.google.javascript.jscomp.parsing.IRFactory,20.92,20.92,NOT_DETECTED,25,86.91,DONE,MIO_Algorithm/evosuite_budget_summary.csv
Closure,173,MIO (EvoSuite SBST),com.google.javascript.jscomp.PeepholeSubstituteAlternateSyntax,21.82,21.82,NOT_DETECTED,25,93.12,DONE,MIO_Algorithm/evosuite_budget_summary.csv
Closure,128,MIO (EvoSuite SBST),com.google.javascript.jscomp.CodeGenerator,17.82,17.82,NOT_DETECTED,25,107.43,DONE,MIO_Algorithm/evosuite_budget_summary.csv
Closure,157,MIO (EvoSuite SBST),com.google.javascript.jscomp.RenamePrototypes,20.92,20.92,NOT_DETECTED,25,76.39,DONE,MIO_Algorithm/evosuite_budget_summary.csv
Closure,174,MIO (EvoSuite SBST),com.google.javascript.jscomp.JsAst,93.4,93.4,NOT_DETECTED,25,84.81,DONE,MIO_Algorithm/evosuite_budget_summary.csv
Closure,129,MIO (EvoSuite SBST),com.google.javascript.jscomp.PrepareAst,41.51,41.51,NOT_DETECTED,25,83.41,DONE,MIO_Algorithm/evosuite_budget_summary.csv
Closure,158,MIO (EvoSuite SBST),com.google.javascript.jscomp.AbstractCommandLineRunner,46.88,46.88,NOT_DETECTED,25,109.07,DONE,MIO_Algorithm/evosuite_budget_summary.csv
Closure,174,MIO (EvoSuite SBST),com.google.javascript.jscomp.NodeUtil,93.4,93.4,NOT_DETECTED,25,147.68,DONE,MIO_Algorithm/evosuite_budget_summary.csv
Closure,130,MIO (EvoSuite SBST),com.google.javascript.jscomp.CollapseProperties,4.53,4.53,NOT_DETECTED,25,82.63,DONE,MIO_Algorithm/evosuite_budget_summary.csv
Closure,158,MIO (EvoSuite SBST),com.google.javascript.jscomp.CommandLineRunner,46.88,46.88,NOT_DETECTED,25,79.72,DONE,MIO_Algorithm/evosuite_budget_summary.csv
Closure,131,MIO (EvoSuite SBST),com.google.javascript.rhino.TokenStream,87.86,87.86,NOT_DETECTED,25,88.62,DONE,MIO_Algorithm/evosuite_budget_summary.csv
Closure,158,MIO (EvoSuite SBST),com.google.javascript.jscomp.DiagnosticGroups,46.88,46.88,NOT_DETECTED,25,79.35,DONE,MIO_Algorithm/evosuite_budget_summary.csv
Closure,174,MIO (EvoSuite SBST),com.google.javascript.jscomp.ScopedAliases,93.4,93.4,NOT_DETECTED,25,80.12,DONE,MIO_Algorithm/evosuite_budget_summary.csv
Closure,132,MIO (EvoSuite SBST),com.google.javascript.jscomp.PeepholeSubstituteAlternateSyntax,8.91,8.91,NOT_DETECTED,25,111.79,DONE,MIO_Algorithm/evosuite_budget_summary.csv
Closure,159,MIO (EvoSuite SBST),com.google.javascript.jscomp.InlineFunctions,7.76,7.76,NOT_DETECTED,25,87.25,DONE,MIO_Algorithm/evosuite_budget_summary.csv
Closure,175,MIO (EvoSuite SBST),com.google.javascript.jscomp.FunctionInjector,15.08,15.08,NOT_DETECTED,25,93.92,DONE,MIO_Algorithm/evosuite_budget_summary.csv
Closure,176,MIO (EvoSuite SBST),com.google.javascript.jscomp.TypeInference,5.2,5.2,NOT_DETECTED,25,84.23,DONE,MIO_Algorithm/evosuite_budget_summary.csv
Chart,18,IPO (Native / PICT),org.jfree.data.DefaultKeyedValues2D,32.5,24.0,NOT_DETECTED,25,2.5,DONE,Combinatorial_IPO/verified_suites_manifest.json
Chart,20,IPO (Native / PICT),org.jfree.chart.plot.ValueMarker,32.5,24.0,NOT_DETECTED,15,2.5,DONE,Combinatorial_IPO/verified_suites_manifest.json
Chart,21,IPO (Native / PICT),org.jfree.data.statistics.DefaultBoxAndWhiskerCategoryDataset,32.5,24.0,NOT_DETECTED,250,2.5,DONE,Combinatorial_IPO/verified_suites_manifest.json
Cli,14,IPO (Native / PICT),org.apache.commons.cli2.option.GroupImpl,32.5,24.0,NOT_DETECTED,1089,2.5,DONE,Combinatorial_IPO/verified_suites_manifest.json
Cli,16,IPO (Native / PICT),org.apache.commons.cli2.option.GroupImpl,32.5,24.0,NOT_DETECTED,1089,2.5,DONE,Combinatorial_IPO/verified_suites_manifest.json
Cli,21,IPO (Native / PICT),org.apache.commons.cli2.option.GroupImpl,32.5,24.0,NOT_DETECTED,968,2.5,DONE,Combinatorial_IPO/verified_suites_manifest.json
Cli,31,IPO (Native / PICT),org.apache.commons.cli.Option,32.5,24.0,NOT_DETECTED,121,2.5,DONE,Combinatorial_IPO/verified_suites_manifest.json
Cli,34,IPO (Native / PICT),org.apache.commons.cli.Option,32.5,24.0,NOT_DETECTED,121,2.5,DONE,Combinatorial_IPO/verified_suites_manifest.json
Closure,9,IPO (Native / PICT),com.google.javascript.jscomp.ProcessCommonJSModules,32.5,24.0,NOT_DETECTED,121,2.5,DONE,Combinatorial_IPO/verified_suites_manifest.json
Closure,18,IPO (Native / PICT),com.google.javascript.jscomp.Compiler,32.5,24.0,NOT_DETECTED,55,2.5,DONE,Combinatorial_IPO/verified_suites_manifest.json
Closure,26,IPO (Native / PICT),com.google.javascript.jscomp.ProcessCommonJSModules,32.5,24.0,NOT_DETECTED,121,2.5,DONE,Combinatorial_IPO/verified_suites_manifest.json
Closure,31,IPO (Native / PICT),com.google.javascript.jscomp.Compiler,32.5,24.0,NOT_DETECTED,55,2.5,DONE,Combinatorial_IPO/verified_suites_manifest.json
Closure,56,IPO (Native / PICT),com.google.javascript.jscomp.SourceFile,32.5,24.0,NOT_DETECTED,110,2.5,DONE,Combinatorial_IPO/verified_suites_manifest.json
Closure,59,IPO (Native / PICT),com.google.javascript.jscomp.Compiler,32.5,24.0,NOT_DETECTED,55,2.5,DONE,Combinatorial_IPO/verified_suites_manifest.json
Closure,64,IPO (Native / PICT),com.google.javascript.jscomp.Compiler,32.5,24.0,NOT_DETECTED,55,2.5,DONE,Combinatorial_IPO/verified_suites_manifest.json
Closure,110,IPO (Native / PICT),com.google.javascript.rhino.Node,32.5,24.0,NOT_DETECTED,110,2.5,DONE,Combinatorial_IPO/verified_suites_manifest.json
Closure,140,IPO (Native / PICT),com.google.javascript.jscomp.Compiler,32.5,24.0,NOT_DETECTED,55,2.5,DONE,Combinatorial_IPO/verified_suites_manifest.json
Closure,149,IPO (Native / PICT),com.google.javascript.jscomp.Compiler,32.5,24.0,NOT_DETECTED,55,2.5,DONE,Combinatorial_IPO/verified_suites_manifest.json
Closure,160,IPO (Native / PICT),com.google.javascript.jscomp.Compiler,32.5,24.0,NOT_DETECTED,55,2.5,DONE,Combinatorial_IPO/verified_suites_manifest.json
Codec,1,IPO (Native / PICT),org.apache.commons.codec.language.Caverphone,31.64,5.98,BUG_DETECTED,121,2.5,DONE,Combinatorial_IPO/verified_suites_manifest.json
Codec,1,IPO (Native / PICT),org.apache.commons.codec.language.Metaphone,31.64,5.98,BUG_DETECTED,121,2.5,DONE,Combinatorial_IPO/verified_suites_manifest.json
Codec,3,IPO (Native / PICT),org.apache.commons.codec.language.DoubleMetaphone,32.5,24.0,NOT_DETECTED,374,2.5,DONE,Combinatorial_IPO/verified_suites_manifest.json
Codec,6,IPO (Native / PICT),org.apache.commons.codec.binary.Base64InputStream,32.5,24.0,NOT_DETECTED,25,2.5,DONE,Combinatorial_IPO/verified_suites_manifest.json
Codec,8,IPO (Native / PICT),org.apache.commons.codec.binary.Base64InputStream,32.5,24.0,NOT_DETECTED,25,2.5,DONE,Combinatorial_IPO/verified_suites_manifest.json
Codec,10,IPO (Native / PICT),org.apache.commons.codec.language.Caverphone,32.5,24.0,NOT_DETECTED,121,2.5,DONE,Combinatorial_IPO/verified_suites_manifest.json
Codec,11,IPO (Native / PICT),org.apache.commons.codec.net.QuotedPrintableCodec,32.5,24.0,NOT_DETECTED,242,2.5,DONE,Combinatorial_IPO/verified_suites_manifest.json
Codec,13,IPO (Native / PICT),org.apache.commons.codec.binary.StringUtils,32.5,24.0,NOT_DETECTED,152,2.5,DONE,Combinatorial_IPO/verified_suites_manifest.json
Codec,13,IPO (Native / PICT),org.apache.commons.codec.language.DoubleMetaphone,32.5,24.0,NOT_DETECTED,374,2.5,DONE,Combinatorial_IPO/verified_suites_manifest.json
Codec,15,IPO (Native / PICT),org.apache.commons.codec.language.Soundex,32.5,24.0,NOT_DETECTED,121,2.5,DONE,Combinatorial_IPO/verified_suites_manifest.json
Codec,17,IPO (Native / PICT),org.apache.commons.codec.binary.StringUtils,32.5,24.0,NOT_DETECTED,152,2.5,DONE,Combinatorial_IPO/verified_suites_manifest.json
Codec,18,IPO (Native / PICT),org.apache.commons.codec.binary.StringUtils,32.5,24.0,NOT_DETECTED,152,2.5,DONE,Combinatorial_IPO/verified_suites_manifest.json
Collections,2,IPO (Native / PICT),org.apache.commons.collections.ExtendedProperties,32.5,24.0,NOT_DETECTED,858,2.5,DONE,Combinatorial_IPO/verified_suites_manifest.json
Collections,3,IPO (Native / PICT),org.apache.commons.collections.CollectionUtils,32.5,24.0,NOT_DETECTED,58,2.5,DONE,Combinatorial_IPO/verified_suites_manifest.json
Collections,4,IPO (Native / PICT),org.apache.commons.collections.map.MultiValueMap,32.5,24.0,NOT_DETECTED,15,2.5,DONE,Combinatorial_IPO/verified_suites_manifest.json
Collections,5,IPO (Native / PICT),org.apache.commons.collections.list.SetUniqueList,32.5,24.0,NOT_DETECTED,74,2.5,DONE,Combinatorial_IPO/verified_suites_manifest.json
Collections,7,IPO (Native / PICT),org.apache.commons.collections.ExtendedProperties,32.5,24.0,NOT_DETECTED,858,2.5,DONE,Combinatorial_IPO/verified_suites_manifest.json
Collections,9,IPO (Native / PICT),org.apache.commons.collections.ExtendedProperties,32.5,24.0,NOT_DETECTED,858,2.5,DONE,Combinatorial_IPO/verified_suites_manifest.json
Collections,10,IPO (Native / PICT),org.apache.commons.collections.map.MultiValueMap,32.5,24.0,NOT_DETECTED,15,2.5,DONE,Combinatorial_IPO/verified_suites_manifest.json
Collections,12,IPO (Native / PICT),org.apache.commons.collections.ExtendedProperties,32.5,24.0,NOT_DETECTED,858,2.5,DONE,Combinatorial_IPO/verified_suites_manifest.json
Collections,13,IPO (Native / PICT),org.apache.commons.collections.ExtendedProperties,32.5,24.0,NOT_DETECTED,858,2.5,DONE,Combinatorial_IPO/verified_suites_manifest.json
Collections,15,IPO (Native / PICT),org.apache.commons.collections.list.SetUniqueList,32.5,24.0,NOT_DETECTED,74,2.5,DONE,Combinatorial_IPO/verified_suites_manifest.json
Collections,16,IPO (Native / PICT),org.apache.commons.collections.list.SetUniqueList,32.5,24.0,NOT_DETECTED,80,2.5,DONE,Combinatorial_IPO/verified_suites_manifest.json
Collections,27,IPO (Native / PICT),org.apache.commons.collections4.map.MultiValueMap,32.5,24.0,NOT_DETECTED,18,2.5,DONE,Combinatorial_IPO/verified_suites_manifest.json
Compress,2,IPO (Native / PICT),org.apache.commons.compress.archivers.ar.ArArchiveInputStream,32.5,24.0,BUG_DETECTED,39,2.5,DONE,Combinatorial_IPO/verified_suites_manifest.json
Compress,5,IPO (Native / PICT),org.apache.commons.compress.archivers.zip.ZipArchiveInputStream,32.5,24.0,NOT_DETECTED,45,2.5,DONE,Combinatorial_IPO/verified_suites_manifest.json
Compress,7,IPO (Native / PICT),org.apache.commons.compress.archivers.tar.TarUtils,32.5,24.0,NOT_DETECTED,196,2.5,DONE,Combinatorial_IPO/verified_suites_manifest.json
Compress,8,IPO (Native / PICT),org.apache.commons.compress.archivers.tar.TarUtils,32.5,24.0,NOT_DETECTED,196,2.5,DONE,Combinatorial_IPO/verified_suites_manifest.json
Compress,12,IPO (Native / PICT),org.apache.commons.compress.archivers.tar.TarArchiveInputStream,32.5,24.0,NOT_DETECTED,45,2.5,DONE,Combinatorial_IPO/verified_suites_manifest.json
Compress,14,IPO (Native / PICT),org.apache.commons.compress.archivers.tar.TarUtils,32.5,24.0,NOT_DETECTED,260,2.5,DONE,Combinatorial_IPO/verified_suites_manifest.json
Compress,17,IPO (Native / PICT),org.apache.commons.compress.archivers.tar.TarUtils,32.5,24.0,NOT_DETECTED,260,2.5,DONE,Combinatorial_IPO/verified_suites_manifest.json
Compress,20,IPO (Native / PICT),org.apache.commons.compress.archivers.cpio.CpioArchiveInputStream,32.5,24.0,NOT_DETECTED,20,2.5,DONE,Combinatorial_IPO/verified_suites_manifest.json
Compress,22,IPO (Native / PICT),org.apache.commons.compress.compressors.bzip2.BZip2CompressorInputStream,32.5,24.0,NOT_DETECTED,10,2.5,DONE,Combinatorial_IPO/verified_suites_manifest.json
Compress,24,IPO (Native / PICT),org.apache.commons.compress.archivers.tar.TarUtils,32.5,24.0,NOT_DETECTED,260,2.5,DONE,Combinatorial_IPO/verified_suites_manifest.json
Compress,25,IPO (Native / PICT),org.apache.commons.compress.archivers.zip.ZipArchiveInputStream,32.5,24.0,NOT_DETECTED,45,2.5,DONE,Combinatorial_IPO/verified_suites_manifest.json
Compress,26,IPO (Native / PICT),org.apache.commons.compress.utils.IOUtils,32.5,24.0,NOT_DETECTED,18,2.5,DONE,Combinatorial_IPO/verified_suites_manifest.json
Compress,27,IPO (Native / PICT),org.apache.commons.compress.archivers.tar.TarUtils,32.5,24.0,NOT_DETECTED,260,2.5,DONE,Combinatorial_IPO/verified_suites_manifest.json
Compress,28,IPO (Native / PICT),org.apache.commons.compress.archivers.tar.TarArchiveInputStream,32.5,24.0,NOT_DETECTED,49,2.5,DONE,Combinatorial_IPO/verified_suites_manifest.json
Compress,29,IPO (Native / PICT),org.apache.commons.compress.archivers.cpio.CpioArchiveInputStream,32.5,24.0,NOT_DETECTED,20,2.5,DONE,Combinatorial_IPO/verified_suites_manifest.json
Compress,29,IPO (Native / PICT),org.apache.commons.compress.archivers.dump.DumpArchiveInputStream,32.5,24.0,NOT_DETECTED,35,2.5,DONE,Combinatorial_IPO/verified_suites_manifest.json
Compress,29,IPO (Native / PICT),org.apache.commons.compress.archivers.tar.TarArchiveInputStream,32.5,24.0,NOT_DETECTED,49,2.5,DONE,Combinatorial_IPO/verified_suites_manifest.json
Compress,29,IPO (Native / PICT),org.apache.commons.compress.archivers.zip.ZipArchiveInputStream,32.5,24.0,NOT_DETECTED,45,2.5,DONE,Combinatorial_IPO/verified_suites_manifest.json
Compress,30,IPO (Native / PICT),org.apache.commons.compress.compressors.bzip2.BZip2CompressorInputStream,32.5,24.0,NOT_DETECTED,10,2.5,DONE,Combinatorial_IPO/verified_suites_manifest.json
Compress,31,IPO (Native / PICT),org.apache.commons.compress.archivers.tar.TarUtils,32.5,24.0,NOT_DETECTED,260,2.5,DONE,Combinatorial_IPO/verified_suites_manifest.json
Compress,32,IPO (Native / PICT),org.apache.commons.compress.archivers.tar.TarArchiveInputStream,32.5,24.0,NOT_DETECTED,49,2.5,DONE,Combinatorial_IPO/verified_suites_manifest.json
Compress,33,IPO (Native / PICT),org.apache.commons.compress.compressors.deflate.DeflateCompressorInputStream,32.5,24.0,NOT_DETECTED,45,2.5,DONE,Combinatorial_IPO/verified_suites_manifest.json
Compress,35,IPO (Native / PICT),org.apache.commons.compress.archivers.tar.TarUtils,32.5,24.0,NOT_DETECTED,260,2.5,DONE,Combinatorial_IPO/verified_suites_manifest.json
Compress,36,IPO (Native / PICT),org.apache.commons.compress.archivers.sevenz.SevenZFile,32.5,24.0,NOT_DETECTED,39,2.5,DONE,Combinatorial_IPO/verified_suites_manifest.json
Compress,37,IPO (Native / PICT),org.apache.commons.compress.archivers.tar.TarArchiveInputStream,32.5,24.0,NOT_DETECTED,49,2.5,DONE,Combinatorial_IPO/verified_suites_manifest.json
Compress,38,IPO (Native / PICT),org.apache.commons.compress.archivers.tar.TarArchiveEntry,32.5,24.0,NOT_DETECTED,33,2.5,DONE,Combinatorial_IPO/verified_suites_manifest.json
Compress,39,IPO (Native / PICT),org.apache.commons.compress.utils.ArchiveUtils,32.5,24.0,NOT_DETECTED,223,2.5,DONE,Combinatorial_IPO/verified_suites_manifest.json
Compress,41,IPO (Native / PICT),org.apache.commons.compress.archivers.zip.ZipArchiveInputStream,32.5,24.0,NOT_DETECTED,45,2.5,DONE,Combinatorial_IPO/verified_suites_manifest.json
Compress,45,IPO (Native / PICT),org.apache.commons.compress.archivers.tar.TarUtils,32.5,24.0,NOT_DETECTED,260,2.5,DONE,Combinatorial_IPO/verified_suites_manifest.json
Compress,47,IPO (Native / PICT),org.apache.commons.compress.archivers.zip.ZipArchiveInputStream,32.5,24.0,NOT_DETECTED,45,2.5,DONE,Combinatorial_IPO/verified_suites_manifest.json
Csv,1,IPO (Native / PICT),org.apache.commons.csv.ExtendedBufferedReader,45.95,22.73,BUG_DETECTED,25,2.5,DONE,Combinatorial_IPO/verified_suites_manifest.json
Csv,13,IPO (Native / PICT),org.apache.commons.csv.CSVFormat,32.5,24.0,NOT_DETECTED,33,2.5,DONE,Combinatorial_IPO/verified_suites_manifest.json
Csv,14,IPO (Native / PICT),org.apache.commons.csv.CSVFormat,32.5,24.0,NOT_DETECTED,33,2.5,DONE,Combinatorial_IPO/verified_suites_manifest.json
Csv,15,IPO (Native / PICT),org.apache.commons.csv.CSVFormat,32.5,24.0,NOT_DETECTED,33,2.5,DONE,Combinatorial_IPO/verified_suites_manifest.json
Gson,5,IPO (Native / PICT),com.google.gson.internal.bind.util.ISO8601Utils,32.5,24.0,NOT_DETECTED,8,2.5,DONE,Combinatorial_IPO/verified_suites_manifest.json
JacksonDatabind,66,IPO (Native / PICT),com.fasterxml.jackson.databind.deser.std.StdKeyDeserializer,32.5,24.0,NOT_DETECTED,165,2.5,DONE,Combinatorial_IPO/verified_suites_manifest.json
JacksonDatabind,71,IPO (Native / PICT),com.fasterxml.jackson.databind.deser.std.StdKeyDeserializer,32.5,24.0,NOT_DETECTED,165,2.5,DONE,Combinatorial_IPO/verified_suites_manifest.json
JacksonDatabind,103,IPO (Native / PICT),com.fasterxml.jackson.databind.deser.std.StdDeserializer,32.5,24.0,NOT_DETECTED,9,2.5,DONE,Combinatorial_IPO/verified_suites_manifest.json
JacksonDatabind,103,IPO (Native / PICT),com.fasterxml.jackson.databind.deser.std.StdKeyDeserializer,32.5,24.0,NOT_DETECTED,165,2.5,DONE,Combinatorial_IPO/verified_suites_manifest.json
Jsoup,3,IPO (Native / PICT),org.jsoup.nodes.Element,32.5,24.0,NOT_DETECTED,440,2.5,DONE,Combinatorial_IPO/verified_suites_manifest.json
Jsoup,3,IPO (Native / PICT),org.jsoup.parser.Tag,32.5,24.0,NOT_DETECTED,33,2.5,DONE,Combinatorial_IPO/verified_suites_manifest.json
Jsoup,16,IPO (Native / PICT),org.jsoup.nodes.DocumentType,32.5,24.0,NOT_DETECTED,151,2.5,DONE,Combinatorial_IPO/verified_suites_manifest.json
Jsoup,22,IPO (Native / PICT),org.jsoup.nodes.Element,32.5,24.0,NOT_DETECTED,462,2.5,DONE,Combinatorial_IPO/verified_suites_manifest.json
Jsoup,25,IPO (Native / PICT),org.jsoup.parser.Tag,32.5,24.0,NOT_DETECTED,33,2.5,DONE,Combinatorial_IPO/verified_suites_manifest.json
Jsoup,28,IPO (Native / PICT),org.jsoup.parser.Parser,32.5,24.0,NOT_DETECTED,22,2.5,DONE,Combinatorial_IPO/verified_suites_manifest.json
Jsoup,32,IPO (Native / PICT),org.jsoup.nodes.Element,32.5,24.0,NOT_DETECTED,462,2.5,DONE,Combinatorial_IPO/verified_suites_manifest.json
Jsoup,37,IPO (Native / PICT),org.jsoup.nodes.Element,32.5,24.0,NOT_DETECTED,462,2.5,DONE,Combinatorial_IPO/verified_suites_manifest.json
Jsoup,40,IPO (Native / PICT),org.jsoup.nodes.DocumentType,32.5,24.0,NOT_DETECTED,151,2.5,DONE,Combinatorial_IPO/verified_suites_manifest.json
Jsoup,41,IPO (Native / PICT),org.jsoup.nodes.Element,32.5,24.0,NOT_DETECTED,484,2.5,DONE,Combinatorial_IPO/verified_suites_manifest.json
Jsoup,42,IPO (Native / PICT),org.jsoup.nodes.FormElement,32.5,24.0,NOT_DETECTED,33,2.5,DONE,Combinatorial_IPO/verified_suites_manifest.json
Jsoup,43,IPO (Native / PICT),org.jsoup.nodes.Element,32.5,24.0,NOT_DETECTED,484,2.5,DONE,Combinatorial_IPO/verified_suites_manifest.json
Jsoup,52,IPO (Native / PICT),org.jsoup.nodes.XmlDeclaration,32.5,24.0,NOT_DETECTED,484,2.5,DONE,Combinatorial_IPO/verified_suites_manifest.json
Jsoup,53,IPO (Native / PICT),org.jsoup.parser.TokenQueue,32.5,24.0,NOT_DETECTED,968,2.5,DONE,Combinatorial_IPO/verified_suites_manifest.json
Jsoup,56,IPO (Native / PICT),org.jsoup.nodes.DocumentType,32.5,24.0,NOT_DETECTED,151,2.5,DONE,Combinatorial_IPO/verified_suites_manifest.json
Jsoup,58,IPO (Native / PICT),org.jsoup.parser.Parser,32.5,24.0,NOT_DETECTED,22,2.5,DONE,Combinatorial_IPO/verified_suites_manifest.json
Jsoup,60,IPO (Native / PICT),org.jsoup.parser.TokenQueue,32.5,24.0,NOT_DETECTED,968,2.5,DONE,Combinatorial_IPO/verified_suites_manifest.json
Jsoup,72,IPO (Native / PICT),org.jsoup.parser.CharacterReader,32.5,24.0,NOT_DETECTED,21,2.5,DONE,Combinatorial_IPO/verified_suites_manifest.json
Jsoup,74,IPO (Native / PICT),org.jsoup.helper.StringUtil,32.5,24.0,NOT_DETECTED,209,2.5,DONE,Combinatorial_IPO/verified_suites_manifest.json
Jsoup,83,IPO (Native / PICT),org.jsoup.parser.CharacterReader,32.5,24.0,NOT_DETECTED,21,2.5,DONE,Combinatorial_IPO/verified_suites_manifest.json
Jsoup,85,IPO (Native / PICT),org.jsoup.nodes.Attribute,32.5,24.0,NOT_DETECTED,1105,2.5,DONE,Combinatorial_IPO/verified_suites_manifest.json
Jsoup,87,IPO (Native / PICT),org.jsoup.parser.Tag,32.5,24.0,NOT_DETECTED,33,2.5,DONE,Combinatorial_IPO/verified_suites_manifest.json
Jsoup,88,IPO (Native / PICT),org.jsoup.nodes.Attribute,32.5,24.0,NOT_DETECTED,1105,2.5,DONE,Combinatorial_IPO/verified_suites_manifest.json
Jsoup,89,IPO (Native / PICT),org.jsoup.nodes.Attribute,32.5,24.0,NOT_DETECTED,1105,2.5,DONE,Combinatorial_IPO/verified_suites_manifest.json
Jsoup,91,IPO (Native / PICT),org.jsoup.parser.CharacterReader,32.5,24.0,NOT_DETECTED,21,2.5,DONE,Combinatorial_IPO/verified_suites_manifest.json
Jsoup,92,IPO (Native / PICT),org.jsoup.parser.ParseSettings,32.5,24.0,NOT_DETECTED,52,2.5,DONE,Combinatorial_IPO/verified_suites_manifest.json
Lang,1,IPO (Native / PICT),org.apache.commons.lang3.math.NumberUtils,32.27,23.96,BUG_DETECTED,666,2.5,DONE,Combinatorial_IPO/verified_suites_manifest.json
Lang,3,IPO (Native / PICT),org.apache.commons.lang3.math.NumberUtils,32.5,24.0,NOT_DETECTED,666,2.5,DONE,Combinatorial_IPO/verified_suites_manifest.json
Lang,7,IPO (Native / PICT),org.apache.commons.lang3.math.NumberUtils,32.5,24.0,NOT_DETECTED,666,2.5,DONE,Combinatorial_IPO/verified_suites_manifest.json
Lang,8,IPO (Native / PICT),org.apache.commons.lang3.time.FastDatePrinter,32.5,24.0,NOT_DETECTED,407,2.5,DONE,Combinatorial_IPO/verified_suites_manifest.json
Lang,9,IPO (Native / PICT),org.apache.commons.lang3.time.FastDateParser,32.5,24.0,NOT_DETECTED,253,2.5,DONE,Combinatorial_IPO/verified_suites_manifest.json
Lang,10,IPO (Native / PICT),org.apache.commons.lang3.time.FastDateParser,32.5,24.0,NOT_DETECTED,253,2.5,DONE,Combinatorial_IPO/verified_suites_manifest.json
Lang,11,IPO (Native / PICT),org.apache.commons.lang3.RandomStringUtils,32.5,24.0,NOT_DETECTED,38,2.5,DONE,Combinatorial_IPO/verified_suites_manifest.json
Lang,12,IPO (Native / PICT),org.apache.commons.lang3.RandomStringUtils,32.5,24.0,NOT_DETECTED,38,2.5,DONE,Combinatorial_IPO/verified_suites_manifest.json
Lang,16,IPO (Native / PICT),org.apache.commons.lang3.math.NumberUtils,32.5,24.0,NOT_DETECTED,666,2.5,DONE,Combinatorial_IPO/verified_suites_manifest.json
Lang,19,IPO (Native / PICT),org.apache.commons.lang3.text.translate.NumericEntityUnescaper,32.5,24.0,NOT_DETECTED,15,2.5,DONE,Combinatorial_IPO/verified_suites_manifest.json
Lang,22,IPO (Native / PICT),org.apache.commons.lang3.math.Fraction,32.5,24.0,NOT_DETECTED,78,2.5,DONE,Combinatorial_IPO/verified_suites_manifest.json
Lang,23,IPO (Native / PICT),org.apache.commons.lang3.text.ExtendedMessageFormat,32.5,24.0,NOT_DETECTED,33,2.5,DONE,Combinatorial_IPO/verified_suites_manifest.json
Lang,24,IPO (Native / PICT),org.apache.commons.lang3.math.NumberUtils,32.5,24.0,NOT_DETECTED,666,2.5,DONE,Combinatorial_IPO/verified_suites_manifest.json
Lang,26,IPO (Native / PICT),org.apache.commons.lang3.time.FastDateFormat,32.5,24.0,NOT_DETECTED,440,2.5,DONE,Combinatorial_IPO/verified_suites_manifest.json
Lang,27,IPO (Native / PICT),org.apache.commons.lang3.math.NumberUtils,32.5,24.0,NOT_DETECTED,666,2.5,DONE,Combinatorial_IPO/verified_suites_manifest.json
Lang,28,IPO (Native / PICT),org.apache.commons.lang3.text.translate.NumericEntityUnescaper,32.5,24.0,NOT_DETECTED,15,2.5,DONE,Combinatorial_IPO/verified_suites_manifest.json
Lang,33,IPO (Native / PICT),org.apache.commons.lang3.ClassUtils,32.5,24.0,NOT_DETECTED,168,2.5,DONE,Combinatorial_IPO/verified_suites_manifest.json
Lang,36,IPO (Native / PICT),org.apache.commons.lang3.math.NumberUtils,32.5,24.0,NOT_DETECTED,666,2.5,DONE,Combinatorial_IPO/verified_suites_manifest.json
Lang,38,IPO (Native / PICT),org.apache.commons.lang3.time.FastDateFormat,32.5,24.0,NOT_DETECTED,440,2.5,DONE,Combinatorial_IPO/verified_suites_manifest.json
Lang,41,IPO (Native / PICT),org.apache.commons.lang.ClassUtils,32.5,24.0,NOT_DETECTED,168,2.5,DONE,Combinatorial_IPO/verified_suites_manifest.json
Lang,44,IPO (Native / PICT),org.apache.commons.lang.NumberUtils,32.5,24.0,NOT_DETECTED,217,2.5,DONE,Combinatorial_IPO/verified_suites_manifest.json
Lang,45,IPO (Native / PICT),org.apache.commons.lang.WordUtils,32.5,24.0,NOT_DETECTED,385,2.5,DONE,Combinatorial_IPO/verified_suites_manifest.json
Lang,49,IPO (Native / PICT),org.apache.commons.lang.math.Fraction,32.5,24.0,NOT_DETECTED,78,2.5,DONE,Combinatorial_IPO/verified_suites_manifest.json
Lang,51,IPO (Native / PICT),org.apache.commons.lang.BooleanUtils,32.5,24.0,NOT_DETECTED,727,2.5,DONE,Combinatorial_IPO/verified_suites_manifest.json
Lang,54,IPO (Native / PICT),org.apache.commons.lang.LocaleUtils,32.5,24.0,NOT_DETECTED,9,2.5,DONE,Combinatorial_IPO/verified_suites_manifest.json
Lang,57,IPO (Native / PICT),org.apache.commons.lang.LocaleUtils,32.5,24.0,NOT_DETECTED,9,2.5,DONE,Combinatorial_IPO/verified_suites_manifest.json
Lang,58,IPO (Native / PICT),org.apache.commons.lang.math.NumberUtils,32.5,24.0,NOT_DETECTED,685,2.5,DONE,Combinatorial_IPO/verified_suites_manifest.json
Lang,63,IPO (Native / PICT),org.apache.commons.lang.time.DurationFormatUtils,32.5,24.0,NOT_DETECTED,260,2.5,DONE,Combinatorial_IPO/verified_suites_manifest.json
Math,1,IPO (Native / PICT),org.apache.commons.math3.fraction.BigFraction,32.5,24.0,BUG_DETECTED,64,2.5,DONE,Combinatorial_IPO/verified_suites_manifest.json
Math,1,IPO (Native / PICT),org.apache.commons.math3.fraction.Fraction,32.5,24.0,BUG_DETECTED,140,2.5,DONE,Combinatorial_IPO/verified_suites_manifest.json
Math,5,IPO (Native / PICT),org.apache.commons.math3.complex.Complex,32.5,24.0,NOT_DETECTED,218,2.5,DONE,Combinatorial_IPO/verified_suites_manifest.json
Math,15,IPO (Native / PICT),org.apache.commons.math3.util.FastMath,32.5,24.0,NOT_DETECTED,475,2.5,DONE,Combinatorial_IPO/verified_suites_manifest.json
Math,16,IPO (Native / PICT),org.apache.commons.math3.util.FastMath,32.5,24.0,NOT_DETECTED,475,2.5,DONE,Combinatorial_IPO/verified_suites_manifest.json
Math,26,IPO (Native / PICT),org.apache.commons.math3.fraction.Fraction,32.5,24.0,NOT_DETECTED,140,2.5,DONE,Combinatorial_IPO/verified_suites_manifest.json
Math,27,IPO (Native / PICT),org.apache.commons.math3.fraction.Fraction,32.5,24.0,NOT_DETECTED,140,2.5,DONE,Combinatorial_IPO/verified_suites_manifest.json
Math,35,IPO (Native / PICT),org.apache.commons.math3.genetics.ElitisticListPopulation,32.5,24.0,NOT_DETECTED,25,2.5,DONE,Combinatorial_IPO/verified_suites_manifest.json
Math,36,IPO (Native / PICT),org.apache.commons.math.fraction.BigFraction,32.5,24.0,NOT_DETECTED,64,2.5,DONE,Combinatorial_IPO/verified_suites_manifest.json
Math,37,IPO (Native / PICT),org.apache.commons.math.complex.Complex,32.5,24.0,NOT_DETECTED,228,2.5,DONE,Combinatorial_IPO/verified_suites_manifest.json
Math,41,IPO (Native / PICT),org.apache.commons.math.stat.descriptive.moment.Variance,32.5,24.0,NOT_DETECTED,130,2.5,DONE,Combinatorial_IPO/verified_suites_manifest.json
Math,45,IPO (Native / PICT),org.apache.commons.math.linear.OpenMapRealMatrix,32.5,24.0,NOT_DETECTED,82,2.5,DONE,Combinatorial_IPO/verified_suites_manifest.json
Math,46,IPO (Native / PICT),org.apache.commons.math.complex.Complex,32.5,24.0,NOT_DETECTED,203,2.5,DONE,Combinatorial_IPO/verified_suites_manifest.json
Math,47,IPO (Native / PICT),org.apache.commons.math.complex.Complex,32.5,24.0,NOT_DETECTED,203,2.5,DONE,Combinatorial_IPO/verified_suites_manifest.json
Math,53,IPO (Native / PICT),org.apache.commons.math.complex.Complex,32.5,24.0,NOT_DETECTED,660,2.5,DONE,Combinatorial_IPO/verified_suites_manifest.json
Math,55,IPO (Native / PICT),org.apache.commons.math.geometry.Vector3D,32.5,24.0,NOT_DETECTED,350,2.5,DONE,Combinatorial_IPO/verified_suites_manifest.json
Math,59,IPO (Native / PICT),org.apache.commons.math.util.FastMath,32.5,24.0,NOT_DETECTED,275,2.5,DONE,Combinatorial_IPO/verified_suites_manifest.json
Math,61,IPO (Native / PICT),org.apache.commons.math.distribution.PoissonDistributionImpl,32.5,24.0,NOT_DETECTED,125,2.5,DONE,Combinatorial_IPO/verified_suites_manifest.json
Math,63,IPO (Native / PICT),org.apache.commons.math.util.MathUtils,32.5,24.0,NOT_DETECTED,703,2.5,DONE,Combinatorial_IPO/verified_suites_manifest.json
Math,69,IPO (Native / PICT),org.apache.commons.math.stat.correlation.PearsonsCorrelation,32.5,24.0,NOT_DETECTED,4,2.5,DONE,Combinatorial_IPO/verified_suites_manifest.json
Math,79,IPO (Native / PICT),org.apache.commons.math.util.MathUtils,32.5,24.0,NOT_DETECTED,593,2.5,DONE,Combinatorial_IPO/verified_suites_manifest.json
Math,85,IPO (Native / PICT),org.apache.commons.math.analysis.solvers.UnivariateRealSolverUtils,32.5,24.0,NOT_DETECTED,25,2.5,DONE,Combinatorial_IPO/verified_suites_manifest.json
Math,91,IPO (Native / PICT),org.apache.commons.math.fraction.Fraction,32.5,24.0,NOT_DETECTED,90,2.5,DONE,Combinatorial_IPO/verified_suites_manifest.json
Math,92,IPO (Native / PICT),org.apache.commons.math.util.MathUtils,32.5,24.0,NOT_DETECTED,485,2.5,DONE,Combinatorial_IPO/verified_suites_manifest.json
Math,93,IPO (Native / PICT),org.apache.commons.math.util.MathUtils,32.5,24.0,NOT_DETECTED,435,2.5,DONE,Combinatorial_IPO/verified_suites_manifest.json
Math,94,IPO (Native / PICT),org.apache.commons.math.util.MathUtils,32.5,24.0,NOT_DETECTED,435,2.5,DONE,Combinatorial_IPO/verified_suites_manifest.json
Math,95,IPO (Native / PICT),org.apache.commons.math.distribution.FDistributionImpl,32.5,24.0,NOT_DETECTED,162,2.5,DONE,Combinatorial_IPO/verified_suites_manifest.json
Math,96,IPO (Native / PICT),org.apache.commons.math.complex.Complex,32.5,24.0,NOT_DETECTED,707,2.5,DONE,Combinatorial_IPO/verified_suites_manifest.json
Math,98,IPO (Native / PICT),org.apache.commons.math.linear.BigMatrixImpl,32.5,24.0,NOT_DETECTED,25,2.5,DONE,Combinatorial_IPO/verified_suites_manifest.json
Math,99,IPO (Native / PICT),org.apache.commons.math.util.MathUtils,32.5,24.0,NOT_DETECTED,513,2.5,DONE,Combinatorial_IPO/verified_suites_manifest.json
Math,102,IPO (Native / PICT),org.apache.commons.math.stat.inference.ChiSquareTestImpl,32.5,24.0,NOT_DETECTED,20,2.5,DONE,Combinatorial_IPO/verified_suites_manifest.json
Time,1,IPO (Native / PICT),org.joda.time.Partial,32.5,24.0,BUG_DETECTED,33,2.5,DONE,Combinatorial_IPO/verified_suites_manifest.json
Time,2,IPO (Native / PICT),org.joda.time.Partial,32.5,24.0,BUG_DETECTED,33,2.5,DONE,Combinatorial_IPO/verified_suites_manifest.json
Time,4,IPO (Native / PICT),org.joda.time.Partial,32.5,24.0,NOT_DETECTED,33,2.5,DONE,Combinatorial_IPO/verified_suites_manifest.json
Time,12,IPO (Native / PICT),org.joda.time.LocalDate,32.5,24.0,NOT_DETECTED,33,2.5,DONE,Combinatorial_IPO/verified_suites_manifest.json
Time,12,IPO (Native / PICT),org.joda.time.LocalDateTime,32.5,24.0,NOT_DETECTED,33,2.5,DONE,Combinatorial_IPO/verified_suites_manifest.json
Time,15,IPO (Native / PICT),org.joda.time.field.FieldUtils,32.5,24.0,NOT_DETECTED,244,2.5,DONE,Combinatorial_IPO/verified_suites_manifest.json
