Project,Bug_ID,Technique,Target_Classes,Suite_Available,Test_Files,Suite_SHA256,Inventory_Status,Error_Detail
Chart,1,IPO (Native IPO),org.jfree.chart.renderer.category.AbstractCategoryItemRenderer,NO,,,NO_SUITE,
Chart,1,MIO (EvoSuite SBST),org.jfree.chart.renderer.category.AbstractCategoryItemRenderer,YES,AbstractCategoryItemRenderer_ESTest.java,c685bae951df0c9a48d50ae278aacc6e0b76bcbc512ae9305757664eec37e43c,READY,
Chart,1,DeepSeek V4 Flash,org.jfree.chart.renderer.category.AbstractCategoryItemRenderer,YES,AbstractCategoryItemRendererDeepseekTest.java,94a0dd91f822ada46ae51be34ab96a05feb0e849c20375ca7e33cd4599746f6c,READY,
Chart,1,Gemini 3.8 Flash,org.jfree.chart.renderer.category.AbstractCategoryItemRenderer,YES,AbstractCategoryItemRendererGeminiTest.java,173590f25366a4a380f66590fb5fe7acb60b7190e4ecc0b3999fd0fab94ff1f9,READY,
Chart,2,IPO (Native IPO),org.jfree.data.general.DatasetUtilities,NO,,,NO_SUITE,
Chart,2,MIO (EvoSuite SBST),org.jfree.data.general.DatasetUtilities,YES,DatasetUtilities_ESTest.java,72bd2b43ef1371aa76b18a44cb553cfc5cd5c0c5428e7e07119c52b26e848c93,READY,
Chart,2,DeepSeek V4 Flash,org.jfree.data.general.DatasetUtilities,YES,DatasetUtilitiesDeepseekTest.java,e4900f172dd10bc639919556463ccc3fe9bbdcf2e33cd15fe1fa29cc205b80bc,READY,
Chart,2,Gemini 3.8 Flash,org.jfree.data.general.DatasetUtilities,YES,DatasetUtilitiesGeminiTest.java,8c4878de5e08e57b93a9cdfa8a9107f77fcb6c8359d1aac46546978af33f0f26,READY,
Chart,3,IPO (Native IPO),org.jfree.data.time.TimeSeries,YES,TimeSeries_IPOTest.java,0763820cd6b26811269d4b979d4451dd74675ee395bfa775ebb8fe0912a02e90,READY,
Chart,3,MIO (EvoSuite SBST),org.jfree.data.time.TimeSeries,YES,TimeSeries_ESTest.java,b2db0ce6bb0958435c25035c9be62791cb8b1469819184f3c279ede2980f6f15,READY,
Chart,3,DeepSeek V4 Flash,org.jfree.data.time.TimeSeries,YES,TimeSeriesDeepseekTest.java,adf0a8f4626a217127c2149a5c07f902b2975d08a49242a81f9b3ddffa73c348,READY,
Chart,3,Gemini 3.8 Flash,org.jfree.data.time.TimeSeries,YES,TimeSeriesGeminiTest.java,bcce42fcb234af77041bc36390ce7a79a791e78df3c8a92331c8c12175558d2e,READY,
Chart,4,IPO (Native IPO),org.jfree.chart.plot.XYPlot,YES,XYPlot_IPOTest.java,a8319aa106c1278a7177b74dbb1d3dd027b76c5fb41368d46a0b5b15f03d0d17,READY,
Chart,4,MIO (EvoSuite SBST),org.jfree.chart.plot.XYPlot,YES,XYPlot_ESTest.java,f1a222a1171f6db86b79e45ebe1cbd298145d4ac5a0a38f52cc2df135472e5ff,READY,
Chart,4,DeepSeek V4 Flash,org.jfree.chart.plot.XYPlot,YES,XYPlotDeepseekTest.java,cf4225a48c326d9dd664ea6862f853fda4be8a30e519b9883a78828b234f22fe,READY,
Chart,4,Gemini 3.8 Flash,org.jfree.chart.plot.XYPlot,YES,XYPlotGeminiTest.java,4902ffeb8eb7f066099fec62d540c2f5e1b2b564de8a437efd839e48e20813b1,READY,
Chart,5,IPO (Native IPO),org.jfree.data.xy.XYSeries,YES,XYSeries_IPOTest.java,f917fe71c33ea71157b6b8168754b45be235b4326edf8cd5f3bf9b352a99c221,READY,
Chart,5,MIO (EvoSuite SBST),org.jfree.data.xy.XYSeries,YES,XYSeries_ESTest.java,ef48e6311839e58baf01540d4269891ba83d48801748dce1b46794a09b620317,READY,
Chart,5,DeepSeek V4 Flash,org.jfree.data.xy.XYSeries,YES,XYSeriesDeepseekTest.java,adbea997843aad6176a116129e28c0486e0b8c1739e78c274b90c696ef985de9,READY,
Chart,5,Gemini 3.8 Flash,org.jfree.data.xy.XYSeries,YES,XYSeriesGeminiTest.java,930c9398b84e87118089506c990fd30b71816d271e0ec470b851306199b407b1,READY,
Chart,6,IPO (Native IPO),org.jfree.chart.util.ShapeList,NO,,,NO_SUITE,
Chart,6,MIO (EvoSuite SBST),org.jfree.chart.util.ShapeList,YES,ShapeList_ESTest.java,b60184c3c4ee9cff2b0f44ef18fcdfdf63b773df5eab9a99b0a2d6b750799aab,READY,
Chart,6,DeepSeek V4 Flash,org.jfree.chart.util.ShapeList,YES,ShapeListDeepseekTest.java,fe68ae3c47f957e4b8dd7d5d3fa1095ad88ba686fddb3c51884a9b10a8c28ca2,READY,
Chart,6,Gemini 3.8 Flash,org.jfree.chart.util.ShapeList,YES,ShapeListGeminiTest.java,7e580ec584e14abc1a0d22b5456ca8ad346069b28b61885f8c0fda452be264a7,READY,
Chart,7,IPO (Native IPO),org.jfree.data.time.TimePeriodValues,YES,TimePeriodValues_IPOTest.java,e1cdb5471fc7f2fe192ef93a5ed2431562d7d83f8776f628f2a6f5de09a57e46,READY,
Chart,7,MIO (EvoSuite SBST),org.jfree.data.time.TimePeriodValues,YES,TimePeriodValues_ESTest.java,a56a30d1a4679af5a2b601e12a95b12dc4ed567719a88e644441073b189bdb08,READY,
Chart,7,DeepSeek V4 Flash,org.jfree.data.time.TimePeriodValues,YES,TimePeriodValuesDeepseekTest.java,49cbcf577dc747c186acaa2f56ba039658318889e7e90f37566bd9bce002a090,READY,
Chart,7,Gemini 3.8 Flash,org.jfree.data.time.TimePeriodValues,YES,TimePeriodValuesGeminiTest.java,60fe7af45866cb2e94ceda4918a794f23c85dd8bbdfc88f2485f3ac54fb5d583,READY,
Chart,8,IPO (Native IPO),org.jfree.data.time.Week,NO,,,NO_SUITE,
Chart,8,MIO (EvoSuite SBST),org.jfree.data.time.Week,YES,Week_ESTest.java,d0bff28f161893b8f98ae51811cdc81b4bf939306db963ab4a5ba905f0aabe5b,READY,
Chart,8,DeepSeek V4 Flash,org.jfree.data.time.Week,YES,WeekDeepseekTest.java,922ab674e193454df11d7bc7cb054860a10294caa9e79981c130d869e7bc090e,READY,
Chart,8,Gemini 3.8 Flash,org.jfree.data.time.Week,YES,WeekGeminiTest.java,8c8d7343fa3208047cc8b1427321b34ec77af94cf46fa5422cc3fc971529b039,READY,
Chart,9,IPO (Native IPO),org.jfree.data.time.TimeSeries,YES,TimeSeries_IPOTest.java,17ccb9e096c10d86d1ffee3cda9e01e74bae1bde5377c8a9416abf9383cdcbc9,READY,
Chart,9,MIO (EvoSuite SBST),org.jfree.data.time.TimeSeries,YES,TimeSeries_ESTest.java,e23fba13adc93b984a706be23b1f85cf6d9da3cc66c4e3e29827301cf75e4f62,READY,
Chart,9,DeepSeek V4 Flash,org.jfree.data.time.TimeSeries,YES,TimeSeriesDeepseekTest.java,f6dd963d582e85470d64a5bcdcad83558cb06e42cf5f1892057c317f14d33a76,READY,
Chart,9,Gemini 3.8 Flash,org.jfree.data.time.TimeSeries,YES,TimeSeriesGeminiTest.java,ed2246653d3fb4e1f3ebb492f7a8a0e155825e5ff715b637b6bb273f201a4d64,READY,
Chart,10,IPO (Native IPO),org.jfree.chart.imagemap.StandardToolTipTagFragmentGenerator,NO,,,NO_SUITE,
Chart,10,MIO (EvoSuite SBST),org.jfree.chart.imagemap.StandardToolTipTagFragmentGenerator,YES,StandardToolTipTagFragmentGenerator_ESTest.java,c24c768804b90567e7a4c08a8d24b9731912e0409547c83131509552e89d1bf3,READY,
Chart,10,DeepSeek V4 Flash,org.jfree.chart.imagemap.StandardToolTipTagFragmentGenerator,YES,StandardToolTipTagFragmentGeneratorDeepseekTest.java,fe88507bc1f2ea4b4d80c03f751e9e7fd6812d7c1ae601ba43b8b44e4bb2f682,READY,
Chart,10,Gemini 3.8 Flash,org.jfree.chart.imagemap.StandardToolTipTagFragmentGenerator,YES,StandardToolTipTagFragmentGeneratorGeminiTest.java,f1bc14a69c7ab6abb685f6bd7a19141d726b8e7bb6d06559a4ed826582faab3c,READY,
Chart,11,IPO (Native IPO),org.jfree.chart.util.ShapeUtilities,YES,ShapeUtilities_IPOTest.java,98fee6260d13abf0a8c02cb77d7482ce644d989a61769e4857b8550e0528c6a5,READY,
Chart,11,MIO (EvoSuite SBST),org.jfree.chart.util.ShapeUtilities,YES,ShapeUtilities_ESTest.java,92210b80b45b4bddf74e087c7ab7711aec7ad5894aadab8ed400193afb19c5b1,READY,
Chart,11,DeepSeek V4 Flash,org.jfree.chart.util.ShapeUtilities,YES,ShapeUtilitiesDeepseekTest.java,2ef7db5c83b546d28f41bfdd7dc36b361f75bab957f3b02541461ae0192c9096,READY,
Chart,11,Gemini 3.8 Flash,org.jfree.chart.util.ShapeUtilities,YES,ShapeUtilitiesGeminiTest.java,d81728022b3b60bfc160c29a1baeffba914061dd590edaaa261b9c2cff24dd33,READY,
Chart,12,IPO (Native IPO),org.jfree.chart.plot.MultiplePiePlot,NO,,,NO_SUITE,
Chart,12,MIO (EvoSuite SBST),org.jfree.chart.plot.MultiplePiePlot,YES,MultiplePiePlot_ESTest.java,4faf47633705ba3bee89917545e1477ededfceab24410b267e97637ee56f5864,READY,
Chart,12,DeepSeek V4 Flash,org.jfree.chart.plot.MultiplePiePlot,YES,MultiplePiePlotDeepseekTest.java,9445dd61cd5c099ac249ef89fabf3c2b69f6948a431cb6c550883adc8c54e216,READY,
Chart,12,Gemini 3.8 Flash,org.jfree.chart.plot.MultiplePiePlot,YES,MultiplePiePlotGeminiTest.java,3af18969833d9cf7cef49f4ef927c29404363d63b6b8b1d8400963717844949f,READY,
Chart,13,IPO (Native IPO),org.jfree.chart.block.BorderArrangement,NO,,,NO_SUITE,
Chart,13,MIO (EvoSuite SBST),org.jfree.chart.block.BorderArrangement,YES,BorderArrangement_ESTest.java,af25ed26699234f58926ddef10ac90297efeb4ababc121c3bf9d8764fa605e91,READY,
Chart,13,DeepSeek V4 Flash,org.jfree.chart.block.BorderArrangement,YES,BorderArrangementDeepseekTest.java,171827b705e23de252fcbadfba8703ba016113df6b0b7c121c9f0d3fc89264e6,READY,
Chart,13,Gemini 3.8 Flash,org.jfree.chart.block.BorderArrangement,YES,BorderArrangementGeminiTest.java,1cb52ef869eabe1603b4c5d730c398547a9991691d91870d7b071489cc8175dd,READY,
Chart,14,IPO (Native IPO),org.jfree.chart.plot.CategoryPlot;org.jfree.chart.plot.XYPlot,YES,XYPlot_IPOTest.java,a8319aa106c1278a7177b74dbb1d3dd027b76c5fb41368d46a0b5b15f03d0d17,READY,
Chart,14,MIO (EvoSuite SBST),org.jfree.chart.plot.CategoryPlot;org.jfree.chart.plot.XYPlot,YES,CategoryPlot_ESTest.java;XYPlot_ESTest.java,71021be3861f2c654a3ccdfc269d853403b0156149ca711b1387c389da325b01,READY,
Chart,14,DeepSeek V4 Flash,org.jfree.chart.plot.CategoryPlot;org.jfree.chart.plot.XYPlot,YES,CategoryPlotDeepseekTest.java;XYPlotDeepseekTest.java,dc83d2919088e1d820c80963b0f7f90c873b76388039f12294e76c6ec914120a,READY,
Chart,14,Gemini 3.8 Flash,org.jfree.chart.plot.CategoryPlot;org.jfree.chart.plot.XYPlot,YES,CategoryPlotGeminiTest.java;XYPlotGeminiTest.java,92273f9ad5008e8ee6a2acc71e824b02b7186918c60c1f0b566b4c91d9f60bcc,READY,
Chart,15,IPO (Native IPO),org.jfree.chart.plot.PiePlot,NO,,,NO_SUITE,
Chart,15,MIO (EvoSuite SBST),org.jfree.chart.plot.PiePlot,YES,PiePlot_ESTest.java,8159fd9995d7b961b96a39c9e26ae7816cb95b914fab42f52bf9712f4e6784f4,READY,
Chart,15,DeepSeek V4 Flash,org.jfree.chart.plot.PiePlot,YES,PiePlotDeepseekTest.java,16d606cff143613957134331ada020aae2b208b96ef87db444458f665a28ae0b,READY,
Chart,15,Gemini 3.8 Flash,org.jfree.chart.plot.PiePlot,YES,PiePlotGeminiTest.java,98821a5c1898de8cb8fcbf3b644caf1473aa9db03d52f648b45ef2043a6b931c,READY,
Chart,16,IPO (Native IPO),org.jfree.data.category.DefaultIntervalCategoryDataset,YES,DefaultIntervalCategoryDataset_IPOTest.java,d9c674900ba00a3b44c6afe53800f23dc801a2e8d436c54874326f8d6ace4fa8,READY,
Chart,16,MIO (EvoSuite SBST),org.jfree.data.category.DefaultIntervalCategoryDataset,YES,DefaultIntervalCategoryDataset_ESTest.java,9c6b2c4b78c8421aaa5885d1edf68f17cfb548cd45d974cc9068a42d15176ad6,READY,
Chart,16,DeepSeek V4 Flash,org.jfree.data.category.DefaultIntervalCategoryDataset,YES,DefaultIntervalCategoryDatasetDeepseekTest.java,e3d87c0bfaeab74888e87b2da7ee2d55e9d913c7236647cbd10827bf23588f40,READY,
Chart,16,Gemini 3.8 Flash,org.jfree.data.category.DefaultIntervalCategoryDataset,YES,DefaultIntervalCategoryDatasetGeminiTest.java,8b74b76dad6b83cc4718d1b71b1c8a4fbcda1ea341399b36253fa7a7bbc0e129,READY,
Chart,17,IPO (Native IPO),org.jfree.data.time.TimeSeries,YES,TimeSeries_IPOTest.java,17ccb9e096c10d86d1ffee3cda9e01e74bae1bde5377c8a9416abf9383cdcbc9,READY,
Chart,17,MIO (EvoSuite SBST),org.jfree.data.time.TimeSeries,YES,TimeSeries_ESTest.java,8d045ebbfd668fdf73afa3928628354f3c7e6943d560dfb8fdc3498405f3ade3,READY,
Chart,17,DeepSeek V4 Flash,org.jfree.data.time.TimeSeries,YES,TimeSeriesDeepseekTest.java,7e6bf2044d60df717c5b7ebea5dca648c243b9907e57bce6d8e26b40651568ee,READY,
Chart,17,Gemini 3.8 Flash,org.jfree.data.time.TimeSeries,YES,TimeSeriesGeminiTest.java,660d45c633676787ef892d3d58254c2ee615ee38a18f1caacd7ac509343fc506,READY,
Chart,18,IPO (Native IPO),org.jfree.data.DefaultKeyedValues;org.jfree.data.DefaultKeyedValues2D,YES,DefaultKeyedValues2D_IPOTest.java,9d7a6be8ed5bc4ba37bdc2ba455f073d332000e0483cf783b8a0129346ce33df,READY,
Chart,18,MIO (EvoSuite SBST),org.jfree.data.DefaultKeyedValues;org.jfree.data.DefaultKeyedValues2D,YES,DefaultKeyedValues2D_ESTest.java;DefaultKeyedValues_ESTest.java,679271321a80bf4458e8b54f581ab8de4bbc86268cb1a8256fd6cc30bfb6fc65,READY,
Chart,18,DeepSeek V4 Flash,org.jfree.data.DefaultKeyedValues;org.jfree.data.DefaultKeyedValues2D,YES,DefaultKeyedValues2DDeepseekTest.java;DefaultKeyedValuesDeepseekTest.java,d334b358597a1b8782b6c484e434dd67b1f080eb431207c6527f061b412cfd65,READY,
Chart,18,Gemini 3.8 Flash,org.jfree.data.DefaultKeyedValues;org.jfree.data.DefaultKeyedValues2D,YES,DefaultKeyedValues2DGeminiTest.java;DefaultKeyedValuesGeminiTest.java,e3313af5d9fecc28b490dca099cc25aecad2d78cc61becee4dcc1dbdb556ae0f,READY,
Chart,19,IPO (Native IPO),org.jfree.chart.plot.CategoryPlot,NO,,,NO_SUITE,
Chart,19,MIO (EvoSuite SBST),org.jfree.chart.plot.CategoryPlot,YES,CategoryPlot_ESTest.java,c093dddbab7d834033bcc427d00ea2c09ebd9a9ce02b98e07f64618c039c53a1,READY,
Chart,19,DeepSeek V4 Flash,org.jfree.chart.plot.CategoryPlot,YES,CategoryPlotDeepseekTest.java,74b6a7cf1f57049954627f9cbfec70dbc1465b0074561aa9f607dfdb8f31ea7a,READY,
Chart,19,Gemini 3.8 Flash,org.jfree.chart.plot.CategoryPlot,YES,CategoryPlotGeminiTest.java,7a2e4613d8700bf1db97e3124091682610a022f6d9477fb5c8c9a9000dd2ab91,READY,
Chart,20,IPO (Native IPO),org.jfree.chart.plot.ValueMarker,YES,ValueMarker_IPOTest.java,2d8c8bdd988d2f85a7100c186411d135d11ccbe4e4992e0b1943cc45ef62faaa,READY,
Chart,20,MIO (EvoSuite SBST),org.jfree.chart.plot.ValueMarker,YES,ValueMarker_ESTest.java,abf98b5d926c5ed232500373d4e7be1e7bf5263d41035f1df5cd31e541cf8698,READY,
Chart,20,DeepSeek V4 Flash,org.jfree.chart.plot.ValueMarker,YES,ValueMarkerDeepseekTest.java,2f5d3f24b5b6b74904b87f816c3c88024a701d61fcbc1f174b290de2ccef5bba,READY,
Chart,20,Gemini 3.8 Flash,org.jfree.chart.plot.ValueMarker,YES,ValueMarkerGeminiTest.java,9a20877270477b6fe0265e847589b69481be6fdcc42343529bc51f9945aaa87e,READY,
Chart,21,IPO (Native IPO),org.jfree.data.statistics.DefaultBoxAndWhiskerCategoryDataset,YES,DefaultBoxAndWhiskerCategoryDataset_IPOTest.java,a0e65c267eab435a81b7ca08aafd23b9d3640d334863d1bad0d808d876fcc84e,READY,
Chart,21,MIO (EvoSuite SBST),org.jfree.data.statistics.DefaultBoxAndWhiskerCategoryDataset,YES,DefaultBoxAndWhiskerCategoryDataset_ESTest.java,f79ede1ba1c816fa9ec46bc70f4fce92d7b1d45a928e8a7c203945a10950ab22,READY,
Chart,21,DeepSeek V4 Flash,org.jfree.data.statistics.DefaultBoxAndWhiskerCategoryDataset,YES,DefaultBoxAndWhiskerCategoryDatasetDeepseekTest.java,6f4c300bcd1b9ae90f4032560f7bcfc3a5e50a1575db4a978d22218aff772575,READY,
Chart,21,Gemini 3.8 Flash,org.jfree.data.statistics.DefaultBoxAndWhiskerCategoryDataset,YES,DefaultBoxAndWhiskerCategoryDatasetGeminiTest.java,1c35af8141f6cac202332c26981ebe6cf0927fac2a2027c9505ace9f754e3a68,READY,
Chart,22,IPO (Native IPO),org.jfree.data.KeyedObjects2D,NO,,,NO_SUITE,
Chart,22,MIO (EvoSuite SBST),org.jfree.data.KeyedObjects2D,YES,KeyedObjects2D_ESTest.java,4c3a7ed2d3ffd0ad0d01eb324909e7602387c25872f3c816788a45f5ea2f3766,READY,
Chart,22,DeepSeek V4 Flash,org.jfree.data.KeyedObjects2D,YES,KeyedObjects2DDeepseekTest.java,e3b15e91761242aa9c25d013cd91a60110ac0e8078d52e2bc5ff90cb66e84197,READY,
Chart,22,Gemini 3.8 Flash,org.jfree.data.KeyedObjects2D,YES,KeyedObjects2DGeminiTest.java,f34c157ce847b340346d23253cb7261363a16634e280dcec588159e71fe1fc0b,READY,
Chart,23,IPO (Native IPO),org.jfree.chart.renderer.category.MinMaxCategoryRenderer,NO,,,NO_SUITE,
Chart,23,MIO (EvoSuite SBST),org.jfree.chart.renderer.category.MinMaxCategoryRenderer,YES,MinMaxCategoryRenderer_ESTest.java,6f5e6576cb5e8e3a454fffc75554a3641fcaf06255a4edc6fb30c4789922b32a,READY,
Chart,23,DeepSeek V4 Flash,org.jfree.chart.renderer.category.MinMaxCategoryRenderer,YES,MinMaxCategoryRendererDeepseekTest.java,a0d6f34558824fe958d52cad5a2c1b42fc8853c5ce07c01b432f0da25460b984,READY,
Chart,23,Gemini 3.8 Flash,org.jfree.chart.renderer.category.MinMaxCategoryRenderer,YES,MinMaxCategoryRendererGeminiTest.java,c97e1be52d2899f81b1a93d71d30dd311dc6ccb5416a2bb1378d24004b0dd264,READY,
Chart,24,IPO (Native IPO),org.jfree.chart.renderer.GrayPaintScale,NO,,,NO_SUITE,
Chart,24,MIO (EvoSuite SBST),org.jfree.chart.renderer.GrayPaintScale,YES,GrayPaintScale_ESTest.java,ec98b0f97d6ec4247a57d809af0c90b44d4079f265562ab503e0fbcbe2db1cfb,READY,
Chart,24,DeepSeek V4 Flash,org.jfree.chart.renderer.GrayPaintScale,YES,GrayPaintScaleDeepseekTest.java,37227435ce289493eec723e6649230f85a25f803f48c6b23ff282c3b99a1694a,READY,
Chart,24,Gemini 3.8 Flash,org.jfree.chart.renderer.GrayPaintScale,YES,GrayPaintScaleGeminiTest.java,1bf050f3adf8cb835a33cb860a1b5e8e3c051962f55737b85f419ea49df6e66c,READY,
Chart,25,IPO (Native IPO),org.jfree.chart.renderer.category.StatisticalBarRenderer,NO,,,NO_SUITE,
Chart,25,MIO (EvoSuite SBST),org.jfree.chart.renderer.category.StatisticalBarRenderer,YES,StatisticalBarRenderer_ESTest.java,b03c808a2d290a52e0db5407486cb7ff3d0481a80ad56a8d2334cb45165ea5e9,READY,
Chart,25,DeepSeek V4 Flash,org.jfree.chart.renderer.category.StatisticalBarRenderer,YES,StatisticalBarRendererDeepseekTest.java,cc48fb50c0747e07d369d7c6f8a32d22f4cc7199d8d85c19c5a9f9d5336597a1,READY,
Chart,25,Gemini 3.8 Flash,org.jfree.chart.renderer.category.StatisticalBarRenderer,YES,StatisticalBarRendererGeminiTest.java,e9b0f5a329c24c9ac7c0f64618e7da9cc4c0dee823849c94a9c8dfc4c24f6651,READY,
Chart,26,IPO (Native IPO),org.jfree.chart.axis.Axis,NO,,,NO_SUITE,
Chart,26,MIO (EvoSuite SBST),org.jfree.chart.axis.Axis,YES,Axis_ESTest.java,726b6e9bd31aa2079bfd1831d7d4d18ba0e39b57e4a8e97e522f8529ed5c70c6,READY,
Chart,26,DeepSeek V4 Flash,org.jfree.chart.axis.Axis,YES,AxisDeepseekTest.java,dcb71130f1b2e599c2a49007e401c20120460a25a7a57466599b86f3655a4b2a,READY,
Chart,26,Gemini 3.8 Flash,org.jfree.chart.axis.Axis,YES,AxisGeminiTest.java,8b45f292e647a5595754c3022ea7f2d16ad5a73fa2d588921550fee3e288305a,READY,
Cli,1,IPO (Native IPO),org.apache.commons.cli.CommandLine,YES,CommandLine_IPOTest.java,31d8761e752b2686f7f8dd49a5688df80b5d79b0c012304ff35a262c55444e48,READY,
Cli,1,MIO (EvoSuite SBST),org.apache.commons.cli.CommandLine,YES,CommandLine_ESTest.java,57de9dd42d1529bcca2c78e5443cb27cc7cdc49010459db5ed6dc65300d0ca9a,READY,
Cli,1,DeepSeek V4 Flash,org.apache.commons.cli.CommandLine,YES,CommandLineDeepseekTest.java,221ce95d6896e788b4e63dba0e9df7879c320a8500a1c755d34050fa09b8c085,READY,
Cli,1,Gemini 3.8 Flash,org.apache.commons.cli.CommandLine,YES,CommandLineGeminiTest.java,966d664d5a8f5f9484ba0c3f5046d7a31f0a0767f2d2e82318d80e435882c440,READY,
Cli,2,IPO (Native IPO),org.apache.commons.cli.PosixParser,NO,,,NO_SUITE,
Cli,2,MIO (EvoSuite SBST),org.apache.commons.cli.PosixParser,YES,PosixParser_ESTest.java,e2583c05aaf96e5ca1da16146812bf784ceeda5a05867a670aaa9839548164a3,READY,
Cli,2,DeepSeek V4 Flash,org.apache.commons.cli.PosixParser,YES,PosixParserDeepseekTest.java,a376bfe889030aae7cc752986f29699720cf99c2bf1f03e044979b7c2ab5b402,READY,
Cli,2,Gemini 3.8 Flash,org.apache.commons.cli.PosixParser,YES,PosixParserGeminiTest.java,c86190bb7bfbc39bf0965d5fcb22c521dce3068b8b5271236699935dff8539c2,READY,
Cli,3,IPO (Native IPO),org.apache.commons.cli.TypeHandler,NO,,,NO_SUITE,
Cli,3,MIO (EvoSuite SBST),org.apache.commons.cli.TypeHandler,YES,TypeHandler_ESTest.java,b45055e4244015c5ac91b75111e4fa2f821d296c668af7bbd0d945ca0c0ece59,READY,
Cli,3,DeepSeek V4 Flash,org.apache.commons.cli.TypeHandler,YES,TypeHandlerDeepseekTest.java,ef1ef3ba5e21272c9cb8ced8448e7221017b265d04544a71454335bbfee084d0,READY,
Cli,3,Gemini 3.8 Flash,org.apache.commons.cli.TypeHandler,YES,TypeHandlerGeminiTest.java,605ec43fdcdfd8fc44aa1829387c2f8530c3acac43619d7de6ac572afdb9e8e7,READY,
Cli,4,IPO (Native IPO),org.apache.commons.cli.Parser,NO,,,NO_SUITE,
Cli,4,MIO (EvoSuite SBST),org.apache.commons.cli.Parser,YES,Parser_ESTest.java,7377e3a9236a42f41961bd1baf95d2a9104765080250ba876051bfc9b2f48ec4,READY,
Cli,4,DeepSeek V4 Flash,org.apache.commons.cli.Parser,YES,ParserDeepseekTest.java,de846b45a6d7bfbd1591d25f9e8fe8476f6fe534a9a0cb93721f3bbb4adb0249,READY,
Cli,4,Gemini 3.8 Flash,org.apache.commons.cli.Parser,YES,ParserGeminiTest.java,25148970ae98e6e4dd503160a0fe80ab2e4b23b78d3f29b520cb9f77a8028b3e,READY,
Cli,5,IPO (Native IPO),org.apache.commons.cli.Util,NO,,,NO_SUITE,
Cli,5,MIO (EvoSuite SBST),org.apache.commons.cli.Util,YES,Util_ESTest.java,952386346dd01661744a929e24cf23bfeca72d70ad1a3e38a5fe13efd5574236,READY,
Cli,5,DeepSeek V4 Flash,org.apache.commons.cli.Util,YES,UtilDeepseekTest.java,54b5bcb3319709ba255ee99bb0362db690912eabca17fb67b0d0f550fafea2ee,READY,
Cli,5,Gemini 3.8 Flash,org.apache.commons.cli.Util,YES,UtilGeminiTest.java,88cfa04c1e04f5eb135b2d6166d05de17fc33dd5eae5f841724e8984d8e78537,READY,
Cli,7,IPO (Native IPO),org.apache.commons.cli2.builder.PatternBuilder,NO,,,NO_SUITE,
Cli,7,MIO (EvoSuite SBST),org.apache.commons.cli2.builder.PatternBuilder,YES,PatternBuilder_ESTest.java,40706366c8ab864ce431377d221786cfc8d0476ac5fc7bda519bf13a00d1d513,READY,
Cli,7,DeepSeek V4 Flash,org.apache.commons.cli2.builder.PatternBuilder,YES,PatternBuilderDeepseekTest.java,7df8292cb15efd3919fcabb0e57459d5889e41a05b104a2ef0be66956d5f328a,READY,
Cli,7,Gemini 3.8 Flash,org.apache.commons.cli2.builder.PatternBuilder,YES,PatternBuilderGeminiTest.java,6f5d9946da61d6c7a3cbd870a7a69d4266dbfa6ec6397f579885cebcb6ac1a5c,READY,
Cli,8,IPO (Native IPO),org.apache.commons.cli.HelpFormatter,YES,HelpFormatter_IPOTest.java,073267dc64fd413c0459ff7a9c1f093cd8a589137240b6c93e6c67e9549c383e,READY,
Cli,8,MIO (EvoSuite SBST),org.apache.commons.cli.HelpFormatter,YES,HelpFormatter_ESTest.java,a2b01d73c6e5b61c2384280f29103be64e57d08b83a94c1847eccb4741b6624b,READY,
Cli,8,DeepSeek V4 Flash,org.apache.commons.cli.HelpFormatter,YES,HelpFormatterDeepseekTest.java,404d3d13e21549d4cad3b66e1aa93957c0c0b90e6667afff56fc706d5281a067,READY,
Cli,8,Gemini 3.8 Flash,org.apache.commons.cli.HelpFormatter,YES,HelpFormatterGeminiTest.java,00d13f6b6f8f7ac3e5340e60eceb628ebbb05ecd65818a36057298c0b01d3843,READY,
Cli,9,IPO (Native IPO),org.apache.commons.cli.Parser,NO,,,NO_SUITE,
Cli,9,MIO (EvoSuite SBST),org.apache.commons.cli.Parser,YES,Parser_ESTest.java,424651151556c544cd11114f10632f5d7aa685f256d37e94e6452988b3ae0fd9,READY,
Cli,9,DeepSeek V4 Flash,org.apache.commons.cli.Parser,YES,ParserDeepseekTest.java,e9d8601914ca256b013f6a6f8c85d051e0305cf1b22ce4a952791acb283d2052,READY,
Cli,9,Gemini 3.8 Flash,org.apache.commons.cli.Parser,YES,ParserGeminiTest.java,10c87125d92d90edc77549a43be2786930129bc3653b8396897cb333014b8531,READY,
Cli,10,IPO (Native IPO),org.apache.commons.cli.Parser,NO,,,NO_SUITE,
Cli,10,MIO (EvoSuite SBST),org.apache.commons.cli.Parser,YES,Parser_ESTest.java,0209e2e4f0759260918b7da635282f3b871809484dea14c0474dd20db7abc6e5,READY,
Cli,10,DeepSeek V4 Flash,org.apache.commons.cli.Parser,YES,ParserDeepseekTest.java,3f358ce141a0f9482659d4c5ff2e9912a486ef4f3709bbbd52186a401f0a1274,READY,
Cli,10,Gemini 3.8 Flash,org.apache.commons.cli.Parser,YES,ParserGeminiTest.java,b8ff3895c4350acef9040508545ad40f353b262af3b10a5ddcccb1df1927836f,READY,
Cli,11,IPO (Native IPO),org.apache.commons.cli.HelpFormatter,YES,HelpFormatter_IPOTest.java,073267dc64fd413c0459ff7a9c1f093cd8a589137240b6c93e6c67e9549c383e,READY,
Cli,11,MIO (EvoSuite SBST),org.apache.commons.cli.HelpFormatter,YES,HelpFormatter_ESTest.java,1b2dc11d98827b0c99ea97ede104cb8ac4779f628b764892d0be703d385f14d4,READY,
Cli,11,DeepSeek V4 Flash,org.apache.commons.cli.HelpFormatter,YES,HelpFormatterDeepseekTest.java,e6972ec074761350f63f71d2b031e0b970287fc566f5dca2b47b954a47e0b35d,READY,
Cli,11,Gemini 3.8 Flash,org.apache.commons.cli.HelpFormatter,YES,HelpFormatterGeminiTest.java,7064567bda4adf8a51874864b3b83d118addc8f3b8164fe9c4d4a714633b4f6e,READY,
Cli,12,IPO (Native IPO),org.apache.commons.cli.GnuParser,NO,,,NO_SUITE,
Cli,12,MIO (EvoSuite SBST),org.apache.commons.cli.GnuParser,YES,GnuParser_ESTest.java,f51ef00db5304ba66def230976281f6831f0b02a6e6565b36d503f63fc4108d4,READY,
Cli,12,DeepSeek V4 Flash,org.apache.commons.cli.GnuParser,YES,GnuParserDeepseekTest.java,063c2f49e588197846899b81ec7d75a9278673433cf94fa2eb734a2346f8c9ca,READY,
Cli,12,Gemini 3.8 Flash,org.apache.commons.cli.GnuParser,YES,GnuParserGeminiTest.java,4cc06ebd6a184f507d22f58c0844d252a90ed9acc97423c15d3d5f11166ae300,READY,
Cli,13,IPO (Native IPO),org.apache.commons.cli2.WriteableCommandLine;org.apache.commons.cli2.commandline.WriteableCommandLineImpl;org.apache.commons.cli2.option.ArgumentImpl,NO,,,NO_SUITE,
Cli,13,MIO (EvoSuite SBST),org.apache.commons.cli2.WriteableCommandLine;org.apache.commons.cli2.commandline.WriteableCommandLineImpl;org.apache.commons.cli2.option.ArgumentImpl,YES,ArgumentImpl_ESTest.java;WriteableCommandLineImpl_ESTest.java;WriteableCommandLine_ESTest.java,9383ae220a59c3335ef40367f389a0e0693c4f5ba40659a77e5879107e88b117,READY,
Cli,13,DeepSeek V4 Flash,org.apache.commons.cli2.WriteableCommandLine;org.apache.commons.cli2.commandline.WriteableCommandLineImpl;org.apache.commons.cli2.option.ArgumentImpl,YES,ArgumentImplDeepseekTest.java;WriteableCommandLineDeepseekTest.java;WriteableCommandLineImplDeepseekTest.java,dbc4b62445a77865ae961c5a17992760e6e31398a3e5df6b93ef0c13d030dffe,READY,
Cli,13,Gemini 3.8 Flash,org.apache.commons.cli2.WriteableCommandLine;org.apache.commons.cli2.commandline.WriteableCommandLineImpl;org.apache.commons.cli2.option.ArgumentImpl,YES,ArgumentImplGeminiTest.java;WriteableCommandLineGeminiTest.java;WriteableCommandLineImplGeminiTest.java,5105df75fb9e7aecf661d89c5912bdc756346d5d98b24294b43a16816e54470a,READY,
Cli,14,IPO (Native IPO),org.apache.commons.cli2.option.GroupImpl,YES,GroupImpl_IPOTest.java,bc01bba6c31eca01e461f457d2470ebf17e06b173fa5daf4e631780437c19648,READY,
Cli,14,MIO (EvoSuite SBST),org.apache.commons.cli2.option.GroupImpl,YES,GroupImpl_ESTest.java,203c36817018ccc0597bed6560ab816877e980b492a39232fe01a551575cab7b,READY,
Cli,14,DeepSeek V4 Flash,org.apache.commons.cli2.option.GroupImpl,YES,GroupImplDeepseekTest.java,18081e40c983fee6e7b25899f2ee6a27d29616e1ae340d9393c4c959f92a9ce0,READY,
Cli,14,Gemini 3.8 Flash,org.apache.commons.cli2.option.GroupImpl,YES,GroupImplGeminiTest.java,b0f8613759383f406b3762598ef4291ff1919bc403cd3ff49ef49275d4efacbd,READY,
Cli,15,IPO (Native IPO),org.apache.commons.cli2.commandline.WriteableCommandLineImpl,NO,,,NO_SUITE,
Cli,15,MIO (EvoSuite SBST),org.apache.commons.cli2.commandline.WriteableCommandLineImpl,YES,WriteableCommandLineImpl_ESTest.java,d9c67f5b663be6c8fea533ed8a4b2309a15f0d16aad99c65d0d76340a10aa751,READY,
Cli,15,DeepSeek V4 Flash,org.apache.commons.cli2.commandline.WriteableCommandLineImpl,YES,WriteableCommandLineImplDeepseekTest.java,38b145193edab35fd09e4b549b2137329ea82326887b6a519dd5d3edd9976e75,READY,
Cli,15,Gemini 3.8 Flash,org.apache.commons.cli2.commandline.WriteableCommandLineImpl,YES,WriteableCommandLineImplGeminiTest.java,8a95f38f41ada46e812f3863a0b294ea29bd82ccf982eeb35cdff2178dbcbdd3,READY,
Cli,16,IPO (Native IPO),org.apache.commons.cli2.Option;org.apache.commons.cli2.commandline.WriteableCommandLineImpl;org.apache.commons.cli2.option.GroupImpl;org.apache.commons.cli2.option.OptionImpl,YES,GroupImpl_IPOTest.java,bc01bba6c31eca01e461f457d2470ebf17e06b173fa5daf4e631780437c19648,READY,
Cli,16,MIO (EvoSuite SBST),org.apache.commons.cli2.Option;org.apache.commons.cli2.commandline.WriteableCommandLineImpl;org.apache.commons.cli2.option.GroupImpl;org.apache.commons.cli2.option.OptionImpl,YES,GroupImpl_ESTest.java;OptionImpl_ESTest.java;Option_ESTest.java;WriteableCommandLineImpl_ESTest.java,86ad284da575d576aad3296b09f506a5eae99ac98d1fbf9285454462e854ae9d,READY,
Cli,16,DeepSeek V4 Flash,org.apache.commons.cli2.Option;org.apache.commons.cli2.commandline.WriteableCommandLineImpl;org.apache.commons.cli2.option.GroupImpl;org.apache.commons.cli2.option.OptionImpl,YES,GroupImplDeepseekTest.java;OptionDeepseekTest.java;OptionImplDeepseekTest.java;WriteableCommandLineImplDeepseekTest.java,febe304ae28c1d04d106a0e695583a00f1d393a95d51ecca95a85f9a3bb78fc1,READY,
Cli,16,Gemini 3.8 Flash,org.apache.commons.cli2.Option;org.apache.commons.cli2.commandline.WriteableCommandLineImpl;org.apache.commons.cli2.option.GroupImpl;org.apache.commons.cli2.option.OptionImpl,YES,GroupImplGeminiTest.java;OptionGeminiTest.java;OptionImplGeminiTest.java;WriteableCommandLineImplGeminiTest.java,67f6bae022dc6b7adcbe9e69a3c2e89f996735a50abe1a8dac4a76d1ef3c05a6,READY,
Cli,17,IPO (Native IPO),org.apache.commons.cli.PosixParser,NO,,,NO_SUITE,
Cli,17,MIO (EvoSuite SBST),org.apache.commons.cli.PosixParser,YES,PosixParser_ESTest.java,1a56d11d9375d0f446dbf57032992f17dd6a92b152ae75977db595f3541890e6,READY,
Cli,17,DeepSeek V4 Flash,org.apache.commons.cli.PosixParser,YES,PosixParserDeepseekTest.java,5305a042b926608feb93f3cae727729c0ee929ba30417ea38693d98f6f64116b,READY,
Cli,17,Gemini 3.8 Flash,org.apache.commons.cli.PosixParser,YES,PosixParserGeminiTest.java,6a68b50a9e6361815b674a13ad3a258f4bd7acddc2a18e542bff6c8cef065ac5,READY,
Cli,18,IPO (Native IPO),org.apache.commons.cli.PosixParser,NO,,,NO_SUITE,
Cli,18,MIO (EvoSuite SBST),org.apache.commons.cli.PosixParser,YES,PosixParser_ESTest.java,bc9f866a0d69fcee8d1314078d64df173f0fce95190382ea0e3c6211dd58a7e6,READY,
Cli,18,DeepSeek V4 Flash,org.apache.commons.cli.PosixParser,YES,PosixParserDeepseekTest.java,52405986dc8644ae7c907a1e497762644ca9c3561867688459c8173d4370651d,READY,
Cli,18,Gemini 3.8 Flash,org.apache.commons.cli.PosixParser,YES,PosixParserGeminiTest.java,26c1e435f14bfd49c8a90ff7dee33cf747ef7b573fb3afd4cfae54e55b3ff860,READY,
Cli,19,IPO (Native IPO),org.apache.commons.cli.PosixParser,NO,,,NO_SUITE,
Cli,19,MIO (EvoSuite SBST),org.apache.commons.cli.PosixParser,YES,PosixParser_ESTest.java,19828c14165684d25326ac7d352048e68c79b81730085ec15d6f628665679af9,READY,
Cli,19,DeepSeek V4 Flash,org.apache.commons.cli.PosixParser,YES,PosixParserDeepseekTest.java,2a396ddc799da0437658c5f1e1bc289425d454ab531886e0bbfdc2a9610ecc33,READY,
Cli,19,Gemini 3.8 Flash,org.apache.commons.cli.PosixParser,YES,PosixParserGeminiTest.java,ce6c87891fc5a034a2b2ded44305e9c94de80eb76f5f89341ab54d846091abfc,READY,
Cli,20,IPO (Native IPO),org.apache.commons.cli.PosixParser,NO,,,NO_SUITE,
Cli,20,MIO (EvoSuite SBST),org.apache.commons.cli.PosixParser,YES,PosixParser_ESTest.java,896bf153b72182109a3aed2f50e578b8f6d9b486439a873e199da237c9b8b7a5,READY,
Cli,20,DeepSeek V4 Flash,org.apache.commons.cli.PosixParser,YES,PosixParserDeepseekTest.java,63d7778123b2414792bb0f3b0579fc21f388649472b0b6bcf6c1d80db268af4e,READY,
Cli,20,Gemini 3.8 Flash,org.apache.commons.cli.PosixParser,YES,PosixParserGeminiTest.java,537d84dd28d1df0b727542eb15170e93779f1245ad67b59c45ced41f56ae0b89,READY,
Cli,21,IPO (Native IPO),org.apache.commons.cli2.WriteableCommandLine;org.apache.commons.cli2.commandline.WriteableCommandLineImpl;org.apache.commons.cli2.option.GroupImpl,YES,GroupImpl_IPOTest.java,f9a7ebe30c307cd3a9bb225ad0922662e1bcf9ec649b9e67ad32a72f99baa27c,READY,
Cli,21,MIO (EvoSuite SBST),org.apache.commons.cli2.WriteableCommandLine;org.apache.commons.cli2.commandline.WriteableCommandLineImpl;org.apache.commons.cli2.option.GroupImpl,YES,GroupImpl_ESTest.java;WriteableCommandLineImpl_ESTest.java;WriteableCommandLine_ESTest.java,cc41e6740ee860488d52bd2ce34507c224b81056fe44e456512907fa79c19954,READY,
Cli,21,DeepSeek V4 Flash,org.apache.commons.cli2.WriteableCommandLine;org.apache.commons.cli2.commandline.WriteableCommandLineImpl;org.apache.commons.cli2.option.GroupImpl,YES,GroupImplDeepseekTest.java;WriteableCommandLineDeepseekTest.java;WriteableCommandLineImplDeepseekTest.java,d0dc8d807bf72acc99b19a8312cfed0721f5f860ca77e18f26a9c7d0f00ab3ab,READY,
Cli,21,Gemini 3.8 Flash,org.apache.commons.cli2.WriteableCommandLine;org.apache.commons.cli2.commandline.WriteableCommandLineImpl;org.apache.commons.cli2.option.GroupImpl,YES,GroupImplGeminiTest.java;WriteableCommandLineGeminiTest.java;WriteableCommandLineImplGeminiTest.java,3af45cb3b16ee1cbca3b78e0e75d105dd0fb8d1661f57452818880ebc8f13fee,READY,
Cli,22,IPO (Native IPO),org.apache.commons.cli.PosixParser,NO,,,NO_SUITE,
Cli,22,MIO (EvoSuite SBST),org.apache.commons.cli.PosixParser,YES,PosixParser_ESTest.java;PosixParser_ESTest.java,043e49e400d97dcdef6a14cdc629d1cf7c610c0ee290853558cceca2aeb9ed05,READY,
Cli,22,DeepSeek V4 Flash,org.apache.commons.cli.PosixParser,YES,PosixParserDeepseekTest.java,2643a232e2c93c4d03ae1f4222c58f3b83a3e800254bc89ce40adfbb9083562c,READY,
Cli,22,Gemini 3.8 Flash,org.apache.commons.cli.PosixParser,YES,PosixParserGeminiTest.java,5d063840a18524c0608f8b4c0b2332c47e902dd7ad636216f26b02e1fd765adc,READY,
Cli,23,IPO (Native IPO),org.apache.commons.cli.HelpFormatter,YES,HelpFormatter_IPOTest.java,073267dc64fd413c0459ff7a9c1f093cd8a589137240b6c93e6c67e9549c383e,READY,
Cli,23,MIO (EvoSuite SBST),org.apache.commons.cli.HelpFormatter,YES,HelpFormatter_ESTest.java,e241e6f2176227410cc28a861dfa53705971cdbe313368b9ee9011394c0d5d40,READY,
Cli,23,DeepSeek V4 Flash,org.apache.commons.cli.HelpFormatter,YES,HelpFormatterDeepseekTest.java,266e63c50a5a4ba0855831c953a4ad29868c2dcbd4d8a2e9c78dd3122cd427ef,READY,
Cli,23,Gemini 3.8 Flash,org.apache.commons.cli.HelpFormatter,YES,HelpFormatterGeminiTest.java,42486d27ae874a56b5085dc584f5752ad03b26c2769102a9a7bc3bf2ba1a324c,READY,
Cli,24,IPO (Native IPO),org.apache.commons.cli.HelpFormatter,YES,HelpFormatter_IPOTest.java,188e599c634503162ff55419afa69355db1dabe66dce3b64326af87025335f44,READY,
Cli,24,MIO (EvoSuite SBST),org.apache.commons.cli.HelpFormatter,YES,HelpFormatter_ESTest.java,cae20f0c0c1ffd9fd31f14aa99ae4d3a04e3a882d5ce7f04febafd2d36262e4c,READY,
Cli,24,DeepSeek V4 Flash,org.apache.commons.cli.HelpFormatter,YES,HelpFormatterDeepseekTest.java,2f73a9cb091a24b134c8f3cec74aefdb627336e22b1dc9ed153a806842b3ef74,READY,
Cli,24,Gemini 3.8 Flash,org.apache.commons.cli.HelpFormatter,YES,HelpFormatterGeminiTest.java,a52a9af7281f6ca257e3f0244423f4c2afc6c659b6bbb9fae18f7bb8357e9841,READY,
Cli,25,IPO (Native IPO),org.apache.commons.cli.HelpFormatter,NO,,,NO_SUITE,
Cli,25,MIO (EvoSuite SBST),org.apache.commons.cli.HelpFormatter,YES,HelpFormatter_ESTest.java,9738716b9858b3913b2960085341c9dffdf213f8aa20dfa5354c9c288f758ae7,READY,
Cli,25,DeepSeek V4 Flash,org.apache.commons.cli.HelpFormatter,YES,HelpFormatterDeepseekTest.java,e2b7ac1c685ca53c06f4572bd43192c4630dc705c71b0e4067259edcb4699f6d,READY,
Cli,25,Gemini 3.8 Flash,org.apache.commons.cli.HelpFormatter,YES,HelpFormatterGeminiTest.java,8d28954069a758f2eeac55fa1453d1ad69ac64fe1893f95eef6054e96a893c2a,READY,
Cli,26,IPO (Native IPO),org.apache.commons.cli.OptionBuilder,NO,,,NO_SUITE,
Cli,26,MIO (EvoSuite SBST),org.apache.commons.cli.OptionBuilder,YES,OptionBuilder_ESTest.java,6c996ab7bbb18338b9256e6d6506fdde0a8d1867ba349cd0952e0e99a26345ab,READY,
Cli,26,DeepSeek V4 Flash,org.apache.commons.cli.OptionBuilder,YES,OptionBuilderDeepseekTest.java,a6051d6fec3439fa6001f24ac5cf7f3eada6e35005bfacb77e4e53fb18bff869,READY,
Cli,26,Gemini 3.8 Flash,org.apache.commons.cli.OptionBuilder,YES,OptionBuilderGeminiTest.java,db29e8be8b4eb157c8a058b726c99309b2b4b74b21e6e1c8cc09891c264ac512,READY,
Cli,27,IPO (Native IPO),org.apache.commons.cli.OptionGroup,NO,,,NO_SUITE,
Cli,27,MIO (EvoSuite SBST),org.apache.commons.cli.OptionGroup,YES,OptionGroup_ESTest.java,2a4c04f98cfa5b57cb0d9adb7238440441d0d18661f666b176beed665c8e977e,READY,
Cli,27,DeepSeek V4 Flash,org.apache.commons.cli.OptionGroup,YES,OptionGroupDeepseekTest.java,1b0decbbb6a5fae3e5aac6de19cb6cf72500942e926455e6eac1773e91e40b40,READY,
Cli,27,Gemini 3.8 Flash,org.apache.commons.cli.OptionGroup,YES,OptionGroupGeminiTest.java,5bfff75dc02d72e80a19018a3501e62c2e584b8ae880172b58eba67f29751001,READY,
Cli,28,IPO (Native IPO),org.apache.commons.cli.Parser,NO,,,NO_SUITE,
Cli,28,MIO (EvoSuite SBST),org.apache.commons.cli.Parser,YES,Parser_ESTest.java,58a7cd165f79b09ee5e6b46ed8e141855566d1e22ebded2bc704d891a5a9deb3,READY,
Cli,28,DeepSeek V4 Flash,org.apache.commons.cli.Parser,YES,ParserDeepseekTest.java,c21ac32981c5744b9f777a9405d02798c6ca40f0763ef02237c078d232dc4e7d,READY,
Cli,28,Gemini 3.8 Flash,org.apache.commons.cli.Parser,YES,ParserGeminiTest.java,ace00b119d11f9e2a433582d8d0c6d6c2884c9cdbf41046b85cce9826a2132d2,READY,
Cli,29,IPO (Native IPO),org.apache.commons.cli.Util,NO,,,NO_SUITE,
Cli,29,MIO (EvoSuite SBST),org.apache.commons.cli.Util,YES,Util_ESTest.java,69d040f1df395eb4cf205d7534db48a77748da8641ba621f3bba3c6089737000,READY,
Cli,29,DeepSeek V4 Flash,org.apache.commons.cli.Util,YES,UtilDeepseekTest.java,0b881344d7be26039e8f2602bf82f4de6badede2903bc7e33acb4c3924dff4ea,READY,
Cli,29,Gemini 3.8 Flash,org.apache.commons.cli.Util,YES,UtilGeminiTest.java,348910326748de95c48d5bc5b60ca7567f25277f3252a6d0ad9ed96a99b4f390,READY,
Cli,30,IPO (Native IPO),org.apache.commons.cli.DefaultParser;org.apache.commons.cli.Parser,NO,,,NO_SUITE,
Cli,30,MIO (EvoSuite SBST),org.apache.commons.cli.DefaultParser;org.apache.commons.cli.Parser,YES,DefaultParser_ESTest.java;Parser_ESTest.java;Parser_ESTest.java,184473d46a592f3e669c150bc2a26608e81a655551ffeec45320ff496532dc39,READY,
Cli,30,DeepSeek V4 Flash,org.apache.commons.cli.DefaultParser;org.apache.commons.cli.Parser,YES,DefaultParserDeepseekTest.java;ParserDeepseekTest.java,a35ec54a562640477ec4a732a0333924fc48af069e7e029041eb79151689b69f,READY,
Cli,30,Gemini 3.8 Flash,org.apache.commons.cli.DefaultParser;org.apache.commons.cli.Parser,YES,DefaultParserGeminiTest.java;ParserGeminiTest.java,3a35aa8ba5fee9975d1207872dcb94297a915e3dcf3e4203da4994588d7a05e8,READY,
Cli,31,IPO (Native IPO),org.apache.commons.cli.HelpFormatter;org.apache.commons.cli.Option;org.apache.commons.cli.OptionBuilder,YES,Option_IPOTest.java,44b5143f70ffe3d0f5e6b654d9d18e362ab68ddd400fdb4695baa3fb57a734da,READY,
Cli,31,MIO (EvoSuite SBST),org.apache.commons.cli.HelpFormatter;org.apache.commons.cli.Option;org.apache.commons.cli.OptionBuilder,YES,HelpFormatter_ESTest.java;OptionBuilder_ESTest.java;Option_ESTest.java,84e99665e29de49500ecc8ce83deae85b7e7acc5abd68ba1a01fe68cb15121dc,READY,
Cli,31,DeepSeek V4 Flash,org.apache.commons.cli.HelpFormatter;org.apache.commons.cli.Option;org.apache.commons.cli.OptionBuilder,YES,HelpFormatterDeepseekTest.java;OptionBuilderDeepseekTest.java;OptionDeepseekTest.java,e09d03fd42d4e18010eed600d45208efd3ea506a41a03c20c8470d09da0ddfc4,READY,
Cli,31,Gemini 3.8 Flash,org.apache.commons.cli.HelpFormatter;org.apache.commons.cli.Option;org.apache.commons.cli.OptionBuilder,YES,HelpFormatterGeminiTest.java;OptionBuilderGeminiTest.java;OptionGeminiTest.java,9278d6aa3d6e98bed1e2e9554d539885671ccccf49968b1e17d03b73c79766c7,READY,
Cli,32,IPO (Native IPO),org.apache.commons.cli.HelpFormatter,YES,HelpFormatter_IPOTest.java,c2d274163281786ee32b221d6e98b45e61ee584ac5d6743b8397c1254d2d8c3e,READY,
Cli,32,MIO (EvoSuite SBST),org.apache.commons.cli.HelpFormatter,YES,HelpFormatter_ESTest.java,33c3fbaa2957916fbf3637aeefd24abe4ecb8097f472721c8d6f7ac32c8e4d46,READY,
Cli,32,DeepSeek V4 Flash,org.apache.commons.cli.HelpFormatter,YES,HelpFormatterDeepseekTest.java,5e8fe655c9dc83f6c65b7815f14904d23d29334cde2468717d9ae3d993c48893,READY,
Cli,32,Gemini 3.8 Flash,org.apache.commons.cli.HelpFormatter,YES,HelpFormatterGeminiTest.java,5057737b5a957629199311e3c039434ae678f39df79ee17653ff76a38d4cabdc,READY,
Cli,33,IPO (Native IPO),org.apache.commons.cli.HelpFormatter,YES,HelpFormatter_IPOTest.java,c2d274163281786ee32b221d6e98b45e61ee584ac5d6743b8397c1254d2d8c3e,READY,
Cli,33,MIO (EvoSuite SBST),org.apache.commons.cli.HelpFormatter,YES,HelpFormatter_ESTest.java,a33d26cb3983b1ac4d077a0682dafc6362f0e8544e964cb17e6540f31e9ee411,READY,
Cli,33,DeepSeek V4 Flash,org.apache.commons.cli.HelpFormatter,YES,HelpFormatterDeepseekTest.java,936df6dbc4c4ce19a29cdc6585f55aa738957e50948fa69115f53cc90eb1d275,READY,
Cli,33,Gemini 3.8 Flash,org.apache.commons.cli.HelpFormatter,YES,HelpFormatterGeminiTest.java,587854f2cf29d1c883cd6c3ce35c9abfb2523fcaa252b446d6adab53070ee4d5,READY,
Cli,34,IPO (Native IPO),org.apache.commons.cli.Option;org.apache.commons.cli.OptionBuilder,YES,Option_IPOTest.java,115f71b7f8d7b5319dc94a109f45f079cb17504bd747372476e0e3815f67d84f,READY,
Cli,34,MIO (EvoSuite SBST),org.apache.commons.cli.Option;org.apache.commons.cli.OptionBuilder,YES,OptionBuilder_ESTest.java;Option_ESTest.java,5d8cc8496ec7a1d11bb7ce880309bca95eaeb9d60d00a6889a17b9aeb2dbb9b5,READY,
Cli,34,DeepSeek V4 Flash,org.apache.commons.cli.Option;org.apache.commons.cli.OptionBuilder,YES,OptionBuilderDeepseekTest.java;OptionDeepseekTest.java,cd90748c261d6580e4dd4cc9fed93521d63db413c02ba11994419e61dd3b36d8,READY,
Cli,34,Gemini 3.8 Flash,org.apache.commons.cli.Option;org.apache.commons.cli.OptionBuilder,YES,OptionBuilderGeminiTest.java;OptionGeminiTest.java,3545fa4651864466d139ad408f202667361f6f9d8ed87114ea75785cd72e175d,READY,
Cli,35,IPO (Native IPO),org.apache.commons.cli.Options,NO,,,NO_SUITE,
Cli,35,MIO (EvoSuite SBST),org.apache.commons.cli.Options,YES,Options_ESTest.java,a23794fedfd3ea493dcdcd590217cec94a0389adb1effb0d9161cb9cecd09b7e,READY,
Cli,35,DeepSeek V4 Flash,org.apache.commons.cli.Options,YES,OptionsDeepseekTest.java,a1ee71a1e7125d0f66807d6b1dafafa1735a457038380584c9c32965970bd5b8,READY,
Cli,35,Gemini 3.8 Flash,org.apache.commons.cli.Options,YES,OptionsGeminiTest.java,d4e5168749d5ee3faa728e5bee0571712624e0b4db9a520d5f88e9164f950841,READY,
Cli,36,IPO (Native IPO),org.apache.commons.cli.OptionGroup;org.apache.commons.cli.Options,NO,,,NO_SUITE,
Cli,36,MIO (EvoSuite SBST),org.apache.commons.cli.OptionGroup;org.apache.commons.cli.Options,YES,OptionGroup_ESTest.java;Options_ESTest.java,28c3b599c1d7e13c3d51fa2a5df80d9d53743042ae9494f53b79c7e00e824b8a,READY,
Cli,36,DeepSeek V4 Flash,org.apache.commons.cli.OptionGroup;org.apache.commons.cli.Options,YES,OptionGroupDeepseekTest.java;OptionsDeepseekTest.java,51016df2e5e4bc1a92395b32c498e06c618debbc587076664074100f0df868e5,READY,
Cli,36,Gemini 3.8 Flash,org.apache.commons.cli.OptionGroup;org.apache.commons.cli.Options,YES,OptionGroupGeminiTest.java;OptionsGeminiTest.java,b71f9493cc23875b89babec235429d652b3cdcc8cc812866249e001928a057e1,READY,
Cli,37,IPO (Native IPO),org.apache.commons.cli.DefaultParser,NO,,,NO_SUITE,
Cli,37,MIO (EvoSuite SBST),org.apache.commons.cli.DefaultParser,YES,DefaultParser_ESTest.java,d097b6a4801212e4574061dd326df4e68f4a1ce96a238d695d3adbc05b191494,READY,
Cli,37,DeepSeek V4 Flash,org.apache.commons.cli.DefaultParser,YES,DefaultParserDeepseekTest.java,43f8220bcb95a28acb85a67218e2bda01b189db894a1a41a51d88fd8bad923c3,READY,
Cli,37,Gemini 3.8 Flash,org.apache.commons.cli.DefaultParser,YES,DefaultParserGeminiTest.java,ac33e5b3bec390dc5d49b4c5001fadce3a34e55d64cc53479663927ffb130b59,READY,
Cli,38,IPO (Native IPO),org.apache.commons.cli.DefaultParser,NO,,,NO_SUITE,
Cli,38,MIO (EvoSuite SBST),org.apache.commons.cli.DefaultParser,YES,DefaultParser_ESTest.java,385f72979efc991a12f8bbaaf662093d00d612909b3797469dc8d742cdae1fbf,READY,
Cli,38,DeepSeek V4 Flash,org.apache.commons.cli.DefaultParser,YES,DefaultParserDeepseekTest.java,a48e84d9563156c5915519491c5907d78d9ae706b6d2fc4537058d1cc818acd8,READY,
Cli,38,Gemini 3.8 Flash,org.apache.commons.cli.DefaultParser,YES,DefaultParserGeminiTest.java,c5fa3468ab960a659c8734b95301940d2ae2859566da9e44b60d68c23f41a36a,READY,
Cli,39,IPO (Native IPO),org.apache.commons.cli.TypeHandler,NO,,,NO_SUITE,
Cli,39,MIO (EvoSuite SBST),org.apache.commons.cli.TypeHandler,YES,TypeHandler_ESTest.java,577beb1d4567ae146d8d0d858941d784cc73294ec60130adb359225c35b46667,READY,
Cli,39,DeepSeek V4 Flash,org.apache.commons.cli.TypeHandler,YES,TypeHandlerDeepseekTest.java,291af84a686051b085b6b779c4ffa2f486ecd8ba9fe7cc3d945913d05b4b39a3,READY,
Cli,39,Gemini 3.8 Flash,org.apache.commons.cli.TypeHandler,YES,TypeHandlerGeminiTest.java,24e589f8b26c7dffdb258eb275ab5b48f3fd4dd728e09bd48b8db829688c54de,READY,
Cli,40,IPO (Native IPO),org.apache.commons.cli.TypeHandler,NO,,,NO_SUITE,
Cli,40,MIO (EvoSuite SBST),org.apache.commons.cli.TypeHandler,YES,TypeHandler_ESTest.java,30b60bffc66f75b53123833103bbf22bcc0988d0b22e8e23a95f28ed1353c87f,READY,
Cli,40,DeepSeek V4 Flash,org.apache.commons.cli.TypeHandler,YES,TypeHandlerDeepseekTest.java,7da794be2fff14ff0bb8926d21e344d2bb657329021b7138cf058ff1e1f4223a,READY,
Cli,40,Gemini 3.8 Flash,org.apache.commons.cli.TypeHandler,YES,TypeHandlerGeminiTest.java,e7532594a96bfd58f9496e84af02d2086600cc909fd0359b756cbba4c8984b7b,READY,
Closure,1,IPO (Native IPO),com.google.javascript.jscomp.RemoveUnusedVars,NO,,,NO_SUITE,
Closure,1,MIO (EvoSuite SBST),com.google.javascript.jscomp.RemoveUnusedVars,YES,RemoveUnusedVars_ESTest.java,ef9b5489da95a385ad667984abf19795af44c14ab0aa61666a9a558d1a52839b,READY,
Closure,1,DeepSeek V4 Flash,com.google.javascript.jscomp.RemoveUnusedVars,YES,RemoveUnusedVarsDeepseekTest.java,952d10a724b9155a40ba6135e74baa39e8bd1a5b5f7ab0930870421709600148,READY,
Closure,1,Gemini 3.8 Flash,com.google.javascript.jscomp.RemoveUnusedVars,YES,RemoveUnusedVarsGeminiTest.java,96a020784f8d83ea26400958e5ee664c6ad69580346f8ea6542fe2528da79906,READY,
Closure,2,IPO (Native IPO),com.google.javascript.jscomp.TypeCheck,NO,,,NO_SUITE,
Closure,2,MIO (EvoSuite SBST),com.google.javascript.jscomp.TypeCheck,YES,TypeCheck_ESTest.java,1ec0984cb79a577eca655c2563c22425c8026afe87951034b9d71ba55734d157,READY,
Closure,2,DeepSeek V4 Flash,com.google.javascript.jscomp.TypeCheck,YES,TypeCheckDeepseekTest.java,1fcc231b58ec198e44fe27aa5e1ffa11d861225aa5093a3bf607939b08faf1cd,READY,
Closure,2,Gemini 3.8 Flash,com.google.javascript.jscomp.TypeCheck,YES,TypeCheckGeminiTest.java,f8578a777a6240202709d926cf468425fff9ec185b8dcee59f7ef4f5893303ec,READY,
Closure,3,IPO (Native IPO),com.google.javascript.jscomp.FlowSensitiveInlineVariables,NO,,,NO_SUITE,
Closure,3,MIO (EvoSuite SBST),com.google.javascript.jscomp.FlowSensitiveInlineVariables,YES,FlowSensitiveInlineVariables_ESTest.java,01b308c1f12a66d824a8dc602017248a130ec43ccc77d5837fdd8af5b5d85c16,READY,
Closure,3,DeepSeek V4 Flash,com.google.javascript.jscomp.FlowSensitiveInlineVariables,YES,FlowSensitiveInlineVariablesDeepseekTest.java,f1c51245039500cebde6e589db1fba3bd82a687598d87fcad9bb871f9e0843e0,READY,
Closure,3,Gemini 3.8 Flash,com.google.javascript.jscomp.FlowSensitiveInlineVariables,YES,FlowSensitiveInlineVariablesGeminiTest.java,59f4987bd59689518c67316ef14586ade162ef4dd507d264ebc9fed24e5636c7,READY,
Closure,4,IPO (Native IPO),com.google.javascript.rhino.jstype.NamedType,NO,,,NO_SUITE,
Closure,4,MIO (EvoSuite SBST),com.google.javascript.rhino.jstype.NamedType,YES,NamedType_ESTest.java,69c7bf2f922f128a9bfb1448c87eaeb5dd63ee4cce3717af565f6831d27fab95,READY,
Closure,4,DeepSeek V4 Flash,com.google.javascript.rhino.jstype.NamedType,YES,NamedTypeDeepseekTest.java,7750f39ef36ff1cd497c58dc34605b9458e5b1d92c2ce3b878656612ad06bac3,READY,
Closure,4,Gemini 3.8 Flash,com.google.javascript.rhino.jstype.NamedType,YES,NamedTypeGeminiTest.java,b7e53377d092332df11710fa294e18b91b66c7e6137b9c4fd46c0349bcaeb145,READY,
Closure,5,IPO (Native IPO),com.google.javascript.jscomp.InlineObjectLiterals,NO,,,NO_SUITE,
Closure,5,MIO (EvoSuite SBST),com.google.javascript.jscomp.InlineObjectLiterals,YES,InlineObjectLiterals_ESTest.java,badc8a75b2a8893c23e7543146ca52e97c84a915a9b9b7ed3053ba60f2c6e6d8,READY,
Closure,5,DeepSeek V4 Flash,com.google.javascript.jscomp.InlineObjectLiterals,YES,InlineObjectLiteralsDeepseekTest.java,5b9394c327e77316b6b842748fb46721dea4c2cbe12424f8b13a2bd9eaaf8c2d,READY,
Closure,5,Gemini 3.8 Flash,com.google.javascript.jscomp.InlineObjectLiterals,YES,InlineObjectLiteralsGeminiTest.java,c46e726281302f1ebee4a82bf6dd2447a83cfa17ec51e08c9dd70451f5ca1c7b,READY,
Closure,6,IPO (Native IPO),com.google.javascript.jscomp.TypeValidator,NO,,,NO_SUITE,
Closure,6,MIO (EvoSuite SBST),com.google.javascript.jscomp.TypeValidator,YES,TypeValidator_ESTest.java,927949b875e48e3d20ca1a62799c822a423ce7b4e9a5037271e371dba152cfde,READY,
Closure,6,DeepSeek V4 Flash,com.google.javascript.jscomp.TypeValidator,YES,TypeValidatorDeepseekTest.java,6e4aeeeb8f0c813d55d24732ea16117b60b85050b08e4e547d5486b5ce671aa6,READY,
Closure,6,Gemini 3.8 Flash,com.google.javascript.jscomp.TypeValidator,YES,TypeValidatorGeminiTest.java,5ebd067bec39efa7a7b57fbe4177f3265a9138a998c98a2e46da543bd9925a3b,READY,
Closure,7,IPO (Native IPO),com.google.javascript.jscomp.type.ChainableReverseAbstractInterpreter,NO,,,NO_SUITE,
Closure,7,MIO (EvoSuite SBST),com.google.javascript.jscomp.type.ChainableReverseAbstractInterpreter,YES,ChainableReverseAbstractInterpreter_ESTest.java,cc57e1f4b14b847a70f719b9a04753293cae3f7fef3aacef8b3eee882a15bdc1,READY,
Closure,7,DeepSeek V4 Flash,com.google.javascript.jscomp.type.ChainableReverseAbstractInterpreter,YES,ChainableReverseAbstractInterpreterDeepseekTest.java,65530768161537afb1a270abd9670a4e8c8230043b0c41431e0f5297d171ec1e,READY,
Closure,7,Gemini 3.8 Flash,com.google.javascript.jscomp.type.ChainableReverseAbstractInterpreter,YES,ChainableReverseAbstractInterpreterGeminiTest.java,e6eabd2482aa7a8460800aa1c345810569393570ad88b9e37525ceb5b6b8c307,READY,
Closure,8,IPO (Native IPO),com.google.javascript.jscomp.CollapseVariableDeclarations,NO,,,NO_SUITE,
Closure,8,MIO (EvoSuite SBST),com.google.javascript.jscomp.CollapseVariableDeclarations,YES,CollapseVariableDeclarations_ESTest.java,76d0116da0bbb81cba972867fcae2c3b190342e1f2a13a70abcb2f01aa2b95bf,READY,
Closure,8,DeepSeek V4 Flash,com.google.javascript.jscomp.CollapseVariableDeclarations,YES,CollapseVariableDeclarationsDeepseekTest.java,6d8abde5a17aeee90b8dfcc21a2cde174d37bc3e64829597f16579e2cc1e52ad,READY,
Closure,8,Gemini 3.8 Flash,com.google.javascript.jscomp.CollapseVariableDeclarations,YES,CollapseVariableDeclarationsGeminiTest.java,6cc93e0a1358c4d9905e1ff8f5dd09cf1a1e12b756e0e76b4690722464891f91,READY,
Closure,9,IPO (Native IPO),com.google.javascript.jscomp.ProcessCommonJSModules,YES,ProcessCommonJSModules_IPOTest.java,6d55aca96e503711f243236addf1ce891d40d536c443d0343bae7b3e11ab8108,READY,
Closure,9,MIO (EvoSuite SBST),com.google.javascript.jscomp.ProcessCommonJSModules,YES,ProcessCommonJSModules_ESTest.java,f23d9280ad1f235865b035f1ed72a527e2a802a960886948e309fb261f8d5ea0,READY,
Closure,9,DeepSeek V4 Flash,com.google.javascript.jscomp.ProcessCommonJSModules,YES,ProcessCommonJSModulesDeepseekTest.java,00ac55e2e4dcf6f2a474254e23836879dc2c23e90966552bfdbdc649fc891e2a,READY,
Closure,9,Gemini 3.8 Flash,com.google.javascript.jscomp.ProcessCommonJSModules,YES,ProcessCommonJSModulesGeminiTest.java,ddbe1a54be4976efbd99060ec1d706dafffc8b5e678795f97a49cd6894c361e3,READY,
Closure,10,IPO (Native IPO),com.google.javascript.jscomp.NodeUtil,NO,,,NO_SUITE,
Closure,10,MIO (EvoSuite SBST),com.google.javascript.jscomp.NodeUtil,YES,NodeUtil_ESTest.java,81c420872851795d1d4f90b610c14bb07f7a6bc3f7311551d0ed3cd8ab033844,READY,
Closure,10,DeepSeek V4 Flash,com.google.javascript.jscomp.NodeUtil,YES,NodeUtilDeepseekTest.java,d7eade8a6892e0daeaae9bf29007272880e59a1fa958e122ca02ad0d12beeaa4,READY,
Closure,10,Gemini 3.8 Flash,com.google.javascript.jscomp.NodeUtil,YES,NodeUtilGeminiTest.java,f8f3b0a131e20314009de7aac774739d7c77c2df0e739d16b9835ee017985ef5,READY,
Closure,11,IPO (Native IPO),com.google.javascript.jscomp.TypeCheck,NO,,,NO_SUITE,
Closure,11,MIO (EvoSuite SBST),com.google.javascript.jscomp.TypeCheck,YES,TypeCheck_ESTest.java,34f2cfb99836793a49ee21cd99683c26395abbf94edaaa2e611c0882bd9e11ca,READY,
Closure,11,DeepSeek V4 Flash,com.google.javascript.jscomp.TypeCheck,YES,TypeCheckDeepseekTest.java,030c2d35c8bed3a8f9bd13a1a1a6538b89f83a445214479bab1a2e6923d293a9,READY,
Closure,11,Gemini 3.8 Flash,com.google.javascript.jscomp.TypeCheck,YES,TypeCheckGeminiTest.java,91ee11e1f862a2606da8685e98f5c0c4ca73847ce64bc17153cafc3f45f6ea8d,READY,
Closure,12,IPO (Native IPO),com.google.javascript.jscomp.MaybeReachingVariableUse,NO,,,NO_SUITE,
Closure,12,MIO (EvoSuite SBST),com.google.javascript.jscomp.MaybeReachingVariableUse,YES,MaybeReachingVariableUse_ESTest.java,ba75f9acd6a2c9a7056a3d7837b3d8ec87b8418ab0bdf62bb1879c9c7635c160,READY,
Closure,12,DeepSeek V4 Flash,com.google.javascript.jscomp.MaybeReachingVariableUse,YES,MaybeReachingVariableUseDeepseekTest.java,764ae2f2b2d179c3aa7c7757ed8b82146f59db42be23136b2f33463f262b0089,READY,
Closure,12,Gemini 3.8 Flash,com.google.javascript.jscomp.MaybeReachingVariableUse,YES,MaybeReachingVariableUseGeminiTest.java,de0c658e855fce0ed616f867e673d3fe09cfad2f43ee8c150c54fc3aa89133e8,READY,
Closure,13,IPO (Native IPO),com.google.javascript.jscomp.PeepholeOptimizationsPass,NO,,,NO_SUITE,
Closure,13,MIO (EvoSuite SBST),com.google.javascript.jscomp.PeepholeOptimizationsPass,YES,PeepholeOptimizationsPass_ESTest.java,af927df3221e34eb369a6e5c41e36e751271f5210c72879024cd18e27f177436,READY,
Closure,13,DeepSeek V4 Flash,com.google.javascript.jscomp.PeepholeOptimizationsPass,YES,PeepholeOptimizationsPassDeepseekTest.java,e92530642b72efdec5de1ac879b514626c22a20c074909bbcc1a44a1fc9cacc2,READY,
Closure,13,Gemini 3.8 Flash,com.google.javascript.jscomp.PeepholeOptimizationsPass,YES,PeepholeOptimizationsPassGeminiTest.java,6a53101cf9574c053a9c43d8da1a09a8415e9075d6c803eb19bda1d69abd56c4,READY,
Closure,14,IPO (Native IPO),com.google.javascript.jscomp.ControlFlowAnalysis,NO,,,NO_SUITE,
Closure,14,MIO (EvoSuite SBST),com.google.javascript.jscomp.ControlFlowAnalysis,YES,ControlFlowAnalysis_ESTest.java,3d7c8acb40d06ebc32249ca7b3ea796c2f0de8002fec0acc886d64005a0bf1f2,READY,
Closure,14,DeepSeek V4 Flash,com.google.javascript.jscomp.ControlFlowAnalysis,YES,ControlFlowAnalysisDeepseekTest.java,3e2b5eeb86f244946652c672b8c27af5b2ad4d2f54fa72cf91f42fba81d95fd5,READY,
Closure,14,Gemini 3.8 Flash,com.google.javascript.jscomp.ControlFlowAnalysis,YES,ControlFlowAnalysisGeminiTest.java,0b2191b6a1bc34bbe2fbe3bc111d15917acc9b24ca7354701c9feca73d23e8d7,READY,
Closure,15,IPO (Native IPO),com.google.javascript.jscomp.FlowSensitiveInlineVariables,NO,,,NO_SUITE,
Closure,15,MIO (EvoSuite SBST),com.google.javascript.jscomp.FlowSensitiveInlineVariables,YES,FlowSensitiveInlineVariables_ESTest.java,cb3812dfae9151b0bf7f79ecce21474cb9f342a67c4e52ad2cb1219a12edc4b6,READY,
Closure,15,DeepSeek V4 Flash,com.google.javascript.jscomp.FlowSensitiveInlineVariables,YES,FlowSensitiveInlineVariablesDeepseekTest.java,611fca7d4be92b1491e8846d028020b5377afc079b4dedbf38cb1e11f3a3afc3,READY,
Closure,15,Gemini 3.8 Flash,com.google.javascript.jscomp.FlowSensitiveInlineVariables,YES,FlowSensitiveInlineVariablesGeminiTest.java,6638ab913e75562802c8bd15317b3198e10f1632363689e927da205c09147f8b,READY,
Closure,16,IPO (Native IPO),com.google.javascript.jscomp.ScopedAliases,NO,,,NO_SUITE,
Closure,16,MIO (EvoSuite SBST),com.google.javascript.jscomp.ScopedAliases,YES,ScopedAliases_ESTest.java,b5160d508a7884c9f266c4b038ce6b4e8240d167556edca5d1ed6f89794347f5,READY,
Closure,16,DeepSeek V4 Flash,com.google.javascript.jscomp.ScopedAliases,YES,ScopedAliasesDeepseekTest.java,5d600c8dc2be79c4e005acb5924efbee16cab3013b1d4a8df933cc3b7fa9c3aa,READY,
Closure,16,Gemini 3.8 Flash,com.google.javascript.jscomp.ScopedAliases,YES,ScopedAliasesGeminiTest.java,e20993078d1c59cc8b1b55f811a3f8e7512e7058b88aa438a5895c1247386b40,READY,
Closure,17,IPO (Native IPO),com.google.javascript.jscomp.TypedScopeCreator,NO,,,NO_SUITE,
Closure,17,MIO (EvoSuite SBST),com.google.javascript.jscomp.TypedScopeCreator,YES,TypedScopeCreator_ESTest.java,f4cab09ef52a05ba4a4fc05d842a89b2a0d0179664264e83548cbbeb2fa61094,READY,
Closure,17,DeepSeek V4 Flash,com.google.javascript.jscomp.TypedScopeCreator,YES,TypedScopeCreatorDeepseekTest.java,e0efedb639da157484e4ca04f3641619f727c562cbd735a97a4e43ed9a73534b,READY,
Closure,17,Gemini 3.8 Flash,com.google.javascript.jscomp.TypedScopeCreator,YES,TypedScopeCreatorGeminiTest.java,3b97939240150d487c091e96b2d49ef9cb42f30cde62de78ad6c2a86853cdf20,READY,
Closure,18,IPO (Native IPO),com.google.javascript.jscomp.Compiler,YES,Compiler_IPOTest.java,32cd942c7cfa0be62c433bec91b2afa9c590c5f1ee33054a8c37a62ec5fa6286,READY,
Closure,18,MIO (EvoSuite SBST),com.google.javascript.jscomp.Compiler,YES,Compiler_ESTest.java,3b1bd16f3d5c462f5a6435540af4f51d6fd47c5291a51fb0d74929c60e3e9ba7,READY,
Closure,18,DeepSeek V4 Flash,com.google.javascript.jscomp.Compiler,NO,,,NO_SUITE,
Closure,18,Gemini 3.8 Flash,com.google.javascript.jscomp.Compiler,YES,CompilerGeminiTest.java,d2f911486b537b16822c761b1f91804b31dfe353d2a7c0463cd549b837c8e96a,READY,
Closure,19,IPO (Native IPO),com.google.javascript.jscomp.type.ChainableReverseAbstractInterpreter,NO,,,NO_SUITE,
Closure,19,MIO (EvoSuite SBST),com.google.javascript.jscomp.type.ChainableReverseAbstractInterpreter,YES,ChainableReverseAbstractInterpreter_ESTest.java,ab8edbebe52b38c947927e584d437cfd6fb23d6d943c17b976e7e072bdc2290b,READY,
Closure,19,DeepSeek V4 Flash,com.google.javascript.jscomp.type.ChainableReverseAbstractInterpreter,YES,ChainableReverseAbstractInterpreterDeepseekTest.java,199dd5911c66f893207b04c00ffa3842edf5db4f3e66cfb658007c2b640e9ec5,READY,
Closure,19,Gemini 3.8 Flash,com.google.javascript.jscomp.type.ChainableReverseAbstractInterpreter,YES,ChainableReverseAbstractInterpreterGeminiTest.java,18bcb30d51935743ec7afdaae272b732a9ddb3f7d2ab88509fdc34fca641972e,READY,
Closure,20,IPO (Native IPO),com.google.javascript.jscomp.PeepholeSubstituteAlternateSyntax,NO,,,NO_SUITE,
Closure,20,MIO (EvoSuite SBST),com.google.javascript.jscomp.PeepholeSubstituteAlternateSyntax,YES,PeepholeSubstituteAlternateSyntax_ESTest.java,b154309667a427e576d28b396e1893b1d9588d8decff33483c8f4ab349940868,READY,
Closure,20,DeepSeek V4 Flash,com.google.javascript.jscomp.PeepholeSubstituteAlternateSyntax,YES,PeepholeSubstituteAlternateSyntaxDeepseekTest.java,b5a577d014bc1d4910b515341699b4262f10116813c647a5449fb84a7b81cd58,READY,
Closure,20,Gemini 3.8 Flash,com.google.javascript.jscomp.PeepholeSubstituteAlternateSyntax,YES,PeepholeSubstituteAlternateSyntaxGeminiTest.java,938f7c908cc78da7973c517c3976a000e12a7937dccc04b032a1ea39f38fbf9b,READY,
Closure,21,IPO (Native IPO),com.google.javascript.jscomp.CheckSideEffects,NO,,,NO_SUITE,
Closure,21,MIO (EvoSuite SBST),com.google.javascript.jscomp.CheckSideEffects,YES,CheckSideEffects_ESTest.java,d08cdc22a0dd2ee7336c1b3a1475ea5b36692798993381f66434366d9ca1e47f,READY,
Closure,21,DeepSeek V4 Flash,com.google.javascript.jscomp.CheckSideEffects,YES,CheckSideEffectsDeepseekTest.java,f56b06797307e7d22643614f9f56424a54c5b59e2b788694b3a829ab06224fe8,READY,
Closure,21,Gemini 3.8 Flash,com.google.javascript.jscomp.CheckSideEffects,YES,CheckSideEffectsGeminiTest.java,edc812756cd7c8f997e4ba6c6c3dda92a4b39f9a39e0cd5ce9a2299ffa1a4870,READY,
Closure,22,IPO (Native IPO),com.google.javascript.jscomp.CheckSideEffects,NO,,,NO_SUITE,
Closure,22,MIO (EvoSuite SBST),com.google.javascript.jscomp.CheckSideEffects,YES,CheckSideEffects_ESTest.java,0825994ba8084b4084c015d999449ddd6e1d6ceec4b0cf98e2b22f03a32aaebe,READY,
Closure,22,DeepSeek V4 Flash,com.google.javascript.jscomp.CheckSideEffects,NO,,,NO_SUITE,
Closure,22,Gemini 3.8 Flash,com.google.javascript.jscomp.CheckSideEffects,YES,CheckSideEffectsGeminiTest.java,de31a7ee565e2294aa01b6f4ed563cedde1df0988d9252d15fd7bb4d7640fe81,READY,
Closure,23,IPO (Native IPO),com.google.javascript.jscomp.PeepholeFoldConstants,NO,,,NO_SUITE,
Closure,23,MIO (EvoSuite SBST),com.google.javascript.jscomp.PeepholeFoldConstants,YES,PeepholeFoldConstants_ESTest.java,1f644e3b5c68ae045b1719fb8a260041ffcc3ac06ed432adcb88d1fb04ef1566,READY,
Closure,23,DeepSeek V4 Flash,com.google.javascript.jscomp.PeepholeFoldConstants,YES,PeepholeFoldConstantsDeepseekTest.java,19c5dc9abec32f179dc26e4a825775e48805aff1c9f93af66767b33d2ca905a6,READY,
Closure,23,Gemini 3.8 Flash,com.google.javascript.jscomp.PeepholeFoldConstants,YES,PeepholeFoldConstantsGeminiTest.java,80b2f1228f44f1149bc07e3e17628c4603c1d4e2c46fc9c6f69c7f27dc4bd00b,READY,
Closure,24,IPO (Native IPO),com.google.javascript.jscomp.ScopedAliases,NO,,,NO_SUITE,
Closure,24,MIO (EvoSuite SBST),com.google.javascript.jscomp.ScopedAliases,YES,ScopedAliases_ESTest.java,f763bb30b9683412cb3a046b3d04e4fafb7d26f018056fb6acfcc6a96858eaa9,READY,
Closure,24,DeepSeek V4 Flash,com.google.javascript.jscomp.ScopedAliases,YES,ScopedAliasesDeepseekTest.java,90e16997b905850249bae4f9265bb3e545132392cb08ed5e0d09136fb23e0322,READY,
Closure,24,Gemini 3.8 Flash,com.google.javascript.jscomp.ScopedAliases,YES,ScopedAliasesGeminiTest.java,573d3f7358fb609e9b1e8bbb5ac5324d6e3fd02d190343e6f6c5ae437632901e,READY,
Closure,25,IPO (Native IPO),com.google.javascript.jscomp.TypeInference,NO,,,NO_SUITE,
Closure,25,MIO (EvoSuite SBST),com.google.javascript.jscomp.TypeInference,YES,TypeInference_ESTest.java,cb308284015016564cc6a6b299ea5b07393abe63d05a206161a85eb8c42709d9,READY,
Closure,25,DeepSeek V4 Flash,com.google.javascript.jscomp.TypeInference,YES,TypeInferenceDeepseekTest.java,aefed98802250031052f0d47c0c79d5a283b20c5b78d3b6a875ad64306177011,READY,
Closure,25,Gemini 3.8 Flash,com.google.javascript.jscomp.TypeInference,YES,TypeInferenceGeminiTest.java,1afc6770a38a2407087479fa7e35b18dece7807862e648cab11f1006a16db14f,READY,
Closure,26,IPO (Native IPO),com.google.javascript.jscomp.ProcessCommonJSModules,YES,ProcessCommonJSModules_IPOTest.java,6d55aca96e503711f243236addf1ce891d40d536c443d0343bae7b3e11ab8108,READY,
Closure,26,MIO (EvoSuite SBST),com.google.javascript.jscomp.ProcessCommonJSModules,YES,ProcessCommonJSModules_ESTest.java,16505b64631807b9486f7fde031bfc10b5a0865cdaffaab1a10ea4bbad63b53f,READY,
Closure,26,DeepSeek V4 Flash,com.google.javascript.jscomp.ProcessCommonJSModules,YES,ProcessCommonJSModulesDeepseekTest.java,e8e62b1d0a9a94005634de63852b3b3e366120ad88c91c860aced749fba51db8,READY,
Closure,26,Gemini 3.8 Flash,com.google.javascript.jscomp.ProcessCommonJSModules,YES,ProcessCommonJSModulesGeminiTest.java,016e48617af349fb67e7b17cae7573e9ebfc3d5276ddf79536c686c90b445f40,READY,
Closure,27,IPO (Native IPO),com.google.javascript.rhino.IR,NO,,,NO_SUITE,
Closure,27,MIO (EvoSuite SBST),com.google.javascript.rhino.IR,YES,IR_ESTest.java,adb0f74fdb485128c2414c91979f2cc5d9e7578c5af2b1dc53b825064d64ae33,READY,
Closure,27,DeepSeek V4 Flash,com.google.javascript.rhino.IR,YES,IRDeepseekTest.java,aeb41061254c1e91f1c4fd906c7d297506b3c74bd19dc1c4b84e7eabb22b7daf,READY,
Closure,27,Gemini 3.8 Flash,com.google.javascript.rhino.IR,YES,IRGeminiTest.java,f8dabeedc548aca443d0b592faa759055060c47639f5f8fdab435b0a5f85ad80,READY,
Closure,28,IPO (Native IPO),com.google.javascript.jscomp.InlineCostEstimator,NO,,,NO_SUITE,
Closure,28,MIO (EvoSuite SBST),com.google.javascript.jscomp.InlineCostEstimator,YES,InlineCostEstimator_ESTest.java,3e0093f181720ce3dc28eebba321fc2b879288bf233d8bbf092962ef36a88821,READY,
Closure,28,DeepSeek V4 Flash,com.google.javascript.jscomp.InlineCostEstimator,YES,InlineCostEstimatorDeepseekTest.java,7ec7e8218d9420f221488014dcebd140eb943b056e17e296ee107c4747974606,READY,
Closure,28,Gemini 3.8 Flash,com.google.javascript.jscomp.InlineCostEstimator,YES,InlineCostEstimatorGeminiTest.java,a6b59dfe44b9f1326f95fe62ca424ee329e84c8491228c0d51bd1f81f742c63c,READY,
Closure,29,IPO (Native IPO),com.google.javascript.jscomp.InlineObjectLiterals,NO,,,NO_SUITE,
Closure,29,MIO (EvoSuite SBST),com.google.javascript.jscomp.InlineObjectLiterals,YES,InlineObjectLiterals_ESTest.java,c9bf14138510ad6974568e5e3449c18cf58c4bfc13686abfd10b9c9583875cf5,READY,
Closure,29,DeepSeek V4 Flash,com.google.javascript.jscomp.InlineObjectLiterals,YES,InlineObjectLiteralsDeepseekTest.java,576346f9373e41d6189c2625619c3fde64dcd6b85bb52cdc3d7297e9bf45dbf5,READY,
Closure,29,Gemini 3.8 Flash,com.google.javascript.jscomp.InlineObjectLiterals,YES,InlineObjectLiteralsGeminiTest.java,3567cbfff601c982b2d128f3be8be36aa73c9a8afc0fed2ea8b75b6fa30bb3fc,READY,
Closure,30,IPO (Native IPO),com.google.javascript.jscomp.FlowSensitiveInlineVariables;com.google.javascript.jscomp.MustBeReachingVariableDef,NO,,,NO_SUITE,
Closure,30,MIO (EvoSuite SBST),com.google.javascript.jscomp.FlowSensitiveInlineVariables;com.google.javascript.jscomp.MustBeReachingVariableDef,YES,FlowSensitiveInlineVariables_ESTest.java;MustBeReachingVariableDef_ESTest.java,f1717abc83135d0ba8433981328428a443d4fdd8814c2ca86def1d8c7fe11b9f,READY,
Closure,30,DeepSeek V4 Flash,com.google.javascript.jscomp.FlowSensitiveInlineVariables;com.google.javascript.jscomp.MustBeReachingVariableDef,YES,FlowSensitiveInlineVariablesDeepseekTest.java;MustBeReachingVariableDefDeepseekTest.java,7cf324d4afd00b44c8649b9d489b504fa2274ce669300323bcb98fa34be36055,READY,
Closure,30,Gemini 3.8 Flash,com.google.javascript.jscomp.FlowSensitiveInlineVariables;com.google.javascript.jscomp.MustBeReachingVariableDef,YES,FlowSensitiveInlineVariablesGeminiTest.java;MustBeReachingVariableDefGeminiTest.java,a97d5448ba941940e98faf742efe9db4d4e37a38f7e923763086c94d7253c52e,READY,
Closure,31,IPO (Native IPO),com.google.javascript.jscomp.Compiler,YES,Compiler_IPOTest.java,32cd942c7cfa0be62c433bec91b2afa9c590c5f1ee33054a8c37a62ec5fa6286,READY,
Closure,31,MIO (EvoSuite SBST),com.google.javascript.jscomp.Compiler,YES,Compiler_ESTest.java;Compiler_ESTest.java,ab609613965b59d6fddb2f11f393eb4e209ff780263a49520cd0164275665afe,READY,
Closure,31,DeepSeek V4 Flash,com.google.javascript.jscomp.Compiler,NO,,,NO_SUITE,
Closure,31,Gemini 3.8 Flash,com.google.javascript.jscomp.Compiler,YES,CompilerGeminiTest.java,c0b2d75b53d7795e930cb7aa5d4e217d9d16ca5362460c866a7de37692f6f18c,READY,
Closure,32,IPO (Native IPO),com.google.javascript.jscomp.parsing.JsDocInfoParser,NO,,,NO_SUITE,
Closure,32,MIO (EvoSuite SBST),com.google.javascript.jscomp.parsing.JsDocInfoParser,YES,JsDocInfoParser_ESTest.java,b71bc6d2986dbb7f8cf6f3f4558cbb5c213fc383c98405de29de21ccdd85726c,READY,
Closure,32,DeepSeek V4 Flash,com.google.javascript.jscomp.parsing.JsDocInfoParser,YES,JsDocInfoParserDeepseekTest.java,c3315048721b4a57bf17da27c7122094ce1189c6d3c8978257ca35780e3680cf,READY,
Closure,32,Gemini 3.8 Flash,com.google.javascript.jscomp.parsing.JsDocInfoParser,YES,JsDocInfoParserGeminiTest.java,e3694cccbe7f9e84e629d84c6f21711d2469be85735106887abddb7c60b1d1f5,READY,
Closure,33,IPO (Native IPO),com.google.javascript.rhino.jstype.PrototypeObjectType,NO,,,NO_SUITE,
Closure,33,MIO (EvoSuite SBST),com.google.javascript.rhino.jstype.PrototypeObjectType,YES,PrototypeObjectType_ESTest.java,60b0405c2ea995a17a53a9301b8949f4fa42753da0141643e3bea0d975907914,READY,
Closure,33,DeepSeek V4 Flash,com.google.javascript.rhino.jstype.PrototypeObjectType,YES,PrototypeObjectTypeDeepseekTest.java,bec471e7e38568e9de650d9d6359836b2d1d4bb78e8d896fe68329a9eb5c0e82,READY,
Closure,33,Gemini 3.8 Flash,com.google.javascript.rhino.jstype.PrototypeObjectType,YES,PrototypeObjectTypeGeminiTest.java,da3589805791088ba8e0f04b82bd2827b64093cbb7ae7ccde94feb6215d45bac,READY,
Closure,34,IPO (Native IPO),com.google.javascript.jscomp.CodeGenerator;com.google.javascript.jscomp.CodePrinter,NO,,,NO_SUITE,
Closure,34,MIO (EvoSuite SBST),com.google.javascript.jscomp.CodeGenerator;com.google.javascript.jscomp.CodePrinter,YES,CodeGenerator_ESTest.java;CodePrinter_ESTest.java,1e3175cb9d17cfd8c70a1921309e5839fade5cea8a2537103675910bb7b82447,READY,
Closure,34,DeepSeek V4 Flash,com.google.javascript.jscomp.CodeGenerator;com.google.javascript.jscomp.CodePrinter,NO,,,NO_SUITE,
Closure,34,Gemini 3.8 Flash,com.google.javascript.jscomp.CodeGenerator;com.google.javascript.jscomp.CodePrinter,NO,,,NO_SUITE,
Closure,35,IPO (Native IPO),com.google.javascript.jscomp.TypeInference,NO,,,NO_SUITE,
Closure,35,MIO (EvoSuite SBST),com.google.javascript.jscomp.TypeInference,YES,TypeInference_ESTest.java,efdc4f24aedd54160b758a2e27d1e03441102e336e502c4dfcd111253e197283,READY,
Closure,35,DeepSeek V4 Flash,com.google.javascript.jscomp.TypeInference,YES,TypeInferenceDeepseekTest.java,d0ff78f856b1bfca595c85348dff4d5b82743278fe6fbf844cb491f25c21680a,READY,
Closure,35,Gemini 3.8 Flash,com.google.javascript.jscomp.TypeInference,YES,TypeInferenceGeminiTest.java,81e02eea3dee206cb234d0f083367b57173bb1e2211eb5cf1d46ca554be606d6,READY,
Closure,36,IPO (Native IPO),com.google.javascript.jscomp.InlineVariables,NO,,,NO_SUITE,
Closure,36,MIO (EvoSuite SBST),com.google.javascript.jscomp.InlineVariables,YES,InlineVariables_ESTest.java,c70b225af0ff1f69a27bb50e6080a802818447b51d72ca2c04c8caf53307c6b8,READY,
Closure,36,DeepSeek V4 Flash,com.google.javascript.jscomp.InlineVariables,YES,InlineVariablesDeepseekTest.java,eab61bae324d32a6fcd45844f3a179785cf2d41bb57b9655c9b575c0cc1d637b,READY,
Closure,36,Gemini 3.8 Flash,com.google.javascript.jscomp.InlineVariables,YES,InlineVariablesGeminiTest.java,31bb049e06cccdeb27794865d45532155d1e1c33165561a5bb6c2c0b8d7c917f,READY,
Closure,37,IPO (Native IPO),com.google.javascript.jscomp.NodeTraversal;com.google.javascript.jscomp.parsing.IRFactory,NO,,,NO_SUITE,
Closure,37,MIO (EvoSuite SBST),com.google.javascript.jscomp.NodeTraversal;com.google.javascript.jscomp.parsing.IRFactory,YES,IRFactory_ESTest.java;NodeTraversal_ESTest.java,712040406eefbcf0a2c392c447fcf84502015663c52103ea59d72c61278ac6c9,READY,
Closure,37,DeepSeek V4 Flash,com.google.javascript.jscomp.NodeTraversal;com.google.javascript.jscomp.parsing.IRFactory,YES,NodeTraversalDeepseekTest.java,72d9fd679eebeac38ca12c9709af68434681f3e2a1a2fdcf9e095010b4aa08d2,READY,
Closure,37,Gemini 3.8 Flash,com.google.javascript.jscomp.NodeTraversal;com.google.javascript.jscomp.parsing.IRFactory,YES,NodeTraversalGeminiTest.java,5654222a57039b9a441c41e944751db06112e76387331004ce2fd0af54b9c870,READY,
Closure,38,IPO (Native IPO),com.google.javascript.jscomp.CodeConsumer,NO,,,NO_SUITE,
Closure,38,MIO (EvoSuite SBST),com.google.javascript.jscomp.CodeConsumer,YES,CodeConsumer_ESTest.java,31cd0f9d534832a85e5947702ef2261e30698bc0ad055b1eeae0854a8e28cf0e,READY,
Closure,38,DeepSeek V4 Flash,com.google.javascript.jscomp.CodeConsumer,YES,CodeConsumerDeepseekTest.java,1b9ba4fb538f9fde2cfd4c7d3100a6d98e7d5c8f0a13d717231c482cc5c44d9f,READY,
Closure,38,Gemini 3.8 Flash,com.google.javascript.jscomp.CodeConsumer,YES,CodeConsumerGeminiTest.java,bd882efd966422f20ccfe912a9633179730cf4f3f87837d613320d61a229fc78,READY,
Closure,39,IPO (Native IPO),com.google.javascript.rhino.jstype.PrototypeObjectType,NO,,,NO_SUITE,
Closure,39,MIO (EvoSuite SBST),com.google.javascript.rhino.jstype.PrototypeObjectType,YES,PrototypeObjectType_ESTest.java,64f7cd2e575089324e407ba4f1d6acc6c0edd03fea69195c3f3404dec8189865,READY,
Closure,39,DeepSeek V4 Flash,com.google.javascript.rhino.jstype.PrototypeObjectType,YES,PrototypeObjectTypeDeepseekTest.java,2187b5d4275f9d164cbb7946c81a37bbb22d7c86770826382f4754f7e5f075dd,READY,
Closure,39,Gemini 3.8 Flash,com.google.javascript.rhino.jstype.PrototypeObjectType,YES,PrototypeObjectTypeGeminiTest.java,6a45c8c5f1f31930789b85778e4314051165fdbef35d3ed8514267097990853a,READY,
Closure,40,IPO (Native IPO),com.google.javascript.jscomp.NameAnalyzer,NO,,,NO_SUITE,
Closure,40,MIO (EvoSuite SBST),com.google.javascript.jscomp.NameAnalyzer,YES,NameAnalyzer_ESTest.java,0652d9126c2b8564c158552cf4178b0f93c4149d6f9397352888c61ad496ec57,READY,
Closure,40,DeepSeek V4 Flash,com.google.javascript.jscomp.NameAnalyzer,YES,NameAnalyzerDeepseekTest.java,bb91104e922fe554ad68bad0d4908d617c238cf2edb6fbae1b7dcc87e14f24b4,READY,
Closure,40,Gemini 3.8 Flash,com.google.javascript.jscomp.NameAnalyzer,YES,NameAnalyzerGeminiTest.java,c6f44642d305fd2e45fb905f7b0c83f5f8bf92c4319a267f925cd3064707a774,READY,
Closure,41,IPO (Native IPO),com.google.javascript.jscomp.FunctionTypeBuilder,NO,,,NO_SUITE,
Closure,41,MIO (EvoSuite SBST),com.google.javascript.jscomp.FunctionTypeBuilder,YES,FunctionTypeBuilder_ESTest.java,0fbc71de766e6ab1c7f981b7b16b487c3880320e01cad0b8b8b89cef009c6828,READY,
Closure,41,DeepSeek V4 Flash,com.google.javascript.jscomp.FunctionTypeBuilder,NO,,,NO_SUITE,
Closure,41,Gemini 3.8 Flash,com.google.javascript.jscomp.FunctionTypeBuilder,YES,FunctionTypeBuilderGeminiTest.java,6f8c76f9ac5e7d7de20b71e26549c3ac77d8b90beadba5a8a27df2d6a59c5461,READY,
Closure,42,IPO (Native IPO),com.google.javascript.jscomp.parsing.IRFactory,NO,,,NO_SUITE,
Closure,42,MIO (EvoSuite SBST),com.google.javascript.jscomp.parsing.IRFactory,YES,IRFactory_ESTest.java,47861ec09859f4ec45ed96731c59305fe7eaacc55008a5a44d76ced71709165c,READY,
Closure,42,DeepSeek V4 Flash,com.google.javascript.jscomp.parsing.IRFactory,NO,,,NO_SUITE,
Closure,42,Gemini 3.8 Flash,com.google.javascript.jscomp.parsing.IRFactory,NO,,,NO_SUITE,
Closure,43,IPO (Native IPO),com.google.javascript.jscomp.TypedScopeCreator,NO,,,NO_SUITE,
Closure,43,MIO (EvoSuite SBST),com.google.javascript.jscomp.TypedScopeCreator,YES,TypedScopeCreator_ESTest.java,4d2c16de2e9c7aa3a4f9ad1216aef2ae0c2e6ebf33f6a630d86bcc24f3f89156,READY,
Closure,43,DeepSeek V4 Flash,com.google.javascript.jscomp.TypedScopeCreator,YES,TypedScopeCreatorDeepseekTest.java,f9dfc4cafb82630e6d2aaabe4f801bedb8dccb0e6bbef977a54b40e72481bcde,READY,
Closure,43,Gemini 3.8 Flash,com.google.javascript.jscomp.TypedScopeCreator,YES,TypedScopeCreatorGeminiTest.java,75fdd2380559b28b98ebc3882cf7dbc212382d6f99e90978e6766e74ab17493c,READY,
Closure,44,IPO (Native IPO),com.google.javascript.jscomp.CodeConsumer,NO,,,NO_SUITE,
Closure,44,MIO (EvoSuite SBST),com.google.javascript.jscomp.CodeConsumer,YES,CodeConsumer_ESTest.java,50688bc056700b94b37ea2c171506cda93a9db3aab1215bac379f6dba983f43a,READY,
Closure,44,DeepSeek V4 Flash,com.google.javascript.jscomp.CodeConsumer,YES,CodeConsumerDeepseekTest.java,2a9f927625f47288931c04893148b2f45939f24303a75e388c3671da6829e5e5,READY,
Closure,44,Gemini 3.8 Flash,com.google.javascript.jscomp.CodeConsumer,YES,CodeConsumerGeminiTest.java,30aa9ec5a7706566122a246281aecfb01a033afc833ee74c1c7c883a7f953048,READY,
Closure,45,IPO (Native IPO),com.google.javascript.jscomp.RemoveUnusedVars,NO,,,NO_SUITE,
Closure,45,MIO (EvoSuite SBST),com.google.javascript.jscomp.RemoveUnusedVars,YES,RemoveUnusedVars_ESTest.java,f081d07b5ad2339c4b476da1df589438af55a7551705009ad9d275941428b801,READY,
Closure,45,DeepSeek V4 Flash,com.google.javascript.jscomp.RemoveUnusedVars,YES,RemoveUnusedVarsDeepseekTest.java,ec90db2c0232fde2f70a3af98dfae40aae58c81184487e4241ba9d98e766de9c,READY,
Closure,45,Gemini 3.8 Flash,com.google.javascript.jscomp.RemoveUnusedVars,YES,RemoveUnusedVarsGeminiTest.java,617ef8d893def88d8596cd60a2b21bd1a60310d70339a78fb7fd267a6a59da43,READY,
Closure,46,IPO (Native IPO),com.google.javascript.rhino.jstype.RecordType,NO,,,NO_SUITE,
Closure,46,MIO (EvoSuite SBST),com.google.javascript.rhino.jstype.RecordType,YES,RecordType_ESTest.java,178cb1ef1a84e7f07fd3780fe4e2f290ce44d2910da6cc234bad2c416db86272,READY,
Closure,46,DeepSeek V4 Flash,com.google.javascript.rhino.jstype.RecordType,YES,RecordTypeDeepseekTest.java,d0ed6fb8e5be3e0f2fc159fed3c1c8547fa573c2d6bc2544d90cb8ba093e4469,READY,
Closure,46,Gemini 3.8 Flash,com.google.javascript.rhino.jstype.RecordType,YES,RecordTypeGeminiTest.java,30ac718dd20d9338617cf0a61ac9029b894d5c30c7e98903a3aadc2bf5e1be76,READY,
Closure,47,IPO (Native IPO),com.google.debugging.sourcemap.SourceMapConsumerV3;com.google.javascript.jscomp.SourceMap,NO,,,NO_SUITE,
Closure,47,MIO (EvoSuite SBST),com.google.debugging.sourcemap.SourceMapConsumerV3;com.google.javascript.jscomp.SourceMap,YES,SourceMapConsumerV3_ESTest.java;SourceMap_ESTest.java,ec6921e7308f50fdb48265fcb27a3da801d9ab727d9188b05c57dc5219031048,READY,
Closure,47,DeepSeek V4 Flash,com.google.debugging.sourcemap.SourceMapConsumerV3;com.google.javascript.jscomp.SourceMap,YES,SourceMapConsumerV3DeepseekTest.java;SourceMapDeepseekTest.java,375b7adcc9e6c5b03bd45db9844ef53503ed30feaca8a9ee1d3cf53baea8e329,READY,
Closure,47,Gemini 3.8 Flash,com.google.debugging.sourcemap.SourceMapConsumerV3;com.google.javascript.jscomp.SourceMap,YES,SourceMapConsumerV3GeminiTest.java;SourceMapGeminiTest.java,d99759312326b4a2ddab921c9dacccfedd43bbf2d043a8071fec964c0325491c,READY,
Closure,48,IPO (Native IPO),com.google.javascript.jscomp.TypedScopeCreator,NO,,,NO_SUITE,
Closure,48,MIO (EvoSuite SBST),com.google.javascript.jscomp.TypedScopeCreator,YES,TypedScopeCreator_ESTest.java,ac95c20f7fbf41d6959ea0d40d652b2b2e1dd53e8fafefc5c6b3fef6aba10416,READY,
Closure,48,DeepSeek V4 Flash,com.google.javascript.jscomp.TypedScopeCreator,YES,TypedScopeCreatorDeepseekTest.java,da57b6f7bfa4a8435b63578de0bfe3323136593c13840425eee72c92ad5eff40,READY,
Closure,48,Gemini 3.8 Flash,com.google.javascript.jscomp.TypedScopeCreator,YES,TypedScopeCreatorGeminiTest.java,80c891182de7c74d9fb62ed8571dbd830199c277789cf7d7d446d2aacab0ef04,READY,
Closure,49,IPO (Native IPO),com.google.javascript.jscomp.MakeDeclaredNamesUnique,NO,,,NO_SUITE,
Closure,49,MIO (EvoSuite SBST),com.google.javascript.jscomp.MakeDeclaredNamesUnique,YES,MakeDeclaredNamesUnique_ESTest.java,b8baa7859f83dc9015f132871c99f7982cbda4ae3b9322ef15381fcddb3ecd79,READY,
Closure,49,DeepSeek V4 Flash,com.google.javascript.jscomp.MakeDeclaredNamesUnique,YES,MakeDeclaredNamesUniqueDeepseekTest.java,b5f87ab1dbdd607e9b85d08dc7001527c7729aae32782d1d23f8c9e3bbb61ddc,READY,
Closure,49,Gemini 3.8 Flash,com.google.javascript.jscomp.MakeDeclaredNamesUnique,YES,MakeDeclaredNamesUniqueGeminiTest.java,0271658dfafd8ef67993e811a92c1e99d84aac47ee011c3e62bc9c5a048e8eec,READY,
Closure,50,IPO (Native IPO),com.google.javascript.jscomp.PeepholeReplaceKnownMethods,NO,,,NO_SUITE,
Closure,50,MIO (EvoSuite SBST),com.google.javascript.jscomp.PeepholeReplaceKnownMethods,YES,PeepholeReplaceKnownMethods_ESTest.java,155beba9aed8ea68dd49c06b744672d863763a3d7c725d57d95225ba80ca34de,READY,
Closure,50,DeepSeek V4 Flash,com.google.javascript.jscomp.PeepholeReplaceKnownMethods,YES,PeepholeReplaceKnownMethodsDeepseekTest.java,098a8005e109aac8ea7d5d88c7e658b0e35f462dcf18fb2229f5367016fca16f,READY,
Closure,50,Gemini 3.8 Flash,com.google.javascript.jscomp.PeepholeReplaceKnownMethods,YES,PeepholeReplaceKnownMethodsGeminiTest.java,0c4865ae9ed699b0c6eaf9c20004681e2b616e41138c1f7a6fb5efc4fceff3a4,READY,
Closure,51,IPO (Native IPO),com.google.javascript.jscomp.CodeConsumer,NO,,,NO_SUITE,
Closure,51,MIO (EvoSuite SBST),com.google.javascript.jscomp.CodeConsumer,YES,CodeConsumer_ESTest.java,f40ed36349285d6ce711ca566ecd7371ca7b738344c3c20b4079b4e672d0cd0c,READY,
Closure,51,DeepSeek V4 Flash,com.google.javascript.jscomp.CodeConsumer,YES,CodeConsumerDeepseekTest.java,2dc75992a4e08e8412f8a96c315b39dfcb1b5e9137ffa0231870e986a25cf813,READY,
Closure,51,Gemini 3.8 Flash,com.google.javascript.jscomp.CodeConsumer,YES,CodeConsumerGeminiTest.java,88eb974c538bc32170b72468ba521d11648e1f7ecc30545bb45ef37f7047d5a2,READY,
Closure,52,IPO (Native IPO),com.google.javascript.jscomp.CodeGenerator,NO,,,NO_SUITE,
Closure,52,MIO (EvoSuite SBST),com.google.javascript.jscomp.CodeGenerator,YES,CodeGenerator_ESTest.java,a1313f36a18aba81e568f99fdad00ba62e92aad684bf715fd62894d758791515,READY,
Closure,52,DeepSeek V4 Flash,com.google.javascript.jscomp.CodeGenerator,NO,,,NO_SUITE,
Closure,52,Gemini 3.8 Flash,com.google.javascript.jscomp.CodeGenerator,NO,,,NO_SUITE,
Closure,53,IPO (Native IPO),com.google.javascript.jscomp.InlineObjectLiterals,NO,,,NO_SUITE,
Closure,53,MIO (EvoSuite SBST),com.google.javascript.jscomp.InlineObjectLiterals,YES,InlineObjectLiterals_ESTest.java,bff32c6454b9e633b4c68969eac4f9f0e13763a1600eee6b131b243d89d7e223,READY,
Closure,53,DeepSeek V4 Flash,com.google.javascript.jscomp.InlineObjectLiterals,YES,InlineObjectLiteralsDeepseekTest.java,e21a6812b02b3a35986b807c0476ba341eeb19236019c1beaae9dbe2cf0117e8,READY,
Closure,53,Gemini 3.8 Flash,com.google.javascript.jscomp.InlineObjectLiterals,YES,InlineObjectLiteralsGeminiTest.java,3d8f1a33e3d1c67cbf841ae3a172f247d5677698eb212acbeddf763205a6dc88,READY,
Closure,54,IPO (Native IPO),com.google.javascript.jscomp.TypedScopeCreator;com.google.javascript.rhino.jstype.FunctionType,NO,,,NO_SUITE,
Closure,54,MIO (EvoSuite SBST),com.google.javascript.jscomp.TypedScopeCreator;com.google.javascript.rhino.jstype.FunctionType,YES,FunctionType_ESTest.java;TypedScopeCreator_ESTest.java,3c2f92b6c70ddbe0ea71553657f871a44a90c256abc99925bf00387b697c7700,READY,
Closure,54,DeepSeek V4 Flash,com.google.javascript.jscomp.TypedScopeCreator;com.google.javascript.rhino.jstype.FunctionType,YES,FunctionTypeDeepseekTest.java;TypedScopeCreatorDeepseekTest.java,1026e841e4135766243670ace6c67e11c8bc4d9afdbabadd2ce957422cc57e98,READY,
Closure,54,Gemini 3.8 Flash,com.google.javascript.jscomp.TypedScopeCreator;com.google.javascript.rhino.jstype.FunctionType,YES,FunctionTypeGeminiTest.java;TypedScopeCreatorGeminiTest.java,371d75a21c718c13b679700e529b85133b16348fcc67349ba41b57d670ccd01c,READY,
Closure,55,IPO (Native IPO),com.google.javascript.jscomp.FunctionRewriter,NO,,,NO_SUITE,
Closure,55,MIO (EvoSuite SBST),com.google.javascript.jscomp.FunctionRewriter,YES,FunctionRewriter_ESTest.java,a60e11284e5b1cae9957f0bf152c5fdda0f810bdf0c898b92ec571c1e5cf9ffe,READY,
Closure,55,DeepSeek V4 Flash,com.google.javascript.jscomp.FunctionRewriter,YES,FunctionRewriterDeepseekTest.java,de50df149cb3a1f50ce3deb0c19cb2258e30d7cb2d410cf7fb838f0d26500ff6,READY,
Closure,55,Gemini 3.8 Flash,com.google.javascript.jscomp.FunctionRewriter,YES,FunctionRewriterGeminiTest.java,b9737c6609f195b1186691fa55ba5b5f5a28cfbde6a0fcbe36dce7db43204d77,READY,
Closure,56,IPO (Native IPO),com.google.javascript.jscomp.SourceFile,YES,SourceFile_IPOTest.java,87733b8bb0789e8b5a323e45103484f7ead39c1e03c870ae46b9738934017785,READY,
Closure,56,MIO (EvoSuite SBST),com.google.javascript.jscomp.SourceFile,YES,SourceFile_ESTest.java,979ceb8206dbf82f5072d3cef338ebf4d25b5f10396d97604268a2e0ed999931,READY,
Closure,56,DeepSeek V4 Flash,com.google.javascript.jscomp.SourceFile,YES,SourceFileDeepseekTest.java,7c42d4d5ff6c754c4b01bcbb9adf068714260dce3a33bf7065e6407e81366697,READY,
Closure,56,Gemini 3.8 Flash,com.google.javascript.jscomp.SourceFile,YES,SourceFileGeminiTest.java,1d8e8c308c82cc0236aadb41c474f1ee748b79bcfff6519338aa2a9bfc16defb,READY,
Closure,57,IPO (Native IPO),com.google.javascript.jscomp.ClosureCodingConvention,NO,,,NO_SUITE,
Closure,57,MIO (EvoSuite SBST),com.google.javascript.jscomp.ClosureCodingConvention,YES,ClosureCodingConvention_ESTest.java,de94e5c86a316a3dab020e10c05f30220541c690604c6f490cb90dcfc2cea0da,READY,
Closure,57,DeepSeek V4 Flash,com.google.javascript.jscomp.ClosureCodingConvention,YES,ClosureCodingConventionDeepseekTest.java,01a3002e4e22cc2df4e6f97aa8ba4f9f971843569594ecbbc854f4fdc2ce2fbf,READY,
Closure,57,Gemini 3.8 Flash,com.google.javascript.jscomp.ClosureCodingConvention,YES,ClosureCodingConventionGeminiTest.java,98b32e23bec686a3ab409ab74c6f0ec4b0b8e97f14dd6be5b907231aa339c937,READY,
Closure,58,IPO (Native IPO),com.google.javascript.jscomp.LiveVariablesAnalysis,NO,,,NO_SUITE,
Closure,58,MIO (EvoSuite SBST),com.google.javascript.jscomp.LiveVariablesAnalysis,YES,LiveVariablesAnalysis_ESTest.java,525019fb55a18bcec641334f3e43f3bb158e377f1bd73d45c2b33cae4de84529,READY,
Closure,58,DeepSeek V4 Flash,com.google.javascript.jscomp.LiveVariablesAnalysis,YES,LiveVariablesAnalysisDeepseekTest.java,b3b65d830f3cf71564116a407cc2b7fa9c5c9c32527054f2399e252d913d66fa,READY,
Closure,58,Gemini 3.8 Flash,com.google.javascript.jscomp.LiveVariablesAnalysis,YES,LiveVariablesAnalysisGeminiTest.java,80063920a32694d4b183af7cdc18bb65b2dff104cffa761bef64d94bcaf0b91c,READY,
Closure,59,IPO (Native IPO),com.google.javascript.jscomp.Compiler,YES,Compiler_IPOTest.java,32cd942c7cfa0be62c433bec91b2afa9c590c5f1ee33054a8c37a62ec5fa6286,READY,
Closure,59,MIO (EvoSuite SBST),com.google.javascript.jscomp.Compiler,YES,Compiler_ESTest.java,5186cdd466cb01f6a9e7a8430fe84a3fff8bd6eae2609142010a17f1d5463022,READY,
Closure,59,DeepSeek V4 Flash,com.google.javascript.jscomp.Compiler,YES,CompilerDeepseekTest.java,6ec96cd3afd9db2c34e50e5cc711a8a83127b7c8cdf0ce6067fa80ce627133ee,READY,
Closure,59,Gemini 3.8 Flash,com.google.javascript.jscomp.Compiler,YES,CompilerGeminiTest.java,7dec73d397ac4fafaf32651bd5701842e1183573c126c239190882a38003b82c,READY,
Closure,60,IPO (Native IPO),com.google.javascript.jscomp.NodeUtil,NO,,,NO_SUITE,
Closure,60,MIO (EvoSuite SBST),com.google.javascript.jscomp.NodeUtil,YES,NodeUtil_ESTest.java,8c3069a3c6543b51ea13dcbd8398ca814fb898400c88feb64e3ea1114de9d976,READY,
Closure,60,DeepSeek V4 Flash,com.google.javascript.jscomp.NodeUtil,YES,NodeUtilDeepseekTest.java,037413f7defa9d6e0fd3ebb5fbf4fa3f52ce0ac145bebc9e035c60194c180c9a,READY,
Closure,60,Gemini 3.8 Flash,com.google.javascript.jscomp.NodeUtil,YES,NodeUtilGeminiTest.java,dc990219b7744d078baa856f6906c960dd77d82bac69add0ecc012ba571e73e3,READY,
Closure,61,IPO (Native IPO),com.google.javascript.jscomp.NodeUtil,NO,,,NO_SUITE,
Closure,61,MIO (EvoSuite SBST),com.google.javascript.jscomp.NodeUtil,YES,NodeUtil_ESTest.java,e94a6f2b1eea7c871d3691aeb49f1d2974303503a3647268a1fef81e2702d136,READY,
Closure,61,DeepSeek V4 Flash,com.google.javascript.jscomp.NodeUtil,YES,NodeUtilDeepseekTest.java,132ba0331338483c0d88838607b932ff48d0240ca6e6febbab668d25d9c14c1e,READY,
Closure,61,Gemini 3.8 Flash,com.google.javascript.jscomp.NodeUtil,YES,NodeUtilGeminiTest.java,ef0a162a567d9d64eeb66bde750f487f038084deab4c80e75dcb54bbaa3bc6c2,READY,
Closure,62,IPO (Native IPO),com.google.javascript.jscomp.LightweightMessageFormatter,NO,,,NO_SUITE,
Closure,62,MIO (EvoSuite SBST),com.google.javascript.jscomp.LightweightMessageFormatter,YES,LightweightMessageFormatter_ESTest.java,bf4a54595878743b0900c586f3c873537943be4f94670a4b868a156f4a3068a9,READY,
Closure,62,DeepSeek V4 Flash,com.google.javascript.jscomp.LightweightMessageFormatter,YES,LightweightMessageFormatterDeepseekTest.java,f577aeea93293eaf98fd1543cfd1c016de13e976ba47c00ef01a232dad9d7bc5,READY,
Closure,62,Gemini 3.8 Flash,com.google.javascript.jscomp.LightweightMessageFormatter,YES,LightweightMessageFormatterGeminiTest.java,6a60ef9587dccceae107c5d9733bfdd3bd541296d45a916739b67554a0048995,READY,
Closure,64,IPO (Native IPO),com.google.javascript.jscomp.Compiler,YES,Compiler_IPOTest.java,32cd942c7cfa0be62c433bec91b2afa9c590c5f1ee33054a8c37a62ec5fa6286,READY,
Closure,64,MIO (EvoSuite SBST),com.google.javascript.jscomp.Compiler,YES,Compiler_ESTest.java,08b7c776ee6c905ec37c16a7c0639535a91a1f90e57bda1ecb18a9565bd361ec,READY,
Closure,64,DeepSeek V4 Flash,com.google.javascript.jscomp.Compiler,YES,CompilerDeepseekTest.java,63011890033a7de67e21aff3c8445870105cab2a70b3f304321adbe9875e3409,READY,
Closure,64,Gemini 3.8 Flash,com.google.javascript.jscomp.Compiler,YES,CompilerGeminiTest.java,b5aed71eea3c355fa30b23bc945a9e0f0458d476ae4f386c86b1f594c4032285,READY,
Closure,65,IPO (Native IPO),com.google.javascript.jscomp.CodeGenerator,NO,,,NO_SUITE,
Closure,65,MIO (EvoSuite SBST),com.google.javascript.jscomp.CodeGenerator,YES,CodeGenerator_ESTest.java,be97788df078f4d0a42c66d640b9f0b7d6c9e94e866e3e01525a8c59703c7e3e,READY,
Closure,65,DeepSeek V4 Flash,com.google.javascript.jscomp.CodeGenerator,YES,CodeGeneratorDeepseekTest.java,b2730a3578089a6572b7c988248099c03c8fe5744a27d568f81831279062328f,READY,
Closure,65,Gemini 3.8 Flash,com.google.javascript.jscomp.CodeGenerator,YES,CodeGeneratorGeminiTest.java,85aaa82a38bd82db1a70dff14231fa923e3930d8edec1f0f60d54a0a674a2993,READY,
Closure,66,IPO (Native IPO),com.google.javascript.jscomp.TypeCheck,NO,,,NO_SUITE,
Closure,66,MIO (EvoSuite SBST),com.google.javascript.jscomp.TypeCheck,YES,TypeCheck_ESTest.java,4a1cd161affc1d64b4d7758ee6a81e5ec1745a0d52f8f4f0989e0ff8490b026b,READY,
Closure,66,DeepSeek V4 Flash,com.google.javascript.jscomp.TypeCheck,YES,TypeCheckDeepseekTest.java,cf367aa4453393e252d2647dc76b93044b6236fd1c2e53341af43d7d220df3cb,READY,
Closure,66,Gemini 3.8 Flash,com.google.javascript.jscomp.TypeCheck,YES,TypeCheckGeminiTest.java,c07ce637b2ca31f418849d5cbbbd6cf113081871048dd977b4f3265ee457eec8,READY,
Closure,67,IPO (Native IPO),com.google.javascript.jscomp.AnalyzePrototypeProperties,NO,,,NO_SUITE,
Closure,67,MIO (EvoSuite SBST),com.google.javascript.jscomp.AnalyzePrototypeProperties,YES,AnalyzePrototypeProperties_ESTest.java,facb0bf990a199c5c13b7ce61d80574b534badd63ea9f23b9764d6e97dc88be8,READY,
Closure,67,DeepSeek V4 Flash,com.google.javascript.jscomp.AnalyzePrototypeProperties,YES,AnalyzePrototypePropertiesDeepseekTest.java,35d77f74a28ab273c9ca2cafce094853496a082e7c40042d2fb5f913e7a1adf2,READY,
Closure,67,Gemini 3.8 Flash,com.google.javascript.jscomp.AnalyzePrototypeProperties,YES,AnalyzePrototypePropertiesGeminiTest.java,1aebe0de53017f8a68a5dee48a39e69a9a731fd47cc2be326f271a1ae9393a34,READY,
Closure,68,IPO (Native IPO),com.google.javascript.jscomp.parsing.JsDocInfoParser,NO,,,NO_SUITE,
Closure,68,MIO (EvoSuite SBST),com.google.javascript.jscomp.parsing.JsDocInfoParser,YES,JsDocInfoParser_ESTest.java,8b7d62db1b2e6ba3a53f81d7c9932a3ee584ac65b58cad1faa4393a87d68faef,READY,
Closure,68,DeepSeek V4 Flash,com.google.javascript.jscomp.parsing.JsDocInfoParser,YES,JsDocInfoParserDeepseekTest.java,aab70361ac8bc430efca613bde4acc4d59fea870642e9fc580bff31b7ec0e848,READY,
Closure,68,Gemini 3.8 Flash,com.google.javascript.jscomp.parsing.JsDocInfoParser,YES,JsDocInfoParserGeminiTest.java,94dcdf22d0efa6f81012b6d83ec18c3b028ab1e81fa92db9db589bc8f811ec8c,READY,
Closure,69,IPO (Native IPO),com.google.javascript.jscomp.TypeCheck,NO,,,NO_SUITE,
Closure,69,MIO (EvoSuite SBST),com.google.javascript.jscomp.TypeCheck,YES,TypeCheck_ESTest.java,eed6748720b6c62183da928f9efef79f31b43da92e2e6e44625e674497eda57c,READY,
Closure,69,DeepSeek V4 Flash,com.google.javascript.jscomp.TypeCheck,YES,TypeCheckDeepseekTest.java,8ed817cad63c1bd37af7eb872d8934916754fbff4d75cda32d3bbc4316a992e3,READY,
Closure,69,Gemini 3.8 Flash,com.google.javascript.jscomp.TypeCheck,YES,TypeCheckGeminiTest.java,023e6b5a654fdad734840799c5b20bd87097c85f72b368279ac2c791d27916e0,READY,
Closure,70,IPO (Native IPO),com.google.javascript.jscomp.TypedScopeCreator,NO,,,NO_SUITE,
Closure,70,MIO (EvoSuite SBST),com.google.javascript.jscomp.TypedScopeCreator,YES,TypedScopeCreator_ESTest.java,20e44377eab2d6ae0f6cf78cb6e7f35978eeda8fc0c81849d189362239f2929e,READY,
Closure,70,DeepSeek V4 Flash,com.google.javascript.jscomp.TypedScopeCreator,YES,TypedScopeCreatorDeepseekTest.java,d1508c2d2b475e533d4a8be44e9dadcf98ee7013a4aa9cdcc146b793ab172188,READY,
Closure,70,Gemini 3.8 Flash,com.google.javascript.jscomp.TypedScopeCreator,YES,TypedScopeCreatorGeminiTest.java,ba393a938b15006bff91e409422b14f10540e2dac1c054a75a6e6308cfdba2b9,READY,
Closure,71,IPO (Native IPO),com.google.javascript.jscomp.CheckAccessControls,NO,,,NO_SUITE,
Closure,71,MIO (EvoSuite SBST),com.google.javascript.jscomp.CheckAccessControls,YES,CheckAccessControls_ESTest.java,b4617f9c6ab554184b6a46aee583036822d03f9286683a940449265b15013e86,READY,
Closure,71,DeepSeek V4 Flash,com.google.javascript.jscomp.CheckAccessControls,YES,CheckAccessControlsDeepseekTest.java,68ae5e9f2115d17d747e19e540e9fa26a862d268e87975c53d9082c7a37777d6,READY,
Closure,71,Gemini 3.8 Flash,com.google.javascript.jscomp.CheckAccessControls,YES,CheckAccessControlsGeminiTest.java,2af0f585257a0cd2378d26b7bd8bee9495f0e8b30eedb022cc0b069037906d78,READY,
Closure,72,IPO (Native IPO),com.google.javascript.jscomp.FunctionToBlockMutator;com.google.javascript.jscomp.RenameLabels,NO,,,NO_SUITE,
Closure,72,MIO (EvoSuite SBST),com.google.javascript.jscomp.FunctionToBlockMutator;com.google.javascript.jscomp.RenameLabels,YES,FunctionToBlockMutator_ESTest.java;RenameLabels_ESTest.java,b5098cf2ac91e809201bdf8d362d9d63ce1a50df418e044332afb2ac3bbb3540,READY,
Closure,72,DeepSeek V4 Flash,com.google.javascript.jscomp.FunctionToBlockMutator;com.google.javascript.jscomp.RenameLabels,YES,FunctionToBlockMutatorDeepseekTest.java;RenameLabelsDeepseekTest.java,904cbdd6bf81540800355da98c81ad84831a87b0aaeafe4d58ff138c7ffbf653,READY,
Closure,72,Gemini 3.8 Flash,com.google.javascript.jscomp.FunctionToBlockMutator;com.google.javascript.jscomp.RenameLabels,YES,FunctionToBlockMutatorGeminiTest.java;RenameLabelsGeminiTest.java,e1af27c38483fa24ebb06e90f433c12859dcc5c465f23913fe4e292bd89ee8b2,READY,
Closure,73,IPO (Native IPO),com.google.javascript.jscomp.CodeGenerator,NO,,,NO_SUITE,
Closure,73,MIO (EvoSuite SBST),com.google.javascript.jscomp.CodeGenerator,YES,CodeGenerator_ESTest.java,ca74aa3c7c9a017960f9537e563946fbe3b8ca722ee877dc590c37867f00797a,READY,
Closure,73,DeepSeek V4 Flash,com.google.javascript.jscomp.CodeGenerator,YES,CodeGeneratorDeepseekTest.java,3984fa57a690b94e7d145d26eaeef0953f9c1612b262e13486a8b6680f884b2c,READY,
Closure,73,Gemini 3.8 Flash,com.google.javascript.jscomp.CodeGenerator,YES,CodeGeneratorGeminiTest.java,c76b9ea691c5c69afe2208029a4212cf335af3dee8313dddadefb72743a1b8e8,READY,
Closure,74,IPO (Native IPO),com.google.javascript.jscomp.PeepholeFoldConstants,NO,,,NO_SUITE,
Closure,74,MIO (EvoSuite SBST),com.google.javascript.jscomp.PeepholeFoldConstants,YES,PeepholeFoldConstants_ESTest.java,cddea50e3cde29bfc78d3791d60c79d90ec9d7d81b3daf680fc0dd33e5ea6949,READY,
Closure,74,DeepSeek V4 Flash,com.google.javascript.jscomp.PeepholeFoldConstants,YES,PeepholeFoldConstantsDeepseekTest.java,88d17974b7c63a0ebf71bd104d7b87f5cf236426c5542df7b893ac9da3766a89,READY,
Closure,74,Gemini 3.8 Flash,com.google.javascript.jscomp.PeepholeFoldConstants,YES,PeepholeFoldConstantsGeminiTest.java,940edbfe86498fda8cae451631b59e615bdf29783fef69ff0b0ba295b707d7de,READY,
Closure,75,IPO (Native IPO),com.google.javascript.jscomp.NodeUtil,NO,,,NO_SUITE,
Closure,75,MIO (EvoSuite SBST),com.google.javascript.jscomp.NodeUtil,YES,NodeUtil_ESTest.java,db051ace9ba3d61f922b25869e3f2ae88f4d041c1baa3f6fe380ef4f205a6b88,READY,
Closure,75,DeepSeek V4 Flash,com.google.javascript.jscomp.NodeUtil,YES,NodeUtilDeepseekTest.java,856dacc54447b5885167b28327ebdb61e0abd4a3a315cbdb4e5a185a1662bb9e,READY,
Closure,75,Gemini 3.8 Flash,com.google.javascript.jscomp.NodeUtil,YES,NodeUtilGeminiTest.java,9fe6c4309455f0088383f44e512c000a1cc933d1ac17874106c9e90f8b7a85c6,READY,
Closure,76,IPO (Native IPO),com.google.javascript.jscomp.DeadAssignmentsElimination,NO,,,NO_SUITE,
Closure,76,MIO (EvoSuite SBST),com.google.javascript.jscomp.DeadAssignmentsElimination,YES,DeadAssignmentsElimination_ESTest.java,7288d01d3acaec672c501bbd96bd8346337524a74b1b13abf01f5ed1c807c74b,READY,
Closure,76,DeepSeek V4 Flash,com.google.javascript.jscomp.DeadAssignmentsElimination,YES,DeadAssignmentsEliminationDeepseekTest.java,b81bb4b16b8cea358f5618929c4026e611af38b69f4a9ee6b013da5c87f7c942,READY,
Closure,76,Gemini 3.8 Flash,com.google.javascript.jscomp.DeadAssignmentsElimination,YES,DeadAssignmentsEliminationGeminiTest.java,df5115df2dfae8c665fc0c82bfcb02b42c6618ddb619a6982fa931368ad665b7,READY,
Closure,77,IPO (Native IPO),com.google.javascript.jscomp.CodeGenerator,NO,,,NO_SUITE,
Closure,77,MIO (EvoSuite SBST),com.google.javascript.jscomp.CodeGenerator,YES,CodeGenerator_ESTest.java,1b66328803f2d223e108e6c4583d0eb7284020a676cfe8f7ae7c8834200bb3fe,READY,
Closure,77,DeepSeek V4 Flash,com.google.javascript.jscomp.CodeGenerator,YES,CodeGeneratorDeepseekTest.java,0bfc7aac2448f61109f56990e150e1b046d402be1b9b602a32b635a100cbc1d6,READY,
Closure,77,Gemini 3.8 Flash,com.google.javascript.jscomp.CodeGenerator,YES,CodeGeneratorGeminiTest.java,97b6f9e7bb09deab419e4d6d50d2e60cd21e702e3dd5a7d5ce2924a087926338,READY,
Closure,78,IPO (Native IPO),com.google.javascript.jscomp.PeepholeFoldConstants,NO,,,NO_SUITE,
Closure,78,MIO (EvoSuite SBST),com.google.javascript.jscomp.PeepholeFoldConstants,YES,PeepholeFoldConstants_ESTest.java,5304a4c8ac948e5e534d09bd0f7e3edba4bbb182e4bfb04218810e8029d32796,READY,
Closure,78,DeepSeek V4 Flash,com.google.javascript.jscomp.PeepholeFoldConstants,YES,PeepholeFoldConstantsDeepseekTest.java,87837fad64123f911b813c64ddf118c4201cab3f7fffc6e2b7976b3b583329ef,READY,
Closure,78,Gemini 3.8 Flash,com.google.javascript.jscomp.PeepholeFoldConstants,YES,PeepholeFoldConstantsGeminiTest.java,3e415c2c1d66ea12c81ab039e1ed36c18c64488e5bc2ccaae3cd6c4ed54738aa,READY,
Closure,79,IPO (Native IPO),com.google.javascript.jscomp.Normalize;com.google.javascript.jscomp.VarCheck,NO,,,NO_SUITE,
Closure,79,MIO (EvoSuite SBST),com.google.javascript.jscomp.Normalize;com.google.javascript.jscomp.VarCheck,YES,Normalize_ESTest.java;VarCheck_ESTest.java,4bfdd4590b54c59bb1c567cfa118d797716fc70e4499c0cbda53024d58556031,READY,
Closure,79,DeepSeek V4 Flash,com.google.javascript.jscomp.Normalize;com.google.javascript.jscomp.VarCheck,YES,VarCheckDeepseekTest.java,4c638e5717ca3526cf4b9aea6816014b61423e45027eb212c25713b4cb7bd152,READY,
Closure,79,Gemini 3.8 Flash,com.google.javascript.jscomp.Normalize;com.google.javascript.jscomp.VarCheck,YES,NormalizeGeminiTest.java;VarCheckGeminiTest.java,fefa77484d20da6a99d85fe268ac98658d6a2fd62a8e2e3c093f65ae8b8023e0,READY,
Closure,80,IPO (Native IPO),com.google.javascript.jscomp.NodeUtil,NO,,,NO_SUITE,
Closure,80,MIO (EvoSuite SBST),com.google.javascript.jscomp.NodeUtil,YES,NodeUtil_ESTest.java,ffbac75396eadcbba540034ae8834a542d7b6b154f1d1d634025dc2bbf81f89f,READY,
Closure,80,DeepSeek V4 Flash,com.google.javascript.jscomp.NodeUtil,YES,NodeUtilDeepseekTest.java,8cae038da9f3696f8b062f46f076f899ccd816c2c778faed51dd02921d88d458,READY,
Closure,80,Gemini 3.8 Flash,com.google.javascript.jscomp.NodeUtil,YES,NodeUtilGeminiTest.java,26a0a2c439f1b9306cd7ccb8827f845f6ffa99f8724c65bd0078f1ceffe3e4e3,READY,
Closure,81,IPO (Native IPO),com.google.javascript.jscomp.parsing.IRFactory,NO,,,NO_SUITE,
Closure,81,MIO (EvoSuite SBST),com.google.javascript.jscomp.parsing.IRFactory,YES,IRFactory_ESTest.java,c0e065a9c520bfc8e943ffc4434768e5ca404e4d652935a9718884eac7044640,READY,
Closure,81,DeepSeek V4 Flash,com.google.javascript.jscomp.parsing.IRFactory,NO,,,NO_SUITE,
Closure,81,Gemini 3.8 Flash,com.google.javascript.jscomp.parsing.IRFactory,NO,,,NO_SUITE,
Closure,82,IPO (Native IPO),com.google.javascript.rhino.jstype.JSType,NO,,,NO_SUITE,
Closure,82,MIO (EvoSuite SBST),com.google.javascript.rhino.jstype.JSType,YES,JSType_ESTest.java,c6376865596f270561dd2631552d1a3775e54dab0faf78b25aaa548a18752e10,READY,
Closure,82,DeepSeek V4 Flash,com.google.javascript.rhino.jstype.JSType,YES,JSTypeDeepseekTest.java,752a5b708aa419575ba48d04d1cbd06fa43cab369d991a76e3879b527e3678b6,READY,
Closure,82,Gemini 3.8 Flash,com.google.javascript.rhino.jstype.JSType,YES,JSTypeGeminiTest.java,1b9c888be7f24372e5c979eea1770f1af87d2ad1f05f38ff5dd03d5a9998d6e7,READY,
Closure,83,IPO (Native IPO),com.google.javascript.jscomp.CommandLineRunner,NO,,,NO_SUITE,
Closure,83,MIO (EvoSuite SBST),com.google.javascript.jscomp.CommandLineRunner,YES,CommandLineRunner_ESTest.java,4bbc1e0b1ba91a6c3491c384c27391607690b59308f49cd23685c714ba8594a6,READY,
Closure,83,DeepSeek V4 Flash,com.google.javascript.jscomp.CommandLineRunner,YES,CommandLineRunnerDeepseekTest.java,4593c5c723819bed5c50c0e6a8e579636beb848a5c3c8303897635be55d0dff3,READY,
Closure,83,Gemini 3.8 Flash,com.google.javascript.jscomp.CommandLineRunner,YES,CommandLineRunnerGeminiTest.java,af8ef84b07d7be00fa035a5fa243a8f3542701eaa0fb5d50918dacf518474684,READY,
Closure,84,IPO (Native IPO),com.google.javascript.jscomp.parsing.IRFactory,NO,,,NO_SUITE,
Closure,84,MIO (EvoSuite SBST),com.google.javascript.jscomp.parsing.IRFactory,YES,IRFactory_ESTest.java,53467b64217a50ef2fec64ae54d5d736801414ea22237ae5624003622a652fc6,READY,
Closure,84,DeepSeek V4 Flash,com.google.javascript.jscomp.parsing.IRFactory,NO,,,NO_SUITE,
Closure,84,Gemini 3.8 Flash,com.google.javascript.jscomp.parsing.IRFactory,NO,,,NO_SUITE,
Closure,85,IPO (Native IPO),com.google.javascript.jscomp.UnreachableCodeElimination,NO,,,NO_SUITE,
Closure,85,MIO (EvoSuite SBST),com.google.javascript.jscomp.UnreachableCodeElimination,YES,UnreachableCodeElimination_ESTest.java,40a51cca3959bf937ecf1a5b77e4b68673f07012e6009b4a5bad799fe54afacd,READY,
Closure,85,DeepSeek V4 Flash,com.google.javascript.jscomp.UnreachableCodeElimination,YES,UnreachableCodeEliminationDeepseekTest.java,05fbb398d432333efac828549386cc321e31212bf058be2a4c1b128a4bbe1a51,READY,
Closure,85,Gemini 3.8 Flash,com.google.javascript.jscomp.UnreachableCodeElimination,YES,UnreachableCodeEliminationGeminiTest.java,2ba552e884e906660983aa8a316682e16eed52240cf9448235c18046432d888b,READY,
Closure,86,IPO (Native IPO),com.google.javascript.jscomp.NodeUtil,NO,,,NO_SUITE,
Closure,86,MIO (EvoSuite SBST),com.google.javascript.jscomp.NodeUtil,YES,NodeUtil_ESTest.java,52bfeec1cf4b0f96d7140425b573ed5538f144a7e6ebcd6f3023b17e6a0663a8,READY,
Closure,86,DeepSeek V4 Flash,com.google.javascript.jscomp.NodeUtil,YES,NodeUtilDeepseekTest.java,79065c72b2ce3d44d51833f6e12241b0dda4830e8fa548f27447e64ed4bb5994,READY,
Closure,86,Gemini 3.8 Flash,com.google.javascript.jscomp.NodeUtil,YES,NodeUtilGeminiTest.java,811775545be878222d2db8d23b2c923b3f9cb775bd242166b18d7c3144b49fce,READY,
Closure,87,IPO (Native IPO),com.google.javascript.jscomp.PeepholeSubstituteAlternateSyntax,NO,,,NO_SUITE,
Closure,87,MIO (EvoSuite SBST),com.google.javascript.jscomp.PeepholeSubstituteAlternateSyntax,YES,PeepholeSubstituteAlternateSyntax_ESTest.java,fddd6786aeb6adf87cda19d09ed868da7e9d4ec8cf44cc282c5ffb7966d3b6a2,READY,
Closure,87,DeepSeek V4 Flash,com.google.javascript.jscomp.PeepholeSubstituteAlternateSyntax,YES,PeepholeSubstituteAlternateSyntaxDeepseekTest.java,62710161795e7ad56e6b6f115dac508b0d607c08c6656f1a519032b807fbc764,READY,
Closure,87,Gemini 3.8 Flash,com.google.javascript.jscomp.PeepholeSubstituteAlternateSyntax,YES,PeepholeSubstituteAlternateSyntaxGeminiTest.java,8254e76e73dd9a7c3f2022441310c973989bcfce922cbdd7004d0fca530db7ef,READY,
Closure,88,IPO (Native IPO),com.google.javascript.jscomp.DeadAssignmentsElimination,NO,,,NO_SUITE,
Closure,88,MIO (EvoSuite SBST),com.google.javascript.jscomp.DeadAssignmentsElimination,YES,DeadAssignmentsElimination_ESTest.java,3e7c44a0869ba591dfbc32603fc284d74d534b11d48376ff927ce9030fa54a03,READY,
Closure,88,DeepSeek V4 Flash,com.google.javascript.jscomp.DeadAssignmentsElimination,YES,DeadAssignmentsEliminationDeepseekTest.java,b5fd6b4110cd86642e46c15ad3c7c4960ac1d16cc6538063ff121fa83e53bd50,READY,
Closure,88,Gemini 3.8 Flash,com.google.javascript.jscomp.DeadAssignmentsElimination,YES,DeadAssignmentsEliminationGeminiTest.java,74186b658109b2d4c0f2201b074935f00d848a357496c75a9b218e8107df481d,READY,
Closure,89,IPO (Native IPO),com.google.javascript.jscomp.CollapseProperties;com.google.javascript.jscomp.GlobalNamespace,NO,,,NO_SUITE,
Closure,89,MIO (EvoSuite SBST),com.google.javascript.jscomp.CollapseProperties;com.google.javascript.jscomp.GlobalNamespace,YES,CollapseProperties_ESTest.java;GlobalNamespace_ESTest.java,6c26ffe4c85abad7a63d366b3bae7a910e654e9df4b855fa65849b1eb7a10d7b,READY,
Closure,89,DeepSeek V4 Flash,com.google.javascript.jscomp.CollapseProperties;com.google.javascript.jscomp.GlobalNamespace,YES,CollapsePropertiesDeepseekTest.java;GlobalNamespaceDeepseekTest.java,a3cbf3584b862c3cf2df8a47a65045fc6ced851659596e3f12c822a1955a3c4f,READY,
Closure,89,Gemini 3.8 Flash,com.google.javascript.jscomp.CollapseProperties;com.google.javascript.jscomp.GlobalNamespace,YES,CollapsePropertiesGeminiTest.java;GlobalNamespaceGeminiTest.java,6cfb83eda744d2dcf97a90216c9d6ed66279bdfeafc3249ccd1b8cb7e819d423,READY,
Closure,90,IPO (Native IPO),com.google.javascript.jscomp.FunctionTypeBuilder;com.google.javascript.rhino.jstype.FunctionType,NO,,,NO_SUITE,
Closure,90,MIO (EvoSuite SBST),com.google.javascript.jscomp.FunctionTypeBuilder;com.google.javascript.rhino.jstype.FunctionType,YES,FunctionTypeBuilder_ESTest.java;FunctionType_ESTest.java,d89fe27beb38296b07cd22d43db21b37a45b54944533dbac491c106b9438b0c2,READY,
Closure,90,DeepSeek V4 Flash,com.google.javascript.jscomp.FunctionTypeBuilder;com.google.javascript.rhino.jstype.FunctionType,YES,FunctionTypeBuilderDeepseekTest.java;FunctionTypeDeepseekTest.java,91809d3b01055412c428f297de5f3182ef562f3ddeb3da34e201664a5f05dff9,READY,
Closure,90,Gemini 3.8 Flash,com.google.javascript.jscomp.FunctionTypeBuilder;com.google.javascript.rhino.jstype.FunctionType,YES,FunctionTypeBuilderGeminiTest.java;FunctionTypeGeminiTest.java,d4de8aad1c824ed76310c4eaadde95f81246c9aed15fd7e18f9ea7a5d8c3a31d,READY,
Closure,91,IPO (Native IPO),com.google.javascript.jscomp.CheckGlobalThis,NO,,,NO_SUITE,
Closure,91,MIO (EvoSuite SBST),com.google.javascript.jscomp.CheckGlobalThis,YES,CheckGlobalThis_ESTest.java,a93422046bef705df72ea40f373743e0bd7fc09d3f85e93e018e5aee8e5b2945,READY,
Closure,91,DeepSeek V4 Flash,com.google.javascript.jscomp.CheckGlobalThis,YES,CheckGlobalThisDeepseekTest.java,f893aebe67549f1469f8e5d5bd46e4ddf2f5e44bf2c2fb73d6dc905d02d025c1,READY,
Closure,91,Gemini 3.8 Flash,com.google.javascript.jscomp.CheckGlobalThis,YES,CheckGlobalThisGeminiTest.java,1e4b7b5ec7ca802b0a301a96f21582a9187339ba51f4848bb554443118e596bf,READY,
Closure,92,IPO (Native IPO),com.google.javascript.jscomp.ProcessClosurePrimitives,NO,,,NO_SUITE,
Closure,92,MIO (EvoSuite SBST),com.google.javascript.jscomp.ProcessClosurePrimitives,YES,ProcessClosurePrimitives_ESTest.java,ace45db1959b1014db40c96397e954384486184f2861974e972ab5b538a0cbd1,READY,
Closure,92,DeepSeek V4 Flash,com.google.javascript.jscomp.ProcessClosurePrimitives,YES,ProcessClosurePrimitivesDeepseekTest.java,7bfeee163daf5a9dc85cac09b19317024ec3bcbd77d8db39bc9bbdd7c015d0f3,READY,
Closure,92,Gemini 3.8 Flash,com.google.javascript.jscomp.ProcessClosurePrimitives,YES,ProcessClosurePrimitivesGeminiTest.java,19a9c506339b5778f125c149e24a7b49ae41069a46d5771cafbadadb4dedc739,READY,
Closure,94,IPO (Native IPO),com.google.javascript.jscomp.NodeUtil,YES,NodeUtil_IPOTest.java,6c03410fff3bc0025a1d80a7432bd10e2bd901dfd477609da4a732b7b604ad92,READY,
Closure,94,MIO (EvoSuite SBST),com.google.javascript.jscomp.NodeUtil,YES,NodeUtil_ESTest.java,70f4bc68083cf58484e74207d33ee59f68c798854d5db8f75daf1c69d22114d5,READY,
Closure,94,DeepSeek V4 Flash,com.google.javascript.jscomp.NodeUtil,YES,NodeUtilDeepseekTest.java,1b45b3e02f74aa5fdb6526cb613e68b8195e82a694953440990d8aa79d07c3ee,READY,
Closure,94,Gemini 3.8 Flash,com.google.javascript.jscomp.NodeUtil,YES,NodeUtilGeminiTest.java,3dbec3286c44f0a01c0568c869572d19ae8b596dc72d2215a4277771074ab1ac,READY,
Closure,95,IPO (Native IPO),com.google.javascript.jscomp.TypedScopeCreator,NO,,,NO_SUITE,
Closure,95,MIO (EvoSuite SBST),com.google.javascript.jscomp.TypedScopeCreator,YES,TypedScopeCreator_ESTest.java,41ae17cde0b420ccd44163b17fc8b8ffc2971bf3241e52bcc6c19e76e3a5cc78,READY,
Closure,95,DeepSeek V4 Flash,com.google.javascript.jscomp.TypedScopeCreator,YES,TypedScopeCreatorDeepseekTest.java,c9af2e8625ca032108b9c0451945679146fc90e04d8035ea25a74610c951c5b3,READY,
Closure,95,Gemini 3.8 Flash,com.google.javascript.jscomp.TypedScopeCreator,YES,TypedScopeCreatorGeminiTest.java,63a86fe385ae3e8afe1086fcf0b63502692e9a8996836b0f41a391c56de2f5ea,READY,
Closure,96,IPO (Native IPO),com.google.javascript.jscomp.TypeCheck,NO,,,NO_SUITE,
Closure,96,MIO (EvoSuite SBST),com.google.javascript.jscomp.TypeCheck,YES,TypeCheck_ESTest.java,9c8fd802e71711c4c829e9daa1f84bd2f817f296bc138a42e01a348d946d79e7,READY,
Closure,96,DeepSeek V4 Flash,com.google.javascript.jscomp.TypeCheck,YES,TypeCheckDeepseekTest.java,3b2b80c2b00fca8ede224cf2bd85551759befd4a48dff460495a595df50f33eb,READY,
Closure,96,Gemini 3.8 Flash,com.google.javascript.jscomp.TypeCheck,YES,TypeCheckGeminiTest.java,b9cf5d3bdd347e44248a061f92bf1589d6acc34f9102764d3855441833caf195,READY,
Closure,97,IPO (Native IPO),com.google.javascript.jscomp.PeepholeFoldConstants,NO,,,NO_SUITE,
Closure,97,MIO (EvoSuite SBST),com.google.javascript.jscomp.PeepholeFoldConstants,YES,PeepholeFoldConstants_ESTest.java,f84d1ad0edf295fed9c5adedb37647db36167fb9ea4db0ccf3856fb3a0b905f1,READY,
Closure,97,DeepSeek V4 Flash,com.google.javascript.jscomp.PeepholeFoldConstants,YES,PeepholeFoldConstantsDeepseekTest.java,590d0061d86ea24e85bf97795c60bf6c7d6b9e440cbfe976266f42db4f2262f0,READY,
Closure,97,Gemini 3.8 Flash,com.google.javascript.jscomp.PeepholeFoldConstants,YES,PeepholeFoldConstantsGeminiTest.java,d1c39d56bcc045d15ec9d18e40918340eb33c9d272f5135ffc184c8f7c8dd6ce,READY,
Closure,98,IPO (Native IPO),com.google.javascript.jscomp.ReferenceCollectingCallback,NO,,,NO_SUITE,
Closure,98,MIO (EvoSuite SBST),com.google.javascript.jscomp.ReferenceCollectingCallback,YES,ReferenceCollectingCallback_ESTest.java,fc5f425989e04e29ab0de12d57135ec7d6e58ca0be0dff653d4fa31d4b5bbe5b,READY,
Closure,98,DeepSeek V4 Flash,com.google.javascript.jscomp.ReferenceCollectingCallback,YES,ReferenceCollectingCallbackDeepseekTest.java,7cf94b71d27de70fff2c970cdcc6edd1b5aad2cca687055e1f09552822c93121,READY,
Closure,98,Gemini 3.8 Flash,com.google.javascript.jscomp.ReferenceCollectingCallback,YES,ReferenceCollectingCallbackGeminiTest.java,e95a3c73af937e945af110b37bd941d811a3f0f9bb1a1363631f180eb57ccb83,READY,
Closure,99,IPO (Native IPO),com.google.javascript.jscomp.CheckGlobalThis,NO,,,NO_SUITE,
Closure,99,MIO (EvoSuite SBST),com.google.javascript.jscomp.CheckGlobalThis,YES,CheckGlobalThis_ESTest.java,2d1dcdf02edcac5fbbff80c145adda8e6621fb32eab1c9375fbc979becb49359,READY,
Closure,99,DeepSeek V4 Flash,com.google.javascript.jscomp.CheckGlobalThis,YES,CheckGlobalThisDeepseekTest.java,7d017984872e099865eface8a345e638f2c5b15ef6f0592da9dc80cf7f7cf56b,READY,
Closure,99,Gemini 3.8 Flash,com.google.javascript.jscomp.CheckGlobalThis,YES,CheckGlobalThisGeminiTest.java,ddf7bfd403decaabe69477e68352904db837f547fe4b720237486c77771c98dc,READY,
Closure,100,IPO (Native IPO),com.google.javascript.jscomp.CheckGlobalThis,NO,,,NO_SUITE,
Closure,100,MIO (EvoSuite SBST),com.google.javascript.jscomp.CheckGlobalThis,YES,CheckGlobalThis_ESTest.java;CheckGlobalThis_ESTest.java,80307d20f908143b8c0e15a54fd6e941cfbaeb9a778b50b1151d498d1fe11fbc,READY,
Closure,100,DeepSeek V4 Flash,com.google.javascript.jscomp.CheckGlobalThis,YES,CheckGlobalThisDeepseekTest.java,a34e29ecf94b88bfd8fa0a2cbb71f53351c9840128a8e92ac67dddd7f37297eb,READY,
Closure,100,Gemini 3.8 Flash,com.google.javascript.jscomp.CheckGlobalThis,YES,CheckGlobalThisGeminiTest.java,45ba7df5f8a2d448d1976871cfbea22ef0153065da10cceac7c87029fe759e43,READY,
Closure,101,IPO (Native IPO),com.google.javascript.jscomp.CommandLineRunner,NO,,,NO_SUITE,
Closure,101,MIO (EvoSuite SBST),com.google.javascript.jscomp.CommandLineRunner,YES,CommandLineRunner_ESTest.java,6eeeebc7f9a77fab56ded7ea6922f77e92443920f23d1ad9f31df98ad36bf492,READY,
Closure,101,DeepSeek V4 Flash,com.google.javascript.jscomp.CommandLineRunner,YES,CommandLineRunnerDeepseekTest.java,1d8ede6a11dcbd1ba42b5d85c5f7c413ded661d566c8542c22b195983aaeb2d9,READY,
Closure,101,Gemini 3.8 Flash,com.google.javascript.jscomp.CommandLineRunner,YES,CommandLineRunnerGeminiTest.java,b75411c3ebf744da38d9ab4d814914b491a17dacfb57718b111dffb6919a8484,READY,
Closure,102,IPO (Native IPO),com.google.javascript.jscomp.Normalize,NO,,,NO_SUITE,
Closure,102,MIO (EvoSuite SBST),com.google.javascript.jscomp.Normalize,YES,Normalize_ESTest.java,5f361aea9e209d383f2404d1bb2ae90b3f8b2b8a10e9c36a7e288ee9e9d6f665,READY,
Closure,102,DeepSeek V4 Flash,com.google.javascript.jscomp.Normalize,YES,NormalizeDeepseekTest.java,1e8422cb0b06b2a554d371a6af632cccff04ab47e08cd9b956eaa15f4c39f364,READY,
Closure,102,Gemini 3.8 Flash,com.google.javascript.jscomp.Normalize,YES,NormalizeGeminiTest.java,f02392a01bdaa4102782c3ba3d97e2ba5070e1f1426a00ef0698015df93ec976,READY,
Closure,103,IPO (Native IPO),com.google.javascript.jscomp.ControlFlowAnalysis;com.google.javascript.jscomp.DisambiguateProperties,NO,,,NO_SUITE,
Closure,103,MIO (EvoSuite SBST),com.google.javascript.jscomp.ControlFlowAnalysis;com.google.javascript.jscomp.DisambiguateProperties,YES,ControlFlowAnalysis_ESTest.java;DisambiguateProperties_ESTest.java,17aa3e2f9f92e8708969e02ef16c2ea666fa3267562f6c34b419bb724ed82aaa,READY,
Closure,103,DeepSeek V4 Flash,com.google.javascript.jscomp.ControlFlowAnalysis;com.google.javascript.jscomp.DisambiguateProperties,YES,ControlFlowAnalysisDeepseekTest.java;DisambiguatePropertiesDeepseekTest.java,6a78096186203d1f843ac86f94f42d2549eca32eb9d8d7f802f61f6b3f8f846d,READY,
Closure,103,Gemini 3.8 Flash,com.google.javascript.jscomp.ControlFlowAnalysis;com.google.javascript.jscomp.DisambiguateProperties,YES,ControlFlowAnalysisGeminiTest.java;DisambiguatePropertiesGeminiTest.java,e882a438d293d2a267d41f6ed5cbea2498362523fdfe82f3db2766e443e9d5c5,READY,
Closure,104,IPO (Native IPO),com.google.javascript.rhino.jstype.UnionType,NO,,,NO_SUITE,
Closure,104,MIO (EvoSuite SBST),com.google.javascript.rhino.jstype.UnionType,YES,UnionType_ESTest.java,e1ebf3d54fa45d259126a4d60880d5b76608259822f93229e454f9a2344e5edc,READY,
Closure,104,DeepSeek V4 Flash,com.google.javascript.rhino.jstype.UnionType,YES,UnionTypeDeepseekTest.java,7576addfe56a1b7e48d3b6956f753f7aa3443df571b36468a6fbed6df6da216a,READY,
Closure,104,Gemini 3.8 Flash,com.google.javascript.rhino.jstype.UnionType,YES,UnionTypeGeminiTest.java,6fcf4a198ac5a26061c56897bcf499c5ac0620222fe4c2b497e18e4a18ade795,READY,
Closure,105,IPO (Native IPO),com.google.javascript.jscomp.FoldConstants,NO,,,NO_SUITE,
Closure,105,MIO (EvoSuite SBST),com.google.javascript.jscomp.FoldConstants,YES,FoldConstants_ESTest.java,8eb233ca1062504bf7a4fd2c25303037493f2c7eff7110725a71b6a43283e9c0,READY,
Closure,105,DeepSeek V4 Flash,com.google.javascript.jscomp.FoldConstants,YES,FoldConstantsDeepseekTest.java,4c51b036313f281c28c351c892fad0f3072841504f42aee51f5bc1a0f644bf72,READY,
Closure,105,Gemini 3.8 Flash,com.google.javascript.jscomp.FoldConstants,YES,FoldConstantsGeminiTest.java,c4da1f0bb0fd8e03492be8f003ea94d5a36cce3056ccbb822c6cf730a9fba7f9,READY,
Closure,106,IPO (Native IPO),com.google.javascript.jscomp.GlobalNamespace;com.google.javascript.rhino.JSDocInfoBuilder,YES,JSDocInfoBuilder_IPOTest.java,7a06cbc95bc28c09400fb0cbf1aa47cefa9dabd7374cdcbe68df723072834a20,READY,
Closure,106,MIO (EvoSuite SBST),com.google.javascript.jscomp.GlobalNamespace;com.google.javascript.rhino.JSDocInfoBuilder,YES,GlobalNamespace_ESTest.java;JSDocInfoBuilder_ESTest.java,12a24f6d653bd2c2bed5860f27188b2b0f1e99086f05ccfae1d68f6bf6de09fb,READY,
Closure,106,DeepSeek V4 Flash,com.google.javascript.jscomp.GlobalNamespace;com.google.javascript.rhino.JSDocInfoBuilder,YES,GlobalNamespaceDeepseekTest.java;JSDocInfoBuilderDeepseekTest.java,77bc0d637d72a2e6a539f979f994ee1f0330cf2df2a9c89836b90a2a72cdc88d,READY,
Closure,106,Gemini 3.8 Flash,com.google.javascript.jscomp.GlobalNamespace;com.google.javascript.rhino.JSDocInfoBuilder,YES,GlobalNamespaceGeminiTest.java;JSDocInfoBuilderGeminiTest.java,2ad0d5199d785f56062178bd4c73eb73bbde68cfe0b7ad451715581a07241be9,READY,
Closure,107,IPO (Native IPO),com.google.javascript.jscomp.CommandLineRunner,NO,,,NO_SUITE,
Closure,107,MIO (EvoSuite SBST),com.google.javascript.jscomp.CommandLineRunner,YES,CommandLineRunner_ESTest.java,bda86113b37e9e9d3021773537a703474058799a1aeb57b8f8642db819a95041,READY,
Closure,107,DeepSeek V4 Flash,com.google.javascript.jscomp.CommandLineRunner,YES,CommandLineRunnerDeepseekTest.java,7389916548cac39e17bd5daeac038d89373abd63ff05a8a171455be59a14d201,READY,
Closure,107,Gemini 3.8 Flash,com.google.javascript.jscomp.CommandLineRunner,YES,CommandLineRunnerGeminiTest.java,700625364681090722a69d7a82f13d13f0345be70666e675dffd2614fd5e8563,READY,
Closure,108,IPO (Native IPO),com.google.javascript.jscomp.ScopedAliases,NO,,,NO_SUITE,
Closure,108,MIO (EvoSuite SBST),com.google.javascript.jscomp.ScopedAliases,YES,ScopedAliases_ESTest.java,ad9d2bfc34f38606362329cb0ac6007e828d45e5ab15af385b7cab5196a12ec3,READY,
Closure,108,DeepSeek V4 Flash,com.google.javascript.jscomp.ScopedAliases,YES,ScopedAliasesDeepseekTest.java,912f82ba8f26898d2d2ac239d28356d36b99fd180fb7bd1324a6ce6d5b4ca5f7,READY,
Closure,108,Gemini 3.8 Flash,com.google.javascript.jscomp.ScopedAliases,YES,ScopedAliasesGeminiTest.java,814e435d14adfed1e07234e30d7a7dcde772d01c313dd0339ffac0bc3882f5ac,READY,
Closure,109,IPO (Native IPO),com.google.javascript.jscomp.parsing.JsDocInfoParser,NO,,,NO_SUITE,
Closure,109,MIO (EvoSuite SBST),com.google.javascript.jscomp.parsing.JsDocInfoParser,YES,JsDocInfoParser_ESTest.java,60275ca4483a94fc044b3d51e7a1f9f57bb5e441c5c56496bfaa814ed2a8ed3e,READY,
Closure,109,DeepSeek V4 Flash,com.google.javascript.jscomp.parsing.JsDocInfoParser,YES,JsDocInfoParserDeepseekTest.java,5908e19ef843bf188a45d7a51543e8d7328ef2d611b15220de508ee1deb0d2d7,READY,
Closure,109,Gemini 3.8 Flash,com.google.javascript.jscomp.parsing.JsDocInfoParser,YES,JsDocInfoParserGeminiTest.java,21c54b0eaf175568b6afe66b143931cbb9c910d04a7896f1c68d586273e113cc,READY,
Closure,110,IPO (Native IPO),com.google.javascript.jscomp.ScopedAliases;com.google.javascript.rhino.Node,NO,,,NO_SUITE,
Closure,110,MIO (EvoSuite SBST),com.google.javascript.jscomp.ScopedAliases;com.google.javascript.rhino.Node,YES,Node_ESTest.java;ScopedAliases_ESTest.java,497ecfe8b3e08360fb6e3a3332d5f3c3f5d4fb2f35fe9c000cc907716abd5f47,READY,
Closure,110,DeepSeek V4 Flash,com.google.javascript.jscomp.ScopedAliases;com.google.javascript.rhino.Node,YES,ScopedAliasesDeepseekTest.java,8dcdc23e9ff7af9df536865e288e2e4c6868d87611e7bbb4e5a5d9eedeb301ac,READY,
Closure,110,Gemini 3.8 Flash,com.google.javascript.jscomp.ScopedAliases;com.google.javascript.rhino.Node,YES,ScopedAliasesGeminiTest.java,612ebb1ba4793b0c0b1a16c87b1c85b8eb243fb90c5742caf0a62ab5e61c9444,READY,
Closure,111,IPO (Native IPO),com.google.javascript.jscomp.type.ClosureReverseAbstractInterpreter,NO,,,NO_SUITE,
Closure,111,MIO (EvoSuite SBST),com.google.javascript.jscomp.type.ClosureReverseAbstractInterpreter,YES,ClosureReverseAbstractInterpreter_ESTest.java,efab5ea1423a4e90f08d7fbada4660dc863107f44d4bc4408d84227ddef67433,READY,
Closure,111,DeepSeek V4 Flash,com.google.javascript.jscomp.type.ClosureReverseAbstractInterpreter,YES,ClosureReverseAbstractInterpreterDeepseekTest.java,dfd2297067b27cb0c54daf6cc4866c2dfb0843b911409a5afe35e28aa3569297,READY,
Closure,111,Gemini 3.8 Flash,com.google.javascript.jscomp.type.ClosureReverseAbstractInterpreter,YES,ClosureReverseAbstractInterpreterGeminiTest.java,a2e9b898636e9494d1a4575bb6d02ff7fc4ce2d807e482ff6cd37c3eabb2f8d0,READY,
Closure,112,IPO (Native IPO),com.google.javascript.jscomp.TypeInference,NO,,,NO_SUITE,
Closure,112,MIO (EvoSuite SBST),com.google.javascript.jscomp.TypeInference,YES,TypeInference_ESTest.java,27da0aef80dfa6c4698c98940955d325c6f9fcfd046bb493bf535736f781ae21,READY,
Closure,112,DeepSeek V4 Flash,com.google.javascript.jscomp.TypeInference,YES,TypeInferenceDeepseekTest.java,1b430edd4b2ec122c9f112a94aa62982e4da892562bac5559361530b0a2a4a29,READY,
Closure,112,Gemini 3.8 Flash,com.google.javascript.jscomp.TypeInference,YES,TypeInferenceGeminiTest.java,d997b38b12b046fa761472bb2b6573d02130695925de587ec8efd5e5f140da9a,READY,
Closure,113,IPO (Native IPO),com.google.javascript.jscomp.ProcessClosurePrimitives,NO,,,NO_SUITE,
Closure,113,MIO (EvoSuite SBST),com.google.javascript.jscomp.ProcessClosurePrimitives,YES,ProcessClosurePrimitives_ESTest.java,b8a685ae319b08da7744eba987bcf95d3b6f0eda7ee33aee0a8e1e8d5ed2fe79,READY,
Closure,113,DeepSeek V4 Flash,com.google.javascript.jscomp.ProcessClosurePrimitives,YES,ProcessClosurePrimitivesDeepseekTest.java,3d96fa3065f1dfaa83e005b96e52e4633652b755306ae36072a289f11a34f69c,READY,
Closure,113,Gemini 3.8 Flash,com.google.javascript.jscomp.ProcessClosurePrimitives,YES,ProcessClosurePrimitivesGeminiTest.java,485a6d4f640c806ee17927b6b9e4552996b3d74cd4ccd593e199c2ea85bef591,READY,
Closure,114,IPO (Native IPO),com.google.javascript.jscomp.NameAnalyzer,NO,,,NO_SUITE,
Closure,114,MIO (EvoSuite SBST),com.google.javascript.jscomp.NameAnalyzer,YES,NameAnalyzer_ESTest.java,ec9d485e4b0e193739200c768efd533c7fe0b9b488ac51d4313ebd53fcf21e6d,READY,
Closure,114,DeepSeek V4 Flash,com.google.javascript.jscomp.NameAnalyzer,YES,NameAnalyzerDeepseekTest.java,9a9911d29dad8a9b8f4de297ec46797ab1ec07fbd702b511287be33da1c88696,READY,
Closure,114,Gemini 3.8 Flash,com.google.javascript.jscomp.NameAnalyzer,YES,NameAnalyzerGeminiTest.java,dbc4569b2b506bafba2fd53d0420813a1927bf1b9dde07c5b762c12f310bdeac,READY,
Closure,115,IPO (Native IPO),com.google.javascript.jscomp.FunctionInjector,NO,,,NO_SUITE,
Closure,115,MIO (EvoSuite SBST),com.google.javascript.jscomp.FunctionInjector,YES,FunctionInjector_ESTest.java,5846f725604e2055aa7a31b2762b2b645a87193806a36f7ad249d2fbcc0e4455,READY,
Closure,115,DeepSeek V4 Flash,com.google.javascript.jscomp.FunctionInjector,YES,FunctionInjectorDeepseekTest.java,a031fff902ada74b02ae30648028d0077a1978ed2828f495f9404e7344cb5af5,READY,
Closure,115,Gemini 3.8 Flash,com.google.javascript.jscomp.FunctionInjector,YES,FunctionInjectorGeminiTest.java,47e883261c4538530a038571860a6ea9f25d1d5596c8507085ac2445a7105469,READY,
Closure,116,IPO (Native IPO),com.google.javascript.jscomp.FunctionInjector,NO,,,NO_SUITE,
Closure,116,MIO (EvoSuite SBST),com.google.javascript.jscomp.FunctionInjector,YES,FunctionInjector_ESTest.java,f2f9bf789b4ad36e0f7bb17d0a87a568011a192d488e38e6781a0f3020f0350e,READY,
Closure,116,DeepSeek V4 Flash,com.google.javascript.jscomp.FunctionInjector,YES,FunctionInjectorDeepseekTest.java,a53264fc0ea0807973ee1af272391d982e0181031f800f2ecdbf614858b5bdce,READY,
Closure,116,Gemini 3.8 Flash,com.google.javascript.jscomp.FunctionInjector,YES,FunctionInjectorGeminiTest.java,909809c891b2030b1436b465ea90a65b02937dff031271db230bf92a6480a8c4,READY,
Closure,117,IPO (Native IPO),com.google.javascript.jscomp.TypeValidator,NO,,,NO_SUITE,
Closure,117,MIO (EvoSuite SBST),com.google.javascript.jscomp.TypeValidator,YES,TypeValidator_ESTest.java,9d563d3d357c8a63497e5d5ed81121eed5e8bf04db27486c20fe94d015d1c16a,READY,
Closure,117,DeepSeek V4 Flash,com.google.javascript.jscomp.TypeValidator,YES,TypeValidatorDeepseekTest.java,8ef9c2af780dc43336331b3ff59836734d357478c7ef5a0401fc39088883619e,READY,
Closure,117,Gemini 3.8 Flash,com.google.javascript.jscomp.TypeValidator,YES,TypeValidatorGeminiTest.java,1b4901db33e502dfc75724465c0f2fab177b5d7e0ee23a7b8a2be778c8da92e1,READY,
Closure,118,IPO (Native IPO),com.google.javascript.jscomp.DisambiguateProperties,NO,,,NO_SUITE,
Closure,118,MIO (EvoSuite SBST),com.google.javascript.jscomp.DisambiguateProperties,YES,DisambiguateProperties_ESTest.java,0a2b7f1b97aad8d264d7463f62247c4c70d59b7c239a1ce1d0faf60a95900a7e,READY,
Closure,118,DeepSeek V4 Flash,com.google.javascript.jscomp.DisambiguateProperties,YES,DisambiguatePropertiesDeepseekTest.java,239cb2dae5fa88159ba51e5f9a97746435ac1e05010391276b1a1d8cef6abeb8,READY,
Closure,118,Gemini 3.8 Flash,com.google.javascript.jscomp.DisambiguateProperties,YES,DisambiguatePropertiesGeminiTest.java,9b0dd472bd1b03cfdd4fefc9ff30349b9ffbb9d778b60ab3d5e0f9ddd1624d9b,READY,
Closure,119,IPO (Native IPO),com.google.javascript.jscomp.GlobalNamespace,NO,,,NO_SUITE,
Closure,119,MIO (EvoSuite SBST),com.google.javascript.jscomp.GlobalNamespace,YES,GlobalNamespace_ESTest.java,15772f4a17bae9f8be64bb0e065467ef1a2e5c266a596ddaeded79999a0f449d,READY,
Closure,119,DeepSeek V4 Flash,com.google.javascript.jscomp.GlobalNamespace,YES,GlobalNamespaceDeepseekTest.java,f4098902e788c898dbe3fcc8b5371a4d66efdd1218c5d5d76cf076c30e092cfd,READY,
Closure,119,Gemini 3.8 Flash,com.google.javascript.jscomp.GlobalNamespace,YES,GlobalNamespaceGeminiTest.java,ecb79ca7a4b17d85866de227191d10584d7ba0988f76750283c56b9c3b3fd84a,READY,
Closure,120,IPO (Native IPO),com.google.javascript.jscomp.ReferenceCollectingCallback,NO,,,NO_SUITE,
Closure,120,MIO (EvoSuite SBST),com.google.javascript.jscomp.ReferenceCollectingCallback,YES,ReferenceCollectingCallback_ESTest.java,0edbba37e527761da2e7eb996b3f4b12f72ea7c1bc0bdcfa338100406469716b,READY,
Closure,120,DeepSeek V4 Flash,com.google.javascript.jscomp.ReferenceCollectingCallback,YES,ReferenceCollectingCallbackDeepseekTest.java,e58f781ff768ff062e5eb4177dd08bc9ce0ef17499c75c0c734e020a526527de,READY,
Closure,120,Gemini 3.8 Flash,com.google.javascript.jscomp.ReferenceCollectingCallback,YES,ReferenceCollectingCallbackGeminiTest.java,7ab4ceb0855078e1525cdd8043cddcd5116066ca677052cd7d8c941f122f2e15,READY,
Closure,121,IPO (Native IPO),com.google.javascript.jscomp.InlineVariables,NO,,,NO_SUITE,
Closure,121,MIO (EvoSuite SBST),com.google.javascript.jscomp.InlineVariables,YES,InlineVariables_ESTest.java,341adf987de5d354b399448163311ac5e1a6c54a0910b9f1d1b9c05a7a3ecf99,READY,
Closure,121,DeepSeek V4 Flash,com.google.javascript.jscomp.InlineVariables,YES,InlineVariablesDeepseekTest.java,3f8435c6662b98794f666595772cbc851d7fa4339aa737736a7b27e65d6d18b1,READY,
Closure,121,Gemini 3.8 Flash,com.google.javascript.jscomp.InlineVariables,YES,InlineVariablesGeminiTest.java,1af5cb84bdf2ff730b58fcf8b740b84ff05e0ccddf57409fdc72d6fe25d248ca,READY,
Closure,122,IPO (Native IPO),com.google.javascript.jscomp.parsing.IRFactory,NO,,,NO_SUITE,
Closure,122,MIO (EvoSuite SBST),com.google.javascript.jscomp.parsing.IRFactory,YES,IRFactory_ESTest.java,14ea664c31d663a518bd313b5df149525369430856725800d4d0b981433e11af,READY,
Closure,122,DeepSeek V4 Flash,com.google.javascript.jscomp.parsing.IRFactory,NO,,,NO_SUITE,
Closure,122,Gemini 3.8 Flash,com.google.javascript.jscomp.parsing.IRFactory,NO,,,NO_SUITE,
Closure,123,IPO (Native IPO),com.google.javascript.jscomp.CodeGenerator,NO,,,NO_SUITE,
Closure,123,MIO (EvoSuite SBST),com.google.javascript.jscomp.CodeGenerator,YES,CodeGenerator_ESTest.java,03ae035f43583004993ac50cab9a69aaa94aace191dcb657898b5882c2389e3c,READY,
Closure,123,DeepSeek V4 Flash,com.google.javascript.jscomp.CodeGenerator,NO,,,NO_SUITE,
Closure,123,Gemini 3.8 Flash,com.google.javascript.jscomp.CodeGenerator,NO,,,NO_SUITE,
Closure,124,IPO (Native IPO),com.google.javascript.jscomp.ExploitAssigns,NO,,,NO_SUITE,
Closure,124,MIO (EvoSuite SBST),com.google.javascript.jscomp.ExploitAssigns,YES,ExploitAssigns_ESTest.java,adea7591ea053d240f73e5404f086f3a881b9e229a84792d45d2fc19e50b69b9,READY,
Closure,124,DeepSeek V4 Flash,com.google.javascript.jscomp.ExploitAssigns,YES,ExploitAssignsDeepseekTest.java,e207339064f8369bad5a40e700ec5803deff0252899d9ad06d82efac6c142e0a,READY,
Closure,124,Gemini 3.8 Flash,com.google.javascript.jscomp.ExploitAssigns,YES,ExploitAssignsGeminiTest.java,ed7d2de691d27f7ef2e9e765850ad94c3d9c410af5d3383a9484614dc2c9d67b,READY,
Closure,125,IPO (Native IPO),com.google.javascript.jscomp.TypeCheck,NO,,,NO_SUITE,
Closure,125,MIO (EvoSuite SBST),com.google.javascript.jscomp.TypeCheck,YES,TypeCheck_ESTest.java,4ea27d4d3459890aa6d5ae0f5692f2159e2149e07285cb9b94cd022bea4bde74,READY,
Closure,125,DeepSeek V4 Flash,com.google.javascript.jscomp.TypeCheck,YES,TypeCheckDeepseekTest.java,9bf2e7c01a164132fc21bb3bf83cba73c162b2cc2913b64f73d492639e5662b6,READY,
Closure,125,Gemini 3.8 Flash,com.google.javascript.jscomp.TypeCheck,YES,TypeCheckGeminiTest.java,716e1284c82dd99e7bb18453d4b3939277b6cd8ef87d4e5b92d0bff3bd899054,READY,
Closure,126,IPO (Native IPO),com.google.javascript.jscomp.MinimizeExitPoints,NO,,,NO_SUITE,
Closure,126,MIO (EvoSuite SBST),com.google.javascript.jscomp.MinimizeExitPoints,YES,MinimizeExitPoints_ESTest.java,29ac08d74287333db414afe532fbb825e19c3e056066ff9b4321c21d66c7e458,READY,
Closure,126,DeepSeek V4 Flash,com.google.javascript.jscomp.MinimizeExitPoints,YES,MinimizeExitPointsDeepseekTest.java,3c2b310959e0fb8acded7a6a5806d5ab9332da8e8f2d2e0549eb572ab0345431,READY,
Closure,126,Gemini 3.8 Flash,com.google.javascript.jscomp.MinimizeExitPoints,YES,MinimizeExitPointsGeminiTest.java,3e09b05f9b0633e04bb94f934525e4bf480f451cf80585241225dc4cc8f4834e,READY,
Closure,127,IPO (Native IPO),com.google.javascript.jscomp.UnreachableCodeElimination,NO,,,NO_SUITE,
Closure,127,MIO (EvoSuite SBST),com.google.javascript.jscomp.UnreachableCodeElimination,YES,UnreachableCodeElimination_ESTest.java,563ddd683cef15d028b4bdf49bc4a9cc2d55a9416d446377cbd5b9d513b877fc,READY,
Closure,127,DeepSeek V4 Flash,com.google.javascript.jscomp.UnreachableCodeElimination,YES,UnreachableCodeEliminationDeepseekTest.java,7270f1120cefb1db3ed1231a7dd44570e0d950dfc6496fdb82c8e8ff2f7f12b0,READY,
Closure,127,Gemini 3.8 Flash,com.google.javascript.jscomp.UnreachableCodeElimination,YES,UnreachableCodeEliminationGeminiTest.java,9197aec5c8850d4966cdde3604087514d3815b3bb3856316d622de8face33424,READY,
Closure,128,IPO (Native IPO),com.google.javascript.jscomp.CodeGenerator,NO,,,NO_SUITE,
Closure,128,MIO (EvoSuite SBST),com.google.javascript.jscomp.CodeGenerator,YES,CodeGenerator_ESTest.java,d1354da1b8e8ff55369c0149790ff164cdd6e8a25831bf98eb76fd093b4f4306,READY,
Closure,128,DeepSeek V4 Flash,com.google.javascript.jscomp.CodeGenerator,NO,,,NO_SUITE,
Closure,128,Gemini 3.8 Flash,com.google.javascript.jscomp.CodeGenerator,NO,,,NO_SUITE,
Closure,129,IPO (Native IPO),com.google.javascript.jscomp.PrepareAst,NO,,,NO_SUITE,
Closure,129,MIO (EvoSuite SBST),com.google.javascript.jscomp.PrepareAst,YES,PrepareAst_ESTest.java,efac61f73051eac723fb4c38d789ad31b487cf0b5c29c5ec3704a5dde36cd231,READY,
Closure,129,DeepSeek V4 Flash,com.google.javascript.jscomp.PrepareAst,YES,PrepareAstDeepseekTest.java,462a1cb18674044c17e5ce3446f10675987ba7f2c712eeb1ea12bdc16163fd23,READY,
Closure,129,Gemini 3.8 Flash,com.google.javascript.jscomp.PrepareAst,YES,PrepareAstGeminiTest.java,5304e854a9e1eddacbd14e8a6ce8469474bdf7cfc3e2be55c2d566f4ee97990e,READY,
Closure,130,IPO (Native IPO),com.google.javascript.jscomp.CollapseProperties,NO,,,NO_SUITE,
Closure,130,MIO (EvoSuite SBST),com.google.javascript.jscomp.CollapseProperties,YES,CollapseProperties_ESTest.java,d11db201db429c35b69172ad6caf82e42612f5385b41dc6add5b83823c9a969f,READY,
Closure,130,DeepSeek V4 Flash,com.google.javascript.jscomp.CollapseProperties,YES,CollapsePropertiesDeepseekTest.java,463f561405a9917b1b5404f3c4221dfb2fdaaac1b753a70c5e23685776ff800f,READY,
Closure,130,Gemini 3.8 Flash,com.google.javascript.jscomp.CollapseProperties,YES,CollapsePropertiesGeminiTest.java,a43569cdc6da279d0121b3ff6be20e54f1d63a9520e6b03d590887f1095760b4,READY,
Closure,131,IPO (Native IPO),com.google.javascript.rhino.TokenStream,NO,,,NO_SUITE,
Closure,131,MIO (EvoSuite SBST),com.google.javascript.rhino.TokenStream,YES,TokenStream_ESTest.java,a483f8a670eb6bbc6dd176c065fea644931c6e5219b73e4eb6ab3e2c28cb7743,READY,
Closure,131,DeepSeek V4 Flash,com.google.javascript.rhino.TokenStream,NO,,,NO_SUITE,
Closure,131,Gemini 3.8 Flash,com.google.javascript.rhino.TokenStream,NO,,,NO_SUITE,
Closure,132,IPO (Native IPO),com.google.javascript.jscomp.PeepholeSubstituteAlternateSyntax,NO,,,NO_SUITE,
Closure,132,MIO (EvoSuite SBST),com.google.javascript.jscomp.PeepholeSubstituteAlternateSyntax,YES,PeepholeSubstituteAlternateSyntax_ESTest.java,06f7e0a7180ff787055108acaf5f93d8d3d4b87c5b4e22260809314fa443a657,READY,
Closure,132,DeepSeek V4 Flash,com.google.javascript.jscomp.PeepholeSubstituteAlternateSyntax,YES,PeepholeSubstituteAlternateSyntaxDeepseekTest.java,f8322f5e3598fa132c2e1276b6a91e638fd1954a30cbe43b2093c03e28cd7fbb,READY,
Closure,132,Gemini 3.8 Flash,com.google.javascript.jscomp.PeepholeSubstituteAlternateSyntax,YES,PeepholeSubstituteAlternateSyntaxGeminiTest.java,a26cf9e9aab09a1e6789beaac357232e331f66b44cddb915086b7d65db7bf251,READY,
Closure,133,IPO (Native IPO),com.google.javascript.jscomp.parsing.JsDocInfoParser,NO,,,NO_SUITE,
Closure,133,MIO (EvoSuite SBST),com.google.javascript.jscomp.parsing.JsDocInfoParser,YES,JsDocInfoParser_ESTest.java,462b44b63e4f4b7e1a3ca0067d6cd327803b8f20547002a965dc798a50436e6a,READY,
Closure,133,DeepSeek V4 Flash,com.google.javascript.jscomp.parsing.JsDocInfoParser,YES,JsDocInfoParserDeepseekTest.java,d68f1b6ce99e7fccf5eb95cfd4bd74663058970184f0d509f35165d42109a3b8,READY,
Closure,133,Gemini 3.8 Flash,com.google.javascript.jscomp.parsing.JsDocInfoParser,YES,JsDocInfoParserGeminiTest.java,de2e57f9b24218ef054525a3e4108b428ed8d99518a72410c68864fe3cdcacbb,READY,
Closure,134,IPO (Native IPO),com.google.javascript.jscomp.AmbiguateProperties;com.google.javascript.jscomp.TypedScopeCreator,NO,,,NO_SUITE,
Closure,134,MIO (EvoSuite SBST),com.google.javascript.jscomp.AmbiguateProperties;com.google.javascript.jscomp.TypedScopeCreator,YES,AmbiguateProperties_ESTest.java;TypedScopeCreator_ESTest.java,6df9bda1c92477b62fac79a8b0cc39088bc3f3d6176fa1f7161b5312237adc51,READY,
Closure,134,DeepSeek V4 Flash,com.google.javascript.jscomp.AmbiguateProperties;com.google.javascript.jscomp.TypedScopeCreator,YES,AmbiguatePropertiesDeepseekTest.java;TypedScopeCreatorDeepseekTest.java,666f9dadd32943bcd3d1ae2197cb0fc40cdec6a7770e587daaebf3c036e42cea,READY,
Closure,134,Gemini 3.8 Flash,com.google.javascript.jscomp.AmbiguateProperties;com.google.javascript.jscomp.TypedScopeCreator,YES,AmbiguatePropertiesGeminiTest.java;TypedScopeCreatorGeminiTest.java,951430c3cdcd3dddaf5fa4843b1a95bda9247a5cc389cf0cbf7bb2af9802a327,READY,
Closure,135,IPO (Native IPO),com.google.javascript.jscomp.DevirtualizePrototypeMethods;com.google.javascript.rhino.jstype.FunctionType,NO,,,NO_SUITE,
Closure,135,MIO (EvoSuite SBST),com.google.javascript.jscomp.DevirtualizePrototypeMethods;com.google.javascript.rhino.jstype.FunctionType,YES,DevirtualizePrototypeMethods_ESTest.java;FunctionType_ESTest.java,7a16e2988e5bf7d67c68f112a844141ea615997121641326213ba55eeeea85b2,READY,
Closure,135,DeepSeek V4 Flash,com.google.javascript.jscomp.DevirtualizePrototypeMethods;com.google.javascript.rhino.jstype.FunctionType,YES,DevirtualizePrototypeMethodsDeepseekTest.java;FunctionTypeDeepseekTest.java,d32347da8459769c38a1831e17e85f1548c4f21ae7b6b48748a4b9b9a4faff1a,READY,
Closure,135,Gemini 3.8 Flash,com.google.javascript.jscomp.DevirtualizePrototypeMethods;com.google.javascript.rhino.jstype.FunctionType,YES,DevirtualizePrototypeMethodsGeminiTest.java;FunctionTypeGeminiTest.java,dabab99c4ba9afff2a513b9cb442b171d4aea3b454a9c56c0bf3dce6f0413489,READY,
Closure,136,IPO (Native IPO),com.google.javascript.jscomp.MethodCompilerPass;com.google.javascript.jscomp.RenameVars,NO,,,NO_SUITE,
Closure,136,MIO (EvoSuite SBST),com.google.javascript.jscomp.MethodCompilerPass;com.google.javascript.jscomp.RenameVars,YES,MethodCompilerPass_ESTest.java;RenameVars_ESTest.java,fbdcaab29541eb9e964fa779881b4f592c99a61240cf0b2f8e0d0df59df796f2,READY,
Closure,136,DeepSeek V4 Flash,com.google.javascript.jscomp.MethodCompilerPass;com.google.javascript.jscomp.RenameVars,YES,MethodCompilerPassDeepseekTest.java;RenameVarsDeepseekTest.java,2feb341cb9bff02fa0269007fe23533c68ba9b015c569d7ff8d713fbfda38439,READY,
Closure,136,Gemini 3.8 Flash,com.google.javascript.jscomp.MethodCompilerPass;com.google.javascript.jscomp.RenameVars,YES,MethodCompilerPassGeminiTest.java;RenameVarsGeminiTest.java,5912333b1d7a850ec4f447a281fb80931f83af754543bac7cf8d9f3544360f32,READY,
Closure,137,IPO (Native IPO),com.google.javascript.jscomp.MakeDeclaredNamesUnique;com.google.javascript.jscomp.NodeUtil;com.google.javascript.jscomp.Normalize,YES,NodeUtil_IPOTest.java,6c03410fff3bc0025a1d80a7432bd10e2bd901dfd477609da4a732b7b604ad92,READY,
Closure,137,MIO (EvoSuite SBST),com.google.javascript.jscomp.MakeDeclaredNamesUnique;com.google.javascript.jscomp.NodeUtil;com.google.javascript.jscomp.Normalize,YES,MakeDeclaredNamesUnique_ESTest.java;NodeUtil_ESTest.java;Normalize_ESTest.java,027e056167a1b292b0933e76fea2c5669905b20ec3c99abc255b21909f59805a,READY,
Closure,137,DeepSeek V4 Flash,com.google.javascript.jscomp.MakeDeclaredNamesUnique;com.google.javascript.jscomp.NodeUtil;com.google.javascript.jscomp.Normalize,YES,MakeDeclaredNamesUniqueDeepseekTest.java;NodeUtilDeepseekTest.java;NormalizeDeepseekTest.java,a2d7dfe0905742cfddb31d1b8f6d2737e4bf7c0edf451a70e7ae633cb5f7332f,READY,
Closure,137,Gemini 3.8 Flash,com.google.javascript.jscomp.MakeDeclaredNamesUnique;com.google.javascript.jscomp.NodeUtil;com.google.javascript.jscomp.Normalize,YES,MakeDeclaredNamesUniqueGeminiTest.java;NodeUtilGeminiTest.java;NormalizeGeminiTest.java,14ed9e523b4c26e320114b114a4db97194e5d5a2723672ca011023a3df838d1a,READY,
Closure,138,IPO (Native IPO),com.google.javascript.jscomp.ClosureReverseAbstractInterpreter;com.google.javascript.jscomp.TypeInference,NO,,,NO_SUITE,
Closure,138,MIO (EvoSuite SBST),com.google.javascript.jscomp.ClosureReverseAbstractInterpreter;com.google.javascript.jscomp.TypeInference,YES,ClosureReverseAbstractInterpreter_ESTest.java;TypeInference_ESTest.java,f094ec01cdc73cb84ee5ccbe5e6ffab27eeaae5282e29654ebde94138f9a5b7a,READY,
Closure,138,DeepSeek V4 Flash,com.google.javascript.jscomp.ClosureReverseAbstractInterpreter;com.google.javascript.jscomp.TypeInference,YES,ClosureReverseAbstractInterpreterDeepseekTest.java;TypeInferenceDeepseekTest.java,7911fec8dd3420a92c713f6a9c70f5b6168abf26d4e42327f0cc1edead090a53,READY,
Closure,138,Gemini 3.8 Flash,com.google.javascript.jscomp.ClosureReverseAbstractInterpreter;com.google.javascript.jscomp.TypeInference,YES,ClosureReverseAbstractInterpreterGeminiTest.java;TypeInferenceGeminiTest.java,05854df6f29ba273d67df3f1bee153a42aa5554b04ebd81ccb346df78b27234f,READY,
Closure,139,IPO (Native IPO),com.google.javascript.jscomp.Normalize,NO,,,NO_SUITE,
Closure,139,MIO (EvoSuite SBST),com.google.javascript.jscomp.Normalize,YES,Normalize_ESTest.java,52b0618a58b51b77d31fb9b609f0d66db6e133e86f902c995d3d2f5629ca1660,READY,
Closure,139,DeepSeek V4 Flash,com.google.javascript.jscomp.Normalize,YES,NormalizeDeepseekTest.java,7826c1d89999709f9aa8adc080bfda3f09ab2e6a3d452ceeeaff9a55730b6b07,READY,
Closure,139,Gemini 3.8 Flash,com.google.javascript.jscomp.Normalize,YES,NormalizeGeminiTest.java,18233ffcfa8c1f053909e1ec8ed03ea2ab8ca2ec3119723a1cb64a84807fea20,READY,
Closure,140,IPO (Native IPO),com.google.javascript.jscomp.Compiler,YES,Compiler_IPOTest.java,32cd942c7cfa0be62c433bec91b2afa9c590c5f1ee33054a8c37a62ec5fa6286,READY,
Closure,140,MIO (EvoSuite SBST),com.google.javascript.jscomp.Compiler,YES,Compiler_ESTest.java,49a86f05638fd640949ad9788102110b046b979633bee48e836dd07c2440c546,READY,
Closure,140,DeepSeek V4 Flash,com.google.javascript.jscomp.Compiler,YES,CompilerDeepseekTest.java,2293cac345073642df5f7299c9293f617f1a750c924f5e8e20ce57cab82f4c6d,READY,
Closure,140,Gemini 3.8 Flash,com.google.javascript.jscomp.Compiler,YES,CompilerGeminiTest.java,aaf73f8db7ce2f5e1b888b128187c8176b3bc81f251c2c23b317cc799f8b3018,READY,
Closure,141,IPO (Native IPO),com.google.javascript.jscomp.NodeUtil;com.google.javascript.jscomp.PureFunctionIdentifier,YES,NodeUtil_IPOTest.java,6c03410fff3bc0025a1d80a7432bd10e2bd901dfd477609da4a732b7b604ad92,READY,
Closure,141,MIO (EvoSuite SBST),com.google.javascript.jscomp.NodeUtil;com.google.javascript.jscomp.PureFunctionIdentifier,YES,NodeUtil_ESTest.java;PureFunctionIdentifier_ESTest.java,dbc7ce27153bb811eabc91e585d3e7b24aa1d66d6ecd5d887d24c380d2a50f2f,READY,
Closure,141,DeepSeek V4 Flash,com.google.javascript.jscomp.NodeUtil;com.google.javascript.jscomp.PureFunctionIdentifier,YES,NodeUtilDeepseekTest.java;PureFunctionIdentifierDeepseekTest.java,2b1e96d60bc839dcf0810ec3119198f84f5d2238803212a1e52a0e1d812fe3b0,READY,
Closure,141,Gemini 3.8 Flash,com.google.javascript.jscomp.NodeUtil;com.google.javascript.jscomp.PureFunctionIdentifier,YES,NodeUtilGeminiTest.java;PureFunctionIdentifierGeminiTest.java,ea123f4f9d373428efb2f08f0966d2eef0fef58b86a0ab9aadd57873737b6881,READY,
Closure,142,IPO (Native IPO),com.google.javascript.jscomp.CoalesceVariableNames;com.google.javascript.jscomp.parsing.JsDocInfoParser,NO,,,NO_SUITE,
Closure,142,MIO (EvoSuite SBST),com.google.javascript.jscomp.CoalesceVariableNames;com.google.javascript.jscomp.parsing.JsDocInfoParser,YES,CoalesceVariableNames_ESTest.java;JsDocInfoParser_ESTest.java,ab8d923f43a354c88566d6cfeaaab0cec41ace705d6b5883075b6c81aab26cdc,READY,
Closure,142,DeepSeek V4 Flash,com.google.javascript.jscomp.CoalesceVariableNames;com.google.javascript.jscomp.parsing.JsDocInfoParser,YES,CoalesceVariableNamesDeepseekTest.java;JsDocInfoParserDeepseekTest.java,2f9d57cec3e400a94494d6304d8dd61e2e847d58b45c8fe89b612277778eb2a3,READY,
Closure,142,Gemini 3.8 Flash,com.google.javascript.jscomp.CoalesceVariableNames;com.google.javascript.jscomp.parsing.JsDocInfoParser,YES,CoalesceVariableNamesGeminiTest.java;JsDocInfoParserGeminiTest.java,f7209f3e93e9642da721b91df7b4af6aceb51cfd74e698efd1897e642b417aa9,READY,
Closure,143,IPO (Native IPO),com.google.javascript.jscomp.AbstractCommandLineRunner;com.google.javascript.jscomp.RemoveConstantExpressions,NO,,,NO_SUITE,
Closure,143,MIO (EvoSuite SBST),com.google.javascript.jscomp.AbstractCommandLineRunner;com.google.javascript.jscomp.RemoveConstantExpressions,YES,AbstractCommandLineRunner_ESTest.java;RemoveConstantExpressions_ESTest.java,b6e36b092960f4ce97c2550b0487fb3c8af1f6a7a2960ecb05d55a12ea9dac0e,READY,
Closure,143,DeepSeek V4 Flash,com.google.javascript.jscomp.AbstractCommandLineRunner;com.google.javascript.jscomp.RemoveConstantExpressions,YES,AbstractCommandLineRunnerDeepseekTest.java;RemoveConstantExpressionsDeepseekTest.java,2a8d5c4d3f2f97ddcb2e6bd9d6891a0fd133936c1f2b0eb6725d098a6017b2f2,READY,
Closure,143,Gemini 3.8 Flash,com.google.javascript.jscomp.AbstractCommandLineRunner;com.google.javascript.jscomp.RemoveConstantExpressions,YES,AbstractCommandLineRunnerGeminiTest.java;RemoveConstantExpressionsGeminiTest.java,370c6129e7ad8fca6ceb8b393b83dcb2afdd1242e2e98ef824129b0f3590c06c,READY,
Closure,144,IPO (Native IPO),com.google.javascript.jscomp.FunctionTypeBuilder;com.google.javascript.jscomp.TypedScopeCreator;com.google.javascript.rhino.jstype.FunctionBuilder;com.google.javascript.rhino.jstype.FunctionType,NO,,,NO_SUITE,
Closure,144,MIO (EvoSuite SBST),com.google.javascript.jscomp.FunctionTypeBuilder;com.google.javascript.jscomp.TypedScopeCreator;com.google.javascript.rhino.jstype.FunctionBuilder;com.google.javascript.rhino.jstype.FunctionType,YES,FunctionBuilder_ESTest.java;FunctionTypeBuilder_ESTest.java;FunctionType_ESTest.java;TypedScopeCreator_ESTest.java,c7529ea4d499fe084d16d2977169855ef142db18e45c134e0349d27ccd1c17eb,READY,
Closure,144,DeepSeek V4 Flash,com.google.javascript.jscomp.FunctionTypeBuilder;com.google.javascript.jscomp.TypedScopeCreator;com.google.javascript.rhino.jstype.FunctionBuilder;com.google.javascript.rhino.jstype.FunctionType,YES,FunctionBuilderDeepseekTest.java;FunctionTypeBuilderDeepseekTest.java;FunctionTypeDeepseekTest.java;TypedScopeCreatorDeepseekTest.java,5f62c86e11f2fd134693a784b7edfbbbf5061f8f56deb29b6657f7c4e54dfd2f,READY,
Closure,144,Gemini 3.8 Flash,com.google.javascript.jscomp.FunctionTypeBuilder;com.google.javascript.jscomp.TypedScopeCreator;com.google.javascript.rhino.jstype.FunctionBuilder;com.google.javascript.rhino.jstype.FunctionType,YES,FunctionBuilderGeminiTest.java;FunctionTypeBuilderGeminiTest.java;FunctionTypeGeminiTest.java;TypedScopeCreatorGeminiTest.java,7f95ce31793f33b7c4f332d8ae1a7c60882222c1816c411316549762254fdf39,READY,
Closure,145,IPO (Native IPO),com.google.javascript.jscomp.CodeGenerator,NO,,,NO_SUITE,
Closure,145,MIO (EvoSuite SBST),com.google.javascript.jscomp.CodeGenerator,YES,CodeGenerator_ESTest.java,28a189d0175c86941d50b8d971d546a1aed7c78eb2486175892293646c8d92e3,READY,
Closure,145,DeepSeek V4 Flash,com.google.javascript.jscomp.CodeGenerator,YES,CodeGeneratorDeepseekTest.java,0bbe4a488124eb1220face6ae43eaeac49e5d8f787755e8404d9119f414b2857,READY,
Closure,145,Gemini 3.8 Flash,com.google.javascript.jscomp.CodeGenerator,YES,CodeGeneratorGeminiTest.java,0c5d11fff0c9d90d5cd49a2ce1988ebe8d344368f4a74594ccd4b5a1fc250579,READY,
Closure,146,IPO (Native IPO),com.google.javascript.rhino.jstype.JSType,NO,,,NO_SUITE,
Closure,146,MIO (EvoSuite SBST),com.google.javascript.rhino.jstype.JSType,YES,JSType_ESTest.java,bc62643af0372ff987a9bd006233852bbf089dcb06b52a88c9336f264145dd47,READY,
Closure,146,DeepSeek V4 Flash,com.google.javascript.rhino.jstype.JSType,YES,JSTypeDeepseekTest.java,033104edba984e7ed87bda0759262c15b4e4c1c1284e74c51a824422ab234046,READY,
Closure,146,Gemini 3.8 Flash,com.google.javascript.rhino.jstype.JSType,YES,JSTypeGeminiTest.java,694741b9e7a600e6306849e776dcc4978fd84c7e98cd29663006f56fcae94d7c,READY,
Closure,147,IPO (Native IPO),com.google.javascript.jscomp.CheckGlobalThis;com.google.javascript.jscomp.RuntimeTypeCheck,NO,,,NO_SUITE,
Closure,147,MIO (EvoSuite SBST),com.google.javascript.jscomp.CheckGlobalThis;com.google.javascript.jscomp.RuntimeTypeCheck,YES,CheckGlobalThis_ESTest.java;RuntimeTypeCheck_ESTest.java,c2886c475e58b3109c412a781426d93a901daabba069a2306d424123fcb3910a,READY,
Closure,147,DeepSeek V4 Flash,com.google.javascript.jscomp.CheckGlobalThis;com.google.javascript.jscomp.RuntimeTypeCheck,YES,CheckGlobalThisDeepseekTest.java;RuntimeTypeCheckDeepseekTest.java,240ebb2e9bb067ca45c61f36cecbb4684ed860a9ffd3371f4c78ae8dc3c18358,READY,
Closure,147,Gemini 3.8 Flash,com.google.javascript.jscomp.CheckGlobalThis;com.google.javascript.jscomp.RuntimeTypeCheck,YES,CheckGlobalThisGeminiTest.java;RuntimeTypeCheckGeminiTest.java,39e12c7075b51040d303ef02a40c5615187ef6edae8b616774f26d7f31325ac5,READY,
Closure,148,IPO (Native IPO),com.google.javascript.jscomp.PeepholeFoldConstants;com.google.javascript.jscomp.SourceMap,NO,,,NO_SUITE,
Closure,148,MIO (EvoSuite SBST),com.google.javascript.jscomp.PeepholeFoldConstants;com.google.javascript.jscomp.SourceMap,YES,PeepholeFoldConstants_ESTest.java;SourceMap_ESTest.java,abdc73dcea19770fdb96ffbf2a3d3b93530f2c5dfdf79a2bb962d6078b017bf2,READY,
Closure,148,DeepSeek V4 Flash,com.google.javascript.jscomp.PeepholeFoldConstants;com.google.javascript.jscomp.SourceMap,YES,PeepholeFoldConstantsDeepseekTest.java;SourceMapDeepseekTest.java,05cd95cc4fed19227a85d540500b75e843699734a2190dcb29c29c47f94a12e6,READY,
Closure,148,Gemini 3.8 Flash,com.google.javascript.jscomp.PeepholeFoldConstants;com.google.javascript.jscomp.SourceMap,YES,PeepholeFoldConstantsGeminiTest.java;SourceMapGeminiTest.java,5858ecf907961d933d1684f892430d8d76aafaf97f6786fd9411516cd55dd31d,READY,
Closure,149,IPO (Native IPO),com.google.javascript.jscomp.AbstractCommandLineRunner;com.google.javascript.jscomp.CommandLineRunner;com.google.javascript.jscomp.Compiler;com.google.javascript.jscomp.CompilerOptions,YES,Compiler_IPOTest.java,32cd942c7cfa0be62c433bec91b2afa9c590c5f1ee33054a8c37a62ec5fa6286,READY,
Closure,149,MIO (EvoSuite SBST),com.google.javascript.jscomp.AbstractCommandLineRunner;com.google.javascript.jscomp.CommandLineRunner;com.google.javascript.jscomp.Compiler;com.google.javascript.jscomp.CompilerOptions,YES,AbstractCommandLineRunner_ESTest.java;CommandLineRunner_ESTest.java;CompilerOptions_ESTest.java;Compiler_ESTest.java,be05011efa6f48ff8176c4fcc7a5ee5351e14ca9a4dfe12487035b08c452febf,READY,
Closure,149,DeepSeek V4 Flash,com.google.javascript.jscomp.AbstractCommandLineRunner;com.google.javascript.jscomp.CommandLineRunner;com.google.javascript.jscomp.Compiler;com.google.javascript.jscomp.CompilerOptions,YES,AbstractCommandLineRunnerDeepseekTest.java;CommandLineRunnerDeepseekTest.java;CompilerDeepseekTest.java;CompilerOptionsDeepseekTest.java,2184b5972f311594f8ada35176fe509da817b37d7544a5ad14316fc45cd02539,READY,
Closure,149,Gemini 3.8 Flash,com.google.javascript.jscomp.AbstractCommandLineRunner;com.google.javascript.jscomp.CommandLineRunner;com.google.javascript.jscomp.Compiler;com.google.javascript.jscomp.CompilerOptions,YES,AbstractCommandLineRunnerGeminiTest.java;CommandLineRunnerGeminiTest.java;CompilerGeminiTest.java;CompilerOptionsGeminiTest.java,270f2aa4b5a768ead4b55d37218dd559225d4f93779517371ce775ce030160e4,READY,
Closure,150,IPO (Native IPO),com.google.javascript.jscomp.TypedScopeCreator,NO,,,NO_SUITE,
Closure,150,MIO (EvoSuite SBST),com.google.javascript.jscomp.TypedScopeCreator,YES,TypedScopeCreator_ESTest.java,c26dac77ea7a50abe15139f2593c916ee13ae8757e1f479ac04694be29c65511,READY,
Closure,150,DeepSeek V4 Flash,com.google.javascript.jscomp.TypedScopeCreator,YES,TypedScopeCreatorDeepseekTest.java,357a76e2a980fcf1cb69442043a8ba752000887e43894e0aea196d531810cd88,READY,
Closure,150,Gemini 3.8 Flash,com.google.javascript.jscomp.TypedScopeCreator,YES,TypedScopeCreatorGeminiTest.java,e8979f4f56930f78feedfb471840ffb60b6af9a47ecf58ea8f9abde4e9547629,READY,
Closure,151,IPO (Native IPO),com.google.javascript.jscomp.CommandLineRunner,NO,,,NO_SUITE,
Closure,151,MIO (EvoSuite SBST),com.google.javascript.jscomp.CommandLineRunner,YES,CommandLineRunner_ESTest.java,0c812719d19b6e91e5b07b201d50c546baae7d220858755e73638d1070f29bb4,READY,
Closure,151,DeepSeek V4 Flash,com.google.javascript.jscomp.CommandLineRunner,YES,CommandLineRunnerDeepseekTest.java,35fe70f35ff9cf737094e65b894919735fb45186cbe9669989f9b0a7b62a804b,READY,
Closure,151,Gemini 3.8 Flash,com.google.javascript.jscomp.CommandLineRunner,YES,CommandLineRunnerGeminiTest.java,5fbb34e40f2bcf9f60b5f8a7bf32f2a0d282d774fbb1cd9140a85715eb973bea,READY,
Closure,152,IPO (Native IPO),com.google.javascript.rhino.jstype.FunctionType,NO,,,NO_SUITE,
Closure,152,MIO (EvoSuite SBST),com.google.javascript.rhino.jstype.FunctionType,YES,FunctionType_ESTest.java,5fe5e241591af23bc78850dd12aaca9143198fd3cb854b5fa7cab9362238e8e6,READY,
Closure,152,DeepSeek V4 Flash,com.google.javascript.rhino.jstype.FunctionType,YES,FunctionTypeDeepseekTest.java,bcfa9198c4fb651cc3a26812e69d2ce88e02084b31c2a9458ac17ea0594e98e1,READY,
Closure,152,Gemini 3.8 Flash,com.google.javascript.rhino.jstype.FunctionType,YES,FunctionTypeGeminiTest.java,c89b4e153744bb3c149102c521c05259c8dd22b4a445d1f2330f348f3e105367,READY,
Closure,153,IPO (Native IPO),com.google.javascript.jscomp.Normalize;com.google.javascript.jscomp.SyntacticScopeCreator,NO,,,NO_SUITE,
Closure,153,MIO (EvoSuite SBST),com.google.javascript.jscomp.Normalize;com.google.javascript.jscomp.SyntacticScopeCreator,YES,Normalize_ESTest.java;SyntacticScopeCreator_ESTest.java,ef49b193e87215fb7495b2853cc86329526c08e80f00cec36ffab37824bc7e9f,READY,
Closure,153,DeepSeek V4 Flash,com.google.javascript.jscomp.Normalize;com.google.javascript.jscomp.SyntacticScopeCreator,YES,NormalizeDeepseekTest.java;SyntacticScopeCreatorDeepseekTest.java,bf37bc5ee6678d3a9488f2721bc30862506f24b16d4ac8270534dd24a01daec5,READY,
Closure,153,Gemini 3.8 Flash,com.google.javascript.jscomp.Normalize;com.google.javascript.jscomp.SyntacticScopeCreator,YES,NormalizeGeminiTest.java;SyntacticScopeCreatorGeminiTest.java,e0c45f1dfc342e4fcda324cc2cac5ffaba19f62378c44dbb6871fef1d29ad082,READY,
Closure,154,IPO (Native IPO),com.google.javascript.jscomp.TypeCheck;com.google.javascript.jscomp.TypeValidator,NO,,,NO_SUITE,
Closure,154,MIO (EvoSuite SBST),com.google.javascript.jscomp.TypeCheck;com.google.javascript.jscomp.TypeValidator,YES,TypeCheck_ESTest.java;TypeValidator_ESTest.java,912ae79f27a6e5d84841aa11665a36baed35f14fb6718aa446fdd729f39d681e,READY,
Closure,154,DeepSeek V4 Flash,com.google.javascript.jscomp.TypeCheck;com.google.javascript.jscomp.TypeValidator,YES,TypeCheckDeepseekTest.java;TypeValidatorDeepseekTest.java,1fa7665b49538a86233848b150b6ef9e6016505b403b505267b055a85d406f03,READY,
Closure,154,Gemini 3.8 Flash,com.google.javascript.jscomp.TypeCheck;com.google.javascript.jscomp.TypeValidator,YES,TypeCheckGeminiTest.java;TypeValidatorGeminiTest.java,9518792dbcbbbe5ecdb5b60d8a95469ae0be06af7c07fc9129e2463a2605409e,READY,
Closure,155,IPO (Native IPO),com.google.javascript.jscomp.InlineVariables;com.google.javascript.jscomp.ReferenceCollectingCallback;com.google.javascript.jscomp.Scope,NO,,,NO_SUITE,
Closure,155,MIO (EvoSuite SBST),com.google.javascript.jscomp.InlineVariables;com.google.javascript.jscomp.ReferenceCollectingCallback;com.google.javascript.jscomp.Scope,YES,InlineVariables_ESTest.java;ReferenceCollectingCallback_ESTest.java;Scope_ESTest.java,fd708da63109b64c04116309e8d8f61a38937e73664a588817d87a0e6aa7c0dd,READY,
Closure,155,DeepSeek V4 Flash,com.google.javascript.jscomp.InlineVariables;com.google.javascript.jscomp.ReferenceCollectingCallback;com.google.javascript.jscomp.Scope,YES,InlineVariablesDeepseekTest.java;ReferenceCollectingCallbackDeepseekTest.java;ScopeDeepseekTest.java,3a93460a600440c97a9e63893c702155f3347bcc822a6aa0de31e6a1b14bab88,READY,
Closure,155,Gemini 3.8 Flash,com.google.javascript.jscomp.InlineVariables;com.google.javascript.jscomp.ReferenceCollectingCallback;com.google.javascript.jscomp.Scope,YES,InlineVariablesGeminiTest.java;ReferenceCollectingCallbackGeminiTest.java;ScopeGeminiTest.java,72312cd760e34a065053bf6dcfdf04ab1c838cb6385a804e3ebc8fe91e22dbe2,READY,
Closure,156,IPO (Native IPO),com.google.javascript.jscomp.CollapseProperties,NO,,,NO_SUITE,
Closure,156,MIO (EvoSuite SBST),com.google.javascript.jscomp.CollapseProperties,YES,CollapseProperties_ESTest.java,d3000b1aaafd3679e88082056b7dc2a41c0bcd363c276c38c74baabce0c885b1,READY,
Closure,156,DeepSeek V4 Flash,com.google.javascript.jscomp.CollapseProperties,YES,CollapsePropertiesDeepseekTest.java,2bc81f290553c1176a13e5301cd6b90d0c2d39333ca4a2f904cd4cc6c00e57a4,READY,
Closure,156,Gemini 3.8 Flash,com.google.javascript.jscomp.CollapseProperties,YES,CollapsePropertiesGeminiTest.java,4a32cbde49c48d1d066ce0f21be983eca18421507e6d06f206ce725bf1d82c08,READY,
Closure,157,IPO (Native IPO),com.google.javascript.jscomp.CodeGenerator;com.google.javascript.jscomp.parsing.IRFactory;com.google.javascript.jscomp.RenamePrototypes,NO,,,NO_SUITE,
Closure,157,MIO (EvoSuite SBST),com.google.javascript.jscomp.CodeGenerator;com.google.javascript.jscomp.parsing.IRFactory;com.google.javascript.jscomp.RenamePrototypes,YES,CodeGenerator_ESTest.java;IRFactory_ESTest.java;RenamePrototypes_ESTest.java,d75091397339b21edd888b216a0f0bd15fdbeb35129e94842586bc200b56c1f2,READY,
Closure,157,DeepSeek V4 Flash,com.google.javascript.jscomp.CodeGenerator;com.google.javascript.jscomp.parsing.IRFactory;com.google.javascript.jscomp.RenamePrototypes,YES,CodeGeneratorDeepseekTest.java;RenamePrototypesDeepseekTest.java,6977fa2fdc4f7b9447705a2a71fe283046a68db5a48add7ca8c24f8e42a12bb1,READY,
Closure,157,Gemini 3.8 Flash,com.google.javascript.jscomp.CodeGenerator;com.google.javascript.jscomp.parsing.IRFactory;com.google.javascript.jscomp.RenamePrototypes,YES,CodeGeneratorGeminiTest.java;RenamePrototypesGeminiTest.java,88b4f455eacf34703cbdad5e380237d886a72b8819bca94b11d93dfa4e9c9fd0,READY,
Closure,158,IPO (Native IPO),com.google.javascript.jscomp.AbstractCommandLineRunner;com.google.javascript.jscomp.CommandLineRunner;com.google.javascript.jscomp.DiagnosticGroups,NO,,,NO_SUITE,
Closure,158,MIO (EvoSuite SBST),com.google.javascript.jscomp.AbstractCommandLineRunner;com.google.javascript.jscomp.CommandLineRunner;com.google.javascript.jscomp.DiagnosticGroups,YES,AbstractCommandLineRunner_ESTest.java;CommandLineRunner_ESTest.java;DiagnosticGroups_ESTest.java,be37a0c32fbe918695a0396a57d4371a8f9d4fac459c8fbb1f12844b477ba01f,READY,
Closure,158,DeepSeek V4 Flash,com.google.javascript.jscomp.AbstractCommandLineRunner;com.google.javascript.jscomp.CommandLineRunner;com.google.javascript.jscomp.DiagnosticGroups,YES,AbstractCommandLineRunnerDeepseekTest.java;CommandLineRunnerDeepseekTest.java;DiagnosticGroupsDeepseekTest.java,8213c70ac458bb1cde745a3a1f369e0bbcc6b3de7d409aa1ac9a1c676a70d481,READY,
Closure,158,Gemini 3.8 Flash,com.google.javascript.jscomp.AbstractCommandLineRunner;com.google.javascript.jscomp.CommandLineRunner;com.google.javascript.jscomp.DiagnosticGroups,YES,AbstractCommandLineRunnerGeminiTest.java;CommandLineRunnerGeminiTest.java;DiagnosticGroupsGeminiTest.java,9758e1f7249a8546faaa7cddd16e919d30b04016a8396647c4e8300d26994e24,READY,
Closure,159,IPO (Native IPO),com.google.javascript.jscomp.InlineFunctions,NO,,,NO_SUITE,
Closure,159,MIO (EvoSuite SBST),com.google.javascript.jscomp.InlineFunctions,YES,InlineFunctions_ESTest.java,5f33bb8727b6f360a6d25b7ce07ad1bf79687e2e39d1bba5d9d2ee26ef814399,READY,
Closure,159,DeepSeek V4 Flash,com.google.javascript.jscomp.InlineFunctions,YES,InlineFunctionsDeepseekTest.java,b5cd73dae44863b7da1f855af9558dd6d789950c725270dfeff81df07695defc,READY,
Closure,159,Gemini 3.8 Flash,com.google.javascript.jscomp.InlineFunctions,YES,InlineFunctionsGeminiTest.java,ff753d16019f77e42f4b697a7831cd8f474e4630d2a549308d0790ed77c7ecf7,READY,
Closure,160,IPO (Native IPO),com.google.javascript.jscomp.Compiler,YES,Compiler_IPOTest.java,32cd942c7cfa0be62c433bec91b2afa9c590c5f1ee33054a8c37a62ec5fa6286,READY,
Closure,160,MIO (EvoSuite SBST),com.google.javascript.jscomp.Compiler,YES,Compiler_ESTest.java,1e6177c547d8b4e53d991b2c2ee03f2b8d3c024be6810545465e2981212a8107,READY,
Closure,160,DeepSeek V4 Flash,com.google.javascript.jscomp.Compiler,YES,CompilerDeepseekTest.java,9991136951b4e02d537cdc5628297df84f30bfb559a1fa892e6ca97ab82666e6,READY,
Closure,160,Gemini 3.8 Flash,com.google.javascript.jscomp.Compiler,YES,CompilerGeminiTest.java,859ad158459567d3bdc1a58077bd6272296b980b90bba46ddc5e5ae2917c4a88,READY,
Closure,161,IPO (Native IPO),com.google.javascript.jscomp.PeepholeFoldConstants,NO,,,NO_SUITE,
Closure,161,MIO (EvoSuite SBST),com.google.javascript.jscomp.PeepholeFoldConstants,YES,PeepholeFoldConstants_ESTest.java,4876c04eaf79a73e779ba9327a429f8581de47f4dbfe6f1bc5adbcbbbf1e8fe0,READY,
Closure,161,DeepSeek V4 Flash,com.google.javascript.jscomp.PeepholeFoldConstants,YES,PeepholeFoldConstantsDeepseekTest.java,3390a7221cee9788e50da6e7504a432d8bd3adab5ba357d66c6909df17bc8c2b,READY,
Closure,161,Gemini 3.8 Flash,com.google.javascript.jscomp.PeepholeFoldConstants,YES,PeepholeFoldConstantsGeminiTest.java,5dc9bbd1f933301f8bb95b5cfb2b9eabf03a7ca84579d906699aa1be23983fbb,READY,
Closure,162,IPO (Native IPO),com.google.javascript.jscomp.Scope;com.google.javascript.jscomp.ScopedAliases,NO,,,NO_SUITE,
Closure,162,MIO (EvoSuite SBST),com.google.javascript.jscomp.Scope;com.google.javascript.jscomp.ScopedAliases,YES,ScopedAliases_ESTest.java;Scope_ESTest.java,e32991946bb8e33d91166da377d1f147849182c329820dc0465fe91b1e1a099c,READY,
Closure,162,DeepSeek V4 Flash,com.google.javascript.jscomp.Scope;com.google.javascript.jscomp.ScopedAliases,YES,ScopedAliasesDeepseekTest.java,11e69304186c73ec6036e26a83964012cdd16fc6986531d3bb25cc638e572cd0,READY,
Closure,162,Gemini 3.8 Flash,com.google.javascript.jscomp.Scope;com.google.javascript.jscomp.ScopedAliases,YES,ScopedAliasesGeminiTest.java,7207d7a5e77644d7e867ca6050237f6cec3304044df219179083971673721dbc,READY,
Closure,163,IPO (Native IPO),com.google.javascript.jscomp.AnalyzePrototypeProperties;com.google.javascript.jscomp.CrossModuleMethodMotion,NO,,,NO_SUITE,
Closure,163,MIO (EvoSuite SBST),com.google.javascript.jscomp.AnalyzePrototypeProperties;com.google.javascript.jscomp.CrossModuleMethodMotion,YES,AnalyzePrototypeProperties_ESTest.java;CrossModuleMethodMotion_ESTest.java,b3b53630d76f7a3ee49590b6ae4c98edd46bbfe7521ccf1fa599bd8048bd7381,READY,
Closure,163,DeepSeek V4 Flash,com.google.javascript.jscomp.AnalyzePrototypeProperties;com.google.javascript.jscomp.CrossModuleMethodMotion,YES,AnalyzePrototypePropertiesDeepseekTest.java;CrossModuleMethodMotionDeepseekTest.java,d311518eabb22ca7e804c2a9fdb871e794dd3ad394433cffae8f5369b5cd93d9,READY,
Closure,163,Gemini 3.8 Flash,com.google.javascript.jscomp.AnalyzePrototypeProperties;com.google.javascript.jscomp.CrossModuleMethodMotion,YES,AnalyzePrototypePropertiesGeminiTest.java;CrossModuleMethodMotionGeminiTest.java,1c9638c8c0166258678fd4a80ce14a3429b3cce5426df1db0107cc71af9d5c03,READY,
Closure,164,IPO (Native IPO),com.google.javascript.rhino.jstype.ArrowType,NO,,,NO_SUITE,
Closure,164,MIO (EvoSuite SBST),com.google.javascript.rhino.jstype.ArrowType,YES,ArrowType_ESTest.java,c38fd8869d6e38702a9e86e7fca0d6e2364fb3b7c968563e91693c7d8c778fb4,READY,
Closure,164,DeepSeek V4 Flash,com.google.javascript.rhino.jstype.ArrowType,YES,ArrowTypeDeepseekTest.java,9c5a65d8243c49d7c3fc29bda84cff6f124c32edf141b444a14ab515aca347cf,READY,
Closure,164,Gemini 3.8 Flash,com.google.javascript.rhino.jstype.ArrowType,YES,ArrowTypeGeminiTest.java,618f3c5dfab9b4fec83d8572c3e189bbca9f02eb660d657598adc42831358d3e,READY,
Closure,165,IPO (Native IPO),com.google.javascript.rhino.jstype.JSTypeRegistry;com.google.javascript.rhino.jstype.ObjectType;com.google.javascript.rhino.jstype.RecordType;com.google.javascript.rhino.jstype.RecordTypeBuilder,NO,,,NO_SUITE,
Closure,165,MIO (EvoSuite SBST),com.google.javascript.rhino.jstype.JSTypeRegistry;com.google.javascript.rhino.jstype.ObjectType;com.google.javascript.rhino.jstype.RecordType;com.google.javascript.rhino.jstype.RecordTypeBuilder,YES,JSTypeRegistry_ESTest.java;ObjectType_ESTest.java;RecordTypeBuilder_ESTest.java;RecordType_ESTest.java,b84bec1d15d4570b1f3a75c8d4dc9e17285b96c1e67a0aadc47fd5e9bd81129d,READY,
Closure,165,DeepSeek V4 Flash,com.google.javascript.rhino.jstype.JSTypeRegistry;com.google.javascript.rhino.jstype.ObjectType;com.google.javascript.rhino.jstype.RecordType;com.google.javascript.rhino.jstype.RecordTypeBuilder,YES,JSTypeRegistryDeepseekTest.java;ObjectTypeDeepseekTest.java;RecordTypeBuilderDeepseekTest.java;RecordTypeDeepseekTest.java,e2ad869422b60770502ed62a53c7253dc6bfd666243d124e5847e5530b04ef2c,READY,
Closure,165,Gemini 3.8 Flash,com.google.javascript.rhino.jstype.JSTypeRegistry;com.google.javascript.rhino.jstype.ObjectType;com.google.javascript.rhino.jstype.RecordType;com.google.javascript.rhino.jstype.RecordTypeBuilder,YES,JSTypeRegistryGeminiTest.java;ObjectTypeGeminiTest.java;RecordTypeBuilderGeminiTest.java;RecordTypeGeminiTest.java,6d4504126ff04f9d0b6b8f0f0f273d73ad38af8b05f550811f771f809f212b19,READY,
Closure,166,IPO (Native IPO),com.google.javascript.rhino.jstype.PrototypeObjectType,NO,,,NO_SUITE,
Closure,166,MIO (EvoSuite SBST),com.google.javascript.rhino.jstype.PrototypeObjectType,YES,PrototypeObjectType_ESTest.java,84101604f0b7a1868f7a7fc2b0a6769a6a2136513cc66056095ba30a47dc28ec,READY,
Closure,166,DeepSeek V4 Flash,com.google.javascript.rhino.jstype.PrototypeObjectType,YES,PrototypeObjectTypeDeepseekTest.java,af7fe2db44bdc06cf2b63e801ee89bd6c9c611833f7cc165cd77f0f1d2d87c0b,READY,
Closure,166,Gemini 3.8 Flash,com.google.javascript.rhino.jstype.PrototypeObjectType,YES,PrototypeObjectTypeGeminiTest.java,c17cc1610202e7101eff2c4a4b4912fda956b961bfcc439068cffd4afe82de5e,READY,
Closure,167,IPO (Native IPO),com.google.javascript.jscomp.type.SemanticReverseAbstractInterpreter;com.google.javascript.rhino.jstype.JSType,NO,,,NO_SUITE,
Closure,167,MIO (EvoSuite SBST),com.google.javascript.jscomp.type.SemanticReverseAbstractInterpreter;com.google.javascript.rhino.jstype.JSType,YES,JSType_ESTest.java;SemanticReverseAbstractInterpreter_ESTest.java,b6c653488b7470b8d2749db73ca8da76a13d173cbc2b99361ee4b166e65036b3,READY,
Closure,167,DeepSeek V4 Flash,com.google.javascript.jscomp.type.SemanticReverseAbstractInterpreter;com.google.javascript.rhino.jstype.JSType,YES,JSTypeDeepseekTest.java;SemanticReverseAbstractInterpreterDeepseekTest.java,7fe2b0616ec7d9ec7875dafaef82c2c8ea2548d5129d5c8c44578c7547d355b4,READY,
Closure,167,Gemini 3.8 Flash,com.google.javascript.jscomp.type.SemanticReverseAbstractInterpreter;com.google.javascript.rhino.jstype.JSType,YES,JSTypeGeminiTest.java,af209b82d595eda0091de43a1572083e58cc76031bcce579912c3d3a809a7046,READY,
Closure,168,IPO (Native IPO),com.google.javascript.jscomp.TypedScopeCreator,NO,,,NO_SUITE,
Closure,168,MIO (EvoSuite SBST),com.google.javascript.jscomp.TypedScopeCreator,YES,TypedScopeCreator_ESTest.java,dc841cee3a7b304a353b02084b48c3862419fb697d7a83b00aad5fd4a3f487c4,READY,
Closure,168,DeepSeek V4 Flash,com.google.javascript.jscomp.TypedScopeCreator,YES,TypedScopeCreatorDeepseekTest.java,0f4015fb042a124acfa73b4d645a069d5c3c2bf72e890befbb055a14a21d3afc,READY,
Closure,168,Gemini 3.8 Flash,com.google.javascript.jscomp.TypedScopeCreator,YES,TypedScopeCreatorGeminiTest.java,59dddcde15af8c29607634c933315d62c5ab8b6c9221f969291b0592613cb78c,READY,
Closure,169,IPO (Native IPO),com.google.javascript.rhino.jstype.ArrowType;com.google.javascript.rhino.jstype.EquivalenceMethod;com.google.javascript.rhino.jstype.FunctionType;com.google.javascript.rhino.jstype.JSType;com.google.javascript.rhino.jstype.RecordType;com.google.javascript.rhino.jstype.UnionType,NO,,,NO_SUITE,
Closure,169,MIO (EvoSuite SBST),com.google.javascript.rhino.jstype.ArrowType;com.google.javascript.rhino.jstype.EquivalenceMethod;com.google.javascript.rhino.jstype.FunctionType;com.google.javascript.rhino.jstype.JSType;com.google.javascript.rhino.jstype.RecordType;com.google.javascript.rhino.jstype.UnionType,YES,ArrowType_ESTest.java;FunctionType_ESTest.java;JSType_ESTest.java;RecordType_ESTest.java;UnionType_ESTest.java,895814d9e52d854c654ac7140d48912115c7dac7ad3a3203a334f9b6c58a80d9,READY,
Closure,169,DeepSeek V4 Flash,com.google.javascript.rhino.jstype.ArrowType;com.google.javascript.rhino.jstype.EquivalenceMethod;com.google.javascript.rhino.jstype.FunctionType;com.google.javascript.rhino.jstype.JSType;com.google.javascript.rhino.jstype.RecordType;com.google.javascript.rhino.jstype.UnionType,YES,ArrowTypeDeepseekTest.java;FunctionTypeDeepseekTest.java;JSTypeDeepseekTest.java;RecordTypeDeepseekTest.java;UnionTypeDeepseekTest.java,5c295c3ec2262003f37313083c297f00aec9ac937aa3a12016c320751d086da5,READY,
Closure,169,Gemini 3.8 Flash,com.google.javascript.rhino.jstype.ArrowType;com.google.javascript.rhino.jstype.EquivalenceMethod;com.google.javascript.rhino.jstype.FunctionType;com.google.javascript.rhino.jstype.JSType;com.google.javascript.rhino.jstype.RecordType;com.google.javascript.rhino.jstype.UnionType,YES,ArrowTypeGeminiTest.java;FunctionTypeGeminiTest.java;JSTypeGeminiTest.java;RecordTypeGeminiTest.java;UnionTypeGeminiTest.java,bbbc28625adb8314fd4043f3d3b4b29cd112d2531d4a6d8a83d8a23fce47c969,READY,
Closure,170,IPO (Native IPO),com.google.javascript.jscomp.FlowSensitiveInlineVariables,NO,,,NO_SUITE,
Closure,170,MIO (EvoSuite SBST),com.google.javascript.jscomp.FlowSensitiveInlineVariables,YES,FlowSensitiveInlineVariables_ESTest.java,37f91e6a4c77e53a41412f0c52a08f86896c4ca6dcecd84236442b37ded06249,READY,
Closure,170,DeepSeek V4 Flash,com.google.javascript.jscomp.FlowSensitiveInlineVariables,YES,FlowSensitiveInlineVariablesDeepseekTest.java,2bc077b87870579bbc278da011438fe281998b8ac558b600241db9a95a7ff448,READY,
Closure,170,Gemini 3.8 Flash,com.google.javascript.jscomp.FlowSensitiveInlineVariables,YES,FlowSensitiveInlineVariablesGeminiTest.java,277efc8b915ff62fb4ef1b82e371cecc6188ea8efafb653b2750519b836287cf,READY,
Closure,171,IPO (Native IPO),com.google.javascript.jscomp.TypeInference;com.google.javascript.jscomp.TypedScopeCreator,NO,,,NO_SUITE,
Closure,171,MIO (EvoSuite SBST),com.google.javascript.jscomp.TypeInference;com.google.javascript.jscomp.TypedScopeCreator,YES,TypedScopeCreator_ESTest.java;TypeInference_ESTest.java,7cae74f7a7717fe63826ca460104df5ba8848ee98cf21d28a92e1975a0d94b79,READY,
Closure,171,DeepSeek V4 Flash,com.google.javascript.jscomp.TypeInference;com.google.javascript.jscomp.TypedScopeCreator,YES,TypedScopeCreatorDeepseekTest.java;TypeInferenceDeepseekTest.java,df0844955d8e66aa9961ed8811798aba363a0d54aec9dbeb9186840ad75d96d8,READY,
Closure,171,Gemini 3.8 Flash,com.google.javascript.jscomp.TypeInference;com.google.javascript.jscomp.TypedScopeCreator,YES,TypedScopeCreatorGeminiTest.java;TypeInferenceGeminiTest.java,5831ad46ba44dbcbd6ec2306e5d9347d77ccb573960529fb1b9956a75153277e,READY,
Closure,172,IPO (Native IPO),com.google.javascript.jscomp.TypedScopeCreator,NO,,,NO_SUITE,
Closure,172,MIO (EvoSuite SBST),com.google.javascript.jscomp.TypedScopeCreator,YES,TypedScopeCreator_ESTest.java,987eec42b0cc22d4816b8de2d8816b1f883218da7af30bf08a29f2009f387e37,READY,
Closure,172,DeepSeek V4 Flash,com.google.javascript.jscomp.TypedScopeCreator,YES,TypedScopeCreatorDeepseekTest.java,529e576f6a8691848dc6c4502bd0a5fcbd88aefa913e5f98b073c82a6d8d2703,READY,
Closure,172,Gemini 3.8 Flash,com.google.javascript.jscomp.TypedScopeCreator,YES,TypedScopeCreatorGeminiTest.java,b67ba8d5f4213b0361417a7c540be2b3c0fa653fc6b5c7dd0417f6d4092b3578,READY,
Closure,173,IPO (Native IPO),com.google.javascript.jscomp.CodeGenerator;com.google.javascript.jscomp.PeepholeSubstituteAlternateSyntax,NO,,,NO_SUITE,
Closure,173,MIO (EvoSuite SBST),com.google.javascript.jscomp.CodeGenerator;com.google.javascript.jscomp.PeepholeSubstituteAlternateSyntax,YES,CodeGenerator_ESTest.java;PeepholeSubstituteAlternateSyntax_ESTest.java,218c1644d505805459a26307b991df54eb5419b796dc7def1e3592571bbd37c3,READY,
Closure,173,DeepSeek V4 Flash,com.google.javascript.jscomp.CodeGenerator;com.google.javascript.jscomp.PeepholeSubstituteAlternateSyntax,YES,PeepholeSubstituteAlternateSyntaxDeepseekTest.java,a06a472229d94ef72787e52f7f4a3de328a8c8465268dd232abb6cee6019d96c,READY,
Closure,173,Gemini 3.8 Flash,com.google.javascript.jscomp.CodeGenerator;com.google.javascript.jscomp.PeepholeSubstituteAlternateSyntax,YES,PeepholeSubstituteAlternateSyntaxGeminiTest.java,c5b1ee3d0bf6e04974dc75ba4249ff740b543fa8bb71c54ed2996c2d233cea46,READY,
Closure,174,IPO (Native IPO),com.google.javascript.jscomp.JsAst;com.google.javascript.jscomp.NodeUtil;com.google.javascript.jscomp.ScopedAliases,NO,,,NO_SUITE,
Closure,174,MIO (EvoSuite SBST),com.google.javascript.jscomp.JsAst;com.google.javascript.jscomp.NodeUtil;com.google.javascript.jscomp.ScopedAliases,YES,JsAst_ESTest.java;NodeUtil_ESTest.java;ScopedAliases_ESTest.java,f5b97b66c4c7016e92e6e215d1a1295ff6367b7af1680f68fef75ad697185356,READY,
Closure,174,DeepSeek V4 Flash,com.google.javascript.jscomp.JsAst;com.google.javascript.jscomp.NodeUtil;com.google.javascript.jscomp.ScopedAliases,YES,JsAstDeepseekTest.java;NodeUtilDeepseekTest.java;ScopedAliasesDeepseekTest.java,a20075f152141c4ae866b88788bf115db862ff0611e4cd2a83d5028bf70b8052,READY,
Closure,174,Gemini 3.8 Flash,com.google.javascript.jscomp.JsAst;com.google.javascript.jscomp.NodeUtil;com.google.javascript.jscomp.ScopedAliases,YES,JsAstGeminiTest.java;NodeUtilGeminiTest.java;ScopedAliasesGeminiTest.java,d71bceca25769e249f8222b5107d8e83d334a0cdc3a8be4b58b5c8be09c3b870,READY,
Closure,175,IPO (Native IPO),com.google.javascript.jscomp.FunctionInjector,NO,,,NO_SUITE,
Closure,175,MIO (EvoSuite SBST),com.google.javascript.jscomp.FunctionInjector,YES,FunctionInjector_ESTest.java,6ea9532f9c38664cff0366e3d826bd82ea35dcb55beafc26fbc5a1d3b45483c5,READY,
Closure,175,DeepSeek V4 Flash,com.google.javascript.jscomp.FunctionInjector,YES,FunctionInjectorDeepseekTest.java,0834ff69a8234c0239f16ba57157d9280c7c782863b4e18ff24132c915dc782d,READY,
Closure,175,Gemini 3.8 Flash,com.google.javascript.jscomp.FunctionInjector,YES,FunctionInjectorGeminiTest.java,97b60fabf97efe123f7764eaad078ae34d70046704c34ec72b61f8d1efc3eb9c,READY,
Closure,176,IPO (Native IPO),com.google.javascript.jscomp.TypeInference,NO,,,NO_SUITE,
Closure,176,MIO (EvoSuite SBST),com.google.javascript.jscomp.TypeInference,YES,TypeInference_ESTest.java,90cd308448974e71106aef3be644e2a9edffc4309fd8003f459a5d4db320a56c,READY,
Closure,176,DeepSeek V4 Flash,com.google.javascript.jscomp.TypeInference,YES,TypeInferenceDeepseekTest.java,5cf8a3a2ef7ea1489b012494e8e1a22e67aa79f8a7a34d855f7184d598ef0570,READY,
Closure,176,Gemini 3.8 Flash,com.google.javascript.jscomp.TypeInference,YES,TypeInferenceGeminiTest.java,2f8e586288d3c1b4e942cfcfb07015b692777291d62b22e036fedce654f5cca1,READY,
Codec,1,IPO (Native IPO),org.apache.commons.codec.language.Caverphone;org.apache.commons.codec.language.Metaphone;org.apache.commons.codec.language.SoundexUtils,YES,Caverphone_IPOTest.java;Metaphone_IPOTest.java,7f6f00dc5736008a6d07d8f5fa3956efcccea046ba4f55b7ad1468e131a188bc,READY,
Codec,1,MIO (EvoSuite SBST),org.apache.commons.codec.language.Caverphone;org.apache.commons.codec.language.Metaphone;org.apache.commons.codec.language.SoundexUtils,YES,Caverphone_ESTest.java;Metaphone_ESTest.java;SoundexUtils_ESTest.java,7c8e57be76e5fadbd72621dda3650c13037b1b17f649dea617aab7348e7db613,READY,
Codec,1,DeepSeek V4 Flash,org.apache.commons.codec.language.Caverphone;org.apache.commons.codec.language.Metaphone;org.apache.commons.codec.language.SoundexUtils,YES,CaverphoneDeepseekTest.java;MetaphoneDeepseekTest.java;SoundexUtilsDeepseekTest.java,5d3f2cc93216ab43fe652b1b8ab2bc059593231f3afac063a4ca28743e924daf,READY,
Codec,1,Gemini 3.8 Flash,org.apache.commons.codec.language.Caverphone;org.apache.commons.codec.language.Metaphone;org.apache.commons.codec.language.SoundexUtils,YES,CaverphoneGeminiTest.java;MetaphoneGeminiTest.java;SoundexUtilsGeminiTest.java,70b5c18be2755ed593ac19ec2928938fbc1904dfdc4a2132376e6439ef77a3e4,READY,
Codec,2,IPO (Native IPO),org.apache.commons.codec.binary.Base64,YES,Base64_IPOTest.java,96ab2747c50d34c0cdea8c3517d61ec37ee25ce90ff1116101f60a6401daad40,READY,
Codec,2,MIO (EvoSuite SBST),org.apache.commons.codec.binary.Base64,YES,Base64_ESTest.java,6ae7baa37c1718501a061c6fbaabfdc9c08740eb1cd8a276222e9cfa29ccc727,READY,
Codec,2,DeepSeek V4 Flash,org.apache.commons.codec.binary.Base64,YES,Base64DeepseekTest.java,ecc824b7bbeabb6a977d5664fb223545fe26e33a2a923aaa6d51ca1b9ae6ff0c,READY,
Codec,2,Gemini 3.8 Flash,org.apache.commons.codec.binary.Base64,YES,Base64GeminiTest.java,e0023f188be300d414264e427cb98c08f2d4cc1952c202d11c9bc639d4db7d40,READY,
Codec,3,IPO (Native IPO),org.apache.commons.codec.language.DoubleMetaphone,YES,DoubleMetaphone_IPOTest.java,2c9a53f4f711c705c2cb6b6ee937f0cccf1f150bc827c00d72f097b1335850a4,READY,
Codec,3,MIO (EvoSuite SBST),org.apache.commons.codec.language.DoubleMetaphone,YES,DoubleMetaphone_ESTest.java,f31e3a19df97a3ac0fcbac8b28acafae7cb996e7fda6c7b92c83716d5d80168c,READY,
Codec,3,DeepSeek V4 Flash,org.apache.commons.codec.language.DoubleMetaphone,YES,DoubleMetaphoneDeepseekTest.java,91441bf3f82e53019157a0ee3d8a44e6f8560bd0b9729bd96f886842543ca36d,READY,
Codec,3,Gemini 3.8 Flash,org.apache.commons.codec.language.DoubleMetaphone,YES,DoubleMetaphoneGeminiTest.java,e11ca002ee799c6b5e0cd6005ed5e1a30bfd66755524cb43a773cf52a87ac6ed,READY,
Codec,4,IPO (Native IPO),org.apache.commons.codec.binary.Base64,YES,Base64_IPOTest.java,b710dac8db630c8ce0533ff21079cabeca2b786d411d9e69d3cea37ffa56cd9e,READY,
Codec,4,MIO (EvoSuite SBST),org.apache.commons.codec.binary.Base64,YES,Base64_ESTest.java,ed14aea04bc03a3ecb7bc834f52707afa4f2ce0376187f4d73929239180c6e53,READY,
Codec,4,DeepSeek V4 Flash,org.apache.commons.codec.binary.Base64,YES,Base64DeepseekTest.java,0b8453f01f8658e2ea45497623c3c9a05613563a6145c2d9a045fee867e6616b,READY,
Codec,4,Gemini 3.8 Flash,org.apache.commons.codec.binary.Base64,YES,Base64GeminiTest.java,7d3a8bdb30abb13fb6d64e238ebed9139b9e700491d25b75b61f258dccbe63fc,READY,
Codec,5,IPO (Native IPO),org.apache.commons.codec.binary.Base64,YES,Base64_IPOTest.java,b710dac8db630c8ce0533ff21079cabeca2b786d411d9e69d3cea37ffa56cd9e,READY,
Codec,5,MIO (EvoSuite SBST),org.apache.commons.codec.binary.Base64,YES,Base64_ESTest.java,f4c13f9fe4ce88b06f24dcd854e13f19d38c89c59996c74534152f496614377b,READY,
Codec,5,DeepSeek V4 Flash,org.apache.commons.codec.binary.Base64,YES,Base64DeepseekTest.java,85e36a58c0b6a768fd53a38138f0f7558affddda7855d107656d645684826de7,READY,
Codec,5,Gemini 3.8 Flash,org.apache.commons.codec.binary.Base64,YES,Base64GeminiTest.java,a69442267ca4f0abaa1c985882c3b830de7e43219c7c091c369f9220549429ac,READY,
Codec,6,IPO (Native IPO),org.apache.commons.codec.binary.Base64InputStream,YES,Base64InputStream_IPOTest.java,7d2cce9b17675d939c6399c09b2f4fc6e52e5c8f28e44fc8c6f55d65d6763526,READY,
Codec,6,MIO (EvoSuite SBST),org.apache.commons.codec.binary.Base64InputStream,YES,Base64InputStream_ESTest.java,8f791f3d35cc0b0916ad0ae3842ca2c882906e70a7b0f29ebb1fc4027758e427,READY,
Codec,6,DeepSeek V4 Flash,org.apache.commons.codec.binary.Base64InputStream,YES,Base64InputStreamDeepseekTest.java,ccf5f35e39f9924eaca7cf23aa063f8aeede4a8195f5dcc451b14c6a426381be,READY,
Codec,6,Gemini 3.8 Flash,org.apache.commons.codec.binary.Base64InputStream,YES,Base64InputStreamGeminiTest.java,dab6d97c000aa8ac9f745b97e72f5a68c187c8269978a9978d0bf25e1783b5a2,READY,
Codec,7,IPO (Native IPO),org.apache.commons.codec.binary.Base64,YES,Base64_IPOTest.java,b710dac8db630c8ce0533ff21079cabeca2b786d411d9e69d3cea37ffa56cd9e,READY,
Codec,7,MIO (EvoSuite SBST),org.apache.commons.codec.binary.Base64,YES,Base64_ESTest.java,d5f89f139860ab4cb286b8c1947e18de9520d23d3bb91b189160cd45f29943f8,READY,
Codec,7,DeepSeek V4 Flash,org.apache.commons.codec.binary.Base64,YES,Base64DeepseekTest.java,12b64c2f099a88c4f7f936bcddc69645a781ab350ab3317140ac33f9aec3a05d,READY,
Codec,7,Gemini 3.8 Flash,org.apache.commons.codec.binary.Base64,YES,Base64GeminiTest.java,08a83c8220c0eb894853e7322df25056ed5b5356eeefa797591cb1464b938814,READY,
Codec,8,IPO (Native IPO),org.apache.commons.codec.binary.Base64;org.apache.commons.codec.binary.Base64InputStream,YES,Base64InputStream_IPOTest.java;Base64_IPOTest.java,7304a0270adf863421f391d4d52a1050583c42e32a7d0d246a5fb8e95a368eba,READY,
Codec,8,MIO (EvoSuite SBST),org.apache.commons.codec.binary.Base64;org.apache.commons.codec.binary.Base64InputStream,YES,Base64InputStream_ESTest.java;Base64_ESTest.java,3616843bc949b217eda83dc1c89b16228628974b58210c360fbe1f283da1b14d,READY,
Codec,8,DeepSeek V4 Flash,org.apache.commons.codec.binary.Base64;org.apache.commons.codec.binary.Base64InputStream,YES,Base64DeepseekTest.java;Base64InputStreamDeepseekTest.java,57491375e2a682ab51328b5159da2e180998380397651fa047fb6fc2336158d9,READY,
Codec,8,Gemini 3.8 Flash,org.apache.commons.codec.binary.Base64;org.apache.commons.codec.binary.Base64InputStream,YES,Base64GeminiTest.java;Base64InputStreamGeminiTest.java,e5fb1a2266904578d6e6ca2798c35e29cc8f29bb05f42678a88c15ef3e0dac5a,READY,
Codec,9,IPO (Native IPO),org.apache.commons.codec.binary.Base64,YES,Base64_IPOTest.java,b710dac8db630c8ce0533ff21079cabeca2b786d411d9e69d3cea37ffa56cd9e,READY,
Codec,9,MIO (EvoSuite SBST),org.apache.commons.codec.binary.Base64,YES,Base64_ESTest.java,712e1a5af631c3c53149939133d7138e07e246e281849bee29f0945fbe3e992b,READY,
Codec,9,DeepSeek V4 Flash,org.apache.commons.codec.binary.Base64,YES,Base64DeepseekTest.java,038a223777faf9c1f404f294095a62bd43031fb237749e282b0ffe3ac540073b,READY,
Codec,9,Gemini 3.8 Flash,org.apache.commons.codec.binary.Base64,YES,Base64GeminiTest.java,6905a3a66612484812d92ca6950c786493e457f39ce85dbb01e6c90629f1e85e,READY,
Codec,10,IPO (Native IPO),org.apache.commons.codec.language.Caverphone,YES,Caverphone_IPOTest.java,9915db6e282354369049d88b1bbae4975801735b4919fca1111433016de85e6d,READY,
Codec,10,MIO (EvoSuite SBST),org.apache.commons.codec.language.Caverphone,YES,Caverphone_ESTest.java,ca19952d4bf3772dc1a27ae7279b9c4345810d8f18da798ed3eecb9cce923368,READY,
Codec,10,DeepSeek V4 Flash,org.apache.commons.codec.language.Caverphone,YES,CaverphoneDeepseekTest.java,049542330af51fdb9f41bfbc90a13e83c734db081536d12e1895a8dc69875ad3,READY,
Codec,10,Gemini 3.8 Flash,org.apache.commons.codec.language.Caverphone,YES,CaverphoneGeminiTest.java,e5c8d439d914a14bf47957a37b3ecd9a68fd05c7c27e55e5c15d82dcdc2b486d,READY,
Codec,11,IPO (Native IPO),org.apache.commons.codec.net.QuotedPrintableCodec,YES,QuotedPrintableCodec_IPOTest.java,3994a708aa9850bf26f966aa72725ac30257cbe06e536de4b9bd95c8fead45f2,READY,
Codec,11,MIO (EvoSuite SBST),org.apache.commons.codec.net.QuotedPrintableCodec,YES,QuotedPrintableCodec_ESTest.java,4840a0541380721c1228f9dee9ea786865a65ea33bf8df9c1d8e86e677a15d80,READY,
Codec,11,DeepSeek V4 Flash,org.apache.commons.codec.net.QuotedPrintableCodec,YES,QuotedPrintableCodecDeepseekTest.java,ffbcef263c36b52c2e15c02cb843bdc2ec21c10104f086bf40671d8b228e8096,READY,
Codec,11,Gemini 3.8 Flash,org.apache.commons.codec.net.QuotedPrintableCodec,YES,QuotedPrintableCodecGeminiTest.java,0eed1e23ab70dea0ae71eba067d4f902980a7cc6c038f521664f7561832d51ca,READY,
Codec,12,IPO (Native IPO),org.apache.commons.codec.binary.BaseNCodecInputStream,NO,,,NO_SUITE,
Codec,12,MIO (EvoSuite SBST),org.apache.commons.codec.binary.BaseNCodecInputStream,YES,BaseNCodecInputStream_ESTest.java,dfa3f8659eaff6fa3e852db4447c97d4890c7e56abee5f1d4e8b1f0c8bcc0c1e,READY,
Codec,12,DeepSeek V4 Flash,org.apache.commons.codec.binary.BaseNCodecInputStream,YES,BaseNCodecInputStreamDeepseekTest.java,2c6f1c0388f85fed4a249fa0f98f6d55ab56a2444b12d981aece716b723e4298,READY,
Codec,12,Gemini 3.8 Flash,org.apache.commons.codec.binary.BaseNCodecInputStream,YES,BaseNCodecInputStreamGeminiTest.java,3c62a5007c034ab3e82019565e50d8d3d01d82818f4f45d8be519d6e25e4cdde,READY,
Codec,13,IPO (Native IPO),org.apache.commons.codec.binary.CharSequenceUtils;org.apache.commons.codec.binary.StringUtils;org.apache.commons.codec.language.DoubleMetaphone,YES,StringUtils_IPOTest.java;DoubleMetaphone_IPOTest.java,59c301853cef8b6191b89c7daca902f39c5c62979913f3442a345edbbb4721a8,READY,
Codec,13,MIO (EvoSuite SBST),org.apache.commons.codec.binary.CharSequenceUtils;org.apache.commons.codec.binary.StringUtils;org.apache.commons.codec.language.DoubleMetaphone,YES,DoubleMetaphone_ESTest.java;StringUtils_ESTest.java,d63e7cd5f61fcf0262a4a670af5f34d879dfffcd8ebf58427ed2bf28375f2a56,READY,
Codec,13,DeepSeek V4 Flash,org.apache.commons.codec.binary.CharSequenceUtils;org.apache.commons.codec.binary.StringUtils;org.apache.commons.codec.language.DoubleMetaphone,YES,DoubleMetaphoneDeepseekTest.java;StringUtilsDeepseekTest.java,22a751d7586d14305f946278271d40c34165b40857abebabda10a90506bb5959,READY,
Codec,13,Gemini 3.8 Flash,org.apache.commons.codec.binary.CharSequenceUtils;org.apache.commons.codec.binary.StringUtils;org.apache.commons.codec.language.DoubleMetaphone,YES,DoubleMetaphoneGeminiTest.java;StringUtilsGeminiTest.java,9a5414975503ceea58bab2509ac43c12ee01cf28b7e3f029a3fb9672ad4c46ee,READY,
Codec,14,IPO (Native IPO),org.apache.commons.codec.language.bm.Lang;org.apache.commons.codec.language.bm.PhoneticEngine;org.apache.commons.codec.language.bm.Rule;src.main.resources.org.apache.commons.codec.language.bm.ash_lang.txt;src.main.resources.org.apache.commons.codec.language.bm.gen_lang.txt;src.main.resources.org.apache.commons.codec.language.bm.sep_lang.txt,NO,,,NO_SUITE,
Codec,14,MIO (EvoSuite SBST),org.apache.commons.codec.language.bm.Lang;org.apache.commons.codec.language.bm.PhoneticEngine;org.apache.commons.codec.language.bm.Rule;src.main.resources.org.apache.commons.codec.language.bm.ash_lang.txt;src.main.resources.org.apache.commons.codec.language.bm.gen_lang.txt;src.main.resources.org.apache.commons.codec.language.bm.sep_lang.txt,YES,Lang_ESTest.java;PhoneticEngine_ESTest.java;Rule_ESTest.java,a5a055dedefcbc22e9a7802f572997380b6abccbf0dd9dc0cee85262ef5ee61b,READY,
Codec,14,DeepSeek V4 Flash,org.apache.commons.codec.language.bm.Lang;org.apache.commons.codec.language.bm.PhoneticEngine;org.apache.commons.codec.language.bm.Rule;src.main.resources.org.apache.commons.codec.language.bm.ash_lang.txt;src.main.resources.org.apache.commons.codec.language.bm.gen_lang.txt;src.main.resources.org.apache.commons.codec.language.bm.sep_lang.txt,YES,LangDeepseekTest.java;PhoneticEngineDeepseekTest.java;RuleDeepseekTest.java,2a87475399e42819b191091a52c01faeed72c2ea896a85390b992c3d111b46ed,READY,
Codec,14,Gemini 3.8 Flash,org.apache.commons.codec.language.bm.Lang;org.apache.commons.codec.language.bm.PhoneticEngine;org.apache.commons.codec.language.bm.Rule;src.main.resources.org.apache.commons.codec.language.bm.ash_lang.txt;src.main.resources.org.apache.commons.codec.language.bm.gen_lang.txt;src.main.resources.org.apache.commons.codec.language.bm.sep_lang.txt,YES,LangGeminiTest.java;PhoneticEngineGeminiTest.java;RuleGeminiTest.java,7ab9e0c8fba5f9338421596f136d563de3fb7eea66c127f43f43be97ebf86b53,READY,
Codec,15,IPO (Native IPO),org.apache.commons.codec.language.Soundex,YES,Soundex_IPOTest.java,a6882d38f2b927a68c7bc411c045d0da1ac7628a13db4b2b590c375b87d82fa7,READY,
Codec,15,MIO (EvoSuite SBST),org.apache.commons.codec.language.Soundex,YES,Soundex_ESTest.java,f05be713862b2afc4e3b02f7e69aefebacbdb263d09e3b81ebf748b4631a978c,READY,
Codec,15,DeepSeek V4 Flash,org.apache.commons.codec.language.Soundex,YES,SoundexDeepseekTest.java,479ce3057ff4d0a08023a9cc4787bfbac7df05d3babc57e9daff78d8e577b339,READY,
Codec,15,Gemini 3.8 Flash,org.apache.commons.codec.language.Soundex,YES,SoundexGeminiTest.java,26ae234a544be686de2fbbaf726365c189c63849870e7dc590a2a1453842af58,READY,
Codec,16,IPO (Native IPO),org.apache.commons.codec.binary.Base32,NO,,,NO_SUITE,
Codec,16,MIO (EvoSuite SBST),org.apache.commons.codec.binary.Base32,YES,Base32_ESTest.java,581c997744046105b03e3f3ff918597039758e7c334444dcef12c142f92fb039,READY,
Codec,16,DeepSeek V4 Flash,org.apache.commons.codec.binary.Base32,YES,Base32DeepseekTest.java,48c6832fcfc5bb3eddd7c06fe835c00ec2fed1126ee3e941aebbf42c68f911a8,READY,
Codec,16,Gemini 3.8 Flash,org.apache.commons.codec.binary.Base32,YES,Base32GeminiTest.java,c575083827cbdcd5d1f84c94b649c75ee4bc374c6d1aa0a9f2d3b1bd6ad03207,READY,
Codec,17,IPO (Native IPO),org.apache.commons.codec.binary.StringUtils,YES,StringUtils_IPOTest.java,a6922b44f19231b4c3395e536d42a1ec5e2690299e64e6537548182a17de7a6a,READY,
Codec,17,MIO (EvoSuite SBST),org.apache.commons.codec.binary.StringUtils,YES,StringUtils_ESTest.java,e59c8f851dc03dc4c5a87d9a5e436ba7ae9664f43f4fc4e4c1e65ed0971bb3f3,READY,
Codec,17,DeepSeek V4 Flash,org.apache.commons.codec.binary.StringUtils,YES,StringUtilsDeepseekTest.java,58e8aa372ed4c2c642f65fc67843c35ffa5dedb21828a73a918f713ce3b30a3e,READY,
Codec,17,Gemini 3.8 Flash,org.apache.commons.codec.binary.StringUtils,YES,StringUtilsGeminiTest.java,e94db72c4b1304c47f9be17e8bd044c810a8bc837fbb4333d619861a392945a0,READY,
Codec,18,IPO (Native IPO),org.apache.commons.codec.binary.StringUtils,YES,StringUtils_IPOTest.java,a6922b44f19231b4c3395e536d42a1ec5e2690299e64e6537548182a17de7a6a,READY,
Codec,18,MIO (EvoSuite SBST),org.apache.commons.codec.binary.StringUtils,YES,StringUtils_ESTest.java,5d0b384ec3b90819214a78b39ee42735e54d10308dc54d3138a811af6f1b8a09,READY,
Codec,18,DeepSeek V4 Flash,org.apache.commons.codec.binary.StringUtils,YES,StringUtilsDeepseekTest.java,5bd75ea5d93513fb284901c0466d66bd94dfbd6a7ac2228900da2ecae727a375,READY,
Codec,18,Gemini 3.8 Flash,org.apache.commons.codec.binary.StringUtils,YES,StringUtilsGeminiTest.java,e292b4a77c9254151da3f9e592d9763c763efec37d874ebd347f978e75054895,READY,
Collections,1,IPO (Native IPO),org.apache.commons.collections.map.Flat3Map,NO,,,NO_SUITE,
Collections,1,MIO (EvoSuite SBST),org.apache.commons.collections.map.Flat3Map,YES,Flat3Map_ESTest.java,dde992719a512dc917638be1fde4872b00dcd43f48a06c22e5327d738bafe901,READY,
Collections,1,DeepSeek V4 Flash,org.apache.commons.collections.map.Flat3Map,YES,Flat3MapDeepseekTest.java,c8e216c80e334618d72209a17f01923b335c2c78b8cc909d8dbf06f72c56f1f6,READY,
Collections,1,Gemini 3.8 Flash,org.apache.commons.collections.map.Flat3Map,YES,Flat3MapGeminiTest.java,fabbc9714ce54a7ca2c317f47011fe3d9368dde3f590a227e4f872fa232e9cbb,READY,
Collections,2,IPO (Native IPO),org.apache.commons.collections.ExtendedProperties,YES,ExtendedProperties_IPOTest.java,f7f00e56b2386095fc40f50c08cec3b96082236408a100328e2e02e146ec3803,READY,
Collections,2,MIO (EvoSuite SBST),org.apache.commons.collections.ExtendedProperties,YES,ExtendedProperties_ESTest.java,f8fe6b02c04e754d70e952ddb41d5da4f32193ea5f518f4e9a3b6dec95f00d26,READY,
Collections,2,DeepSeek V4 Flash,org.apache.commons.collections.ExtendedProperties,YES,ExtendedPropertiesDeepseekTest.java,b7de1dc04b421eaf90cc4ee618eae9ab52a8f3d9c4fb3a2a85fb887299f35137,READY,
Collections,2,Gemini 3.8 Flash,org.apache.commons.collections.ExtendedProperties,YES,ExtendedPropertiesGeminiTest.java,5c8fe66a728e9d544bb41661a6ae1135cd1e5c07f4479b67074897eb5d0ee678,READY,
Collections,3,IPO (Native IPO),org.apache.commons.collections.CollectionUtils,YES,CollectionUtils_IPOTest.java,c18ee2e0ce94219d5bdb1b0f2925a18045156386ae0c7e50e3be4d7c3219259f,READY,
Collections,3,MIO (EvoSuite SBST),org.apache.commons.collections.CollectionUtils,YES,CollectionUtils_ESTest.java,030c4ccb0de6ce4020a6db00a913c1c53fb59c831b28398887b3dfac555c2a99,READY,
Collections,3,DeepSeek V4 Flash,org.apache.commons.collections.CollectionUtils,YES,CollectionUtilsDeepseekTest.java,6c156209bc5447fc192b29f86b6e0e1228a7b397f6617594b14e7b1c4b5f3ac5,READY,
Collections,3,Gemini 3.8 Flash,org.apache.commons.collections.CollectionUtils,YES,CollectionUtilsGeminiTest.java,ed33cd8b53fb727b83d1838bc329ae754ff0adba045ed98b276fc75b1c738c19,READY,
Collections,4,IPO (Native IPO),org.apache.commons.collections.map.MultiValueMap,YES,MultiValueMap_IPOTest.java,c89a769d12575ef5d4fe83443e27fed380c731b8e29ac7181625388b7f820274,READY,
Collections,4,MIO (EvoSuite SBST),org.apache.commons.collections.map.MultiValueMap,YES,MultiValueMap_ESTest.java,d7d1e775f9b03f03e72ad01121b4bc12e4b11cb2f633cdbd78dc005766fd50dc,READY,
Collections,4,DeepSeek V4 Flash,org.apache.commons.collections.map.MultiValueMap,YES,MultiValueMapDeepseekTest.java,09e2d5b510d1392ee48243931bae4511bc4229083fccf36dd8d07ed2eb4a37dc,READY,
Collections,4,Gemini 3.8 Flash,org.apache.commons.collections.map.MultiValueMap,YES,MultiValueMapGeminiTest.java,620d793ea4180b639d2b3d7773ce73721ef00e56c79a0f36b19b2e5f98940712,READY,
Collections,5,IPO (Native IPO),org.apache.commons.collections.list.SetUniqueList,YES,SetUniqueList_IPOTest.java,7b7d28dc0753062cd872e0baf561470c4dec6a573704c188a36d338c37e24370,READY,
Collections,5,MIO (EvoSuite SBST),org.apache.commons.collections.list.SetUniqueList,YES,SetUniqueList_ESTest.java,ed40c749b84ea591374b614758e0ff63a34e6cf67b991ce664dadde3b73becb4,READY,
Collections,5,DeepSeek V4 Flash,org.apache.commons.collections.list.SetUniqueList,YES,SetUniqueListDeepseekTest.java,2549106af50b67bf58680d057f9ef13458f7413c1a4f48525dcc980d96d9b432,READY,
Collections,5,Gemini 3.8 Flash,org.apache.commons.collections.list.SetUniqueList,YES,SetUniqueListGeminiTest.java,e01c1b391f9d4bf5eea5957d2511e8772bfae7e7a23a2657d02d2b90ea2ff656,READY,
Collections,6,IPO (Native IPO),org.apache.commons.collections.map.Flat3Map,NO,,,NO_SUITE,
Collections,6,MIO (EvoSuite SBST),org.apache.commons.collections.map.Flat3Map,YES,Flat3Map_ESTest.java,bc4f13183b7095298594f54cca5546fb4eafecb3683ea34870727452ad21a211,READY,
Collections,6,DeepSeek V4 Flash,org.apache.commons.collections.map.Flat3Map,YES,Flat3MapDeepseekTest.java,6f12949606058c9f7f1f66a6ab2e6a3ccadd01e6899f34795ce1d19737eaae4a,READY,
Collections,6,Gemini 3.8 Flash,org.apache.commons.collections.map.Flat3Map,YES,Flat3MapGeminiTest.java,4a4fa51840087d7527fb742d40b5ef5e4fa713fe644167ca6d832a4d7ae4ae78,READY,
Collections,7,IPO (Native IPO),org.apache.commons.collections.ExtendedProperties,YES,ExtendedProperties_IPOTest.java,f7f00e56b2386095fc40f50c08cec3b96082236408a100328e2e02e146ec3803,READY,
Collections,7,MIO (EvoSuite SBST),org.apache.commons.collections.ExtendedProperties,YES,ExtendedProperties_ESTest.java,3a3fe89fa18554b236be459834f17cc1a13bc86a58b076096d061d6f91ef989d,READY,
Collections,7,DeepSeek V4 Flash,org.apache.commons.collections.ExtendedProperties,YES,ExtendedPropertiesDeepseekTest.java,3c956913addf8c8a6b0c59edd141a795371343184c11ed62487d935a4b363ba7,READY,
Collections,7,Gemini 3.8 Flash,org.apache.commons.collections.ExtendedProperties,YES,ExtendedPropertiesGeminiTest.java,b815c08f6b0991ca62fd51f687a06de4d683664d3c8d0314d7527eb7b3ac4354,READY,
Collections,8,IPO (Native IPO),org.apache.commons.collections.buffer.UnboundedFifoBuffer,NO,,,NO_SUITE,
Collections,8,MIO (EvoSuite SBST),org.apache.commons.collections.buffer.UnboundedFifoBuffer,YES,UnboundedFifoBuffer_ESTest.java,da690b76c87172f3622462d0110c991ef7393844522fa58ddf9917c85b975433,READY,
Collections,8,DeepSeek V4 Flash,org.apache.commons.collections.buffer.UnboundedFifoBuffer,NO,,,NO_SUITE,
Collections,8,Gemini 3.8 Flash,org.apache.commons.collections.buffer.UnboundedFifoBuffer,NO,,,NO_SUITE,
Collections,9,IPO (Native IPO),org.apache.commons.collections.ExtendedProperties,YES,ExtendedProperties_IPOTest.java,f7f00e56b2386095fc40f50c08cec3b96082236408a100328e2e02e146ec3803,READY,
Collections,9,MIO (EvoSuite SBST),org.apache.commons.collections.ExtendedProperties,YES,ExtendedProperties_ESTest.java,f2119311ffa924b25a5c833a104ce11868b5f85b889a484eb8649af882b3ed64,READY,
Collections,9,DeepSeek V4 Flash,org.apache.commons.collections.ExtendedProperties,YES,ExtendedPropertiesDeepseekTest.java,b6e5018ffe02dab05a802354b902c61a3a98f53230a33988e1b0043d5d8cb828,READY,
Collections,9,Gemini 3.8 Flash,org.apache.commons.collections.ExtendedProperties,YES,ExtendedPropertiesGeminiTest.java,41af9ea82050e336f761ea7ef9e56d4e60d61135e61f3b9eec33ffb1cc1faa8d,READY,
Collections,10,IPO (Native IPO),org.apache.commons.collections.map.MultiValueMap,YES,MultiValueMap_IPOTest.java,c89a769d12575ef5d4fe83443e27fed380c731b8e29ac7181625388b7f820274,READY,
Collections,10,MIO (EvoSuite SBST),org.apache.commons.collections.map.MultiValueMap,YES,MultiValueMap_ESTest.java,22bf9143fc56f191bf1ec6c4c42c803e1be60c8cc4baaf38137ab6b259ad1653,READY,
Collections,10,DeepSeek V4 Flash,org.apache.commons.collections.map.MultiValueMap,YES,MultiValueMapDeepseekTest.java,912a53b03159b58f40f684b8afb50636e71ec1c45360d7664ee0bdbb242850ec,READY,
Collections,10,Gemini 3.8 Flash,org.apache.commons.collections.map.MultiValueMap,YES,MultiValueMapGeminiTest.java,3f332f47020b79d3f7adf220f02dd125877ec4f7ba480aa053146b23c7db0087,READY,
Collections,11,IPO (Native IPO),org.apache.commons.collections.keyvalue.MultiKey,YES,MultiKey_IPOTest.java,a01c4fadb24e2c6d6c3918b9c9f051a4d0a805987e1f6d8baab995152085d16b,READY,
Collections,11,MIO (EvoSuite SBST),org.apache.commons.collections.keyvalue.MultiKey,YES,MultiKey_ESTest.java,577ef642a4ead880fabc06811eb8594e8d2e42458076b04cbdaa947cd1a0c22f,READY,
Collections,11,DeepSeek V4 Flash,org.apache.commons.collections.keyvalue.MultiKey,YES,MultiKeyDeepseekTest.java,c48cc58294155f6069bb1ebe36fc4355d423f9fa635ccfd8af5cbf1fa87d8cc5,READY,
Collections,11,Gemini 3.8 Flash,org.apache.commons.collections.keyvalue.MultiKey,YES,MultiKeyGeminiTest.java,f549a0855f4411b4c8f69599ffc9fec48f966a978e8d42f961fe240c64f06361,READY,
Collections,12,IPO (Native IPO),org.apache.commons.collections.ExtendedProperties,YES,ExtendedProperties_IPOTest.java,f7f00e56b2386095fc40f50c08cec3b96082236408a100328e2e02e146ec3803,READY,
Collections,12,MIO (EvoSuite SBST),org.apache.commons.collections.ExtendedProperties,YES,ExtendedProperties_ESTest.java,65e498a99ff349b252ed043f490153c5d40a23a8891f4f99ae06618399a45a65,READY,
Collections,12,DeepSeek V4 Flash,org.apache.commons.collections.ExtendedProperties,YES,ExtendedPropertiesDeepseekTest.java,0e87e7d752d2599007e87b191d0dda7f5b2f5651337862727ddd651444246c46,READY,
Collections,12,Gemini 3.8 Flash,org.apache.commons.collections.ExtendedProperties,YES,ExtendedPropertiesGeminiTest.java,ae2229e04e24c7fd3cdda4e65064b2feee7b48a3f9fe9af4a633c43e4305a0ed,READY,
Collections,13,IPO (Native IPO),org.apache.commons.collections.ExtendedProperties,YES,ExtendedProperties_IPOTest.java,f7f00e56b2386095fc40f50c08cec3b96082236408a100328e2e02e146ec3803,READY,
Collections,13,MIO (EvoSuite SBST),org.apache.commons.collections.ExtendedProperties,YES,ExtendedProperties_ESTest.java,5349f63d3ea53351a7f2cc8ef08081f5009a021e683c7aac1f11e04ac76acf4e,READY,
Collections,13,DeepSeek V4 Flash,org.apache.commons.collections.ExtendedProperties,YES,ExtendedPropertiesDeepseekTest.java,0eb27a4bb2476ccc8c29320e18b81fd6dc346b9b3679a99182cc82b0cf13c230,READY,
Collections,13,Gemini 3.8 Flash,org.apache.commons.collections.ExtendedProperties,YES,ExtendedPropertiesGeminiTest.java,5524c08e52b13ae212818d2a1f43bd223145f93eba1257c60636eae334cf4a38,READY,
Collections,14,IPO (Native IPO),org.apache.commons.collections.map.CaseInsensitiveMap,NO,,,NO_SUITE,
Collections,14,MIO (EvoSuite SBST),org.apache.commons.collections.map.CaseInsensitiveMap,YES,CaseInsensitiveMap_ESTest.java,110dbf7dcbef689c7c16ccbef23802a03c0fb65fcf15cd06754b0cb7ae9373a3,READY,
Collections,14,DeepSeek V4 Flash,org.apache.commons.collections.map.CaseInsensitiveMap,YES,CaseInsensitiveMapDeepseekTest.java,5fcb08693329edb20a67e5c0ac11b920e422de7912053ffeaae098dc2d215724,READY,
Collections,14,Gemini 3.8 Flash,org.apache.commons.collections.map.CaseInsensitiveMap,YES,CaseInsensitiveMapGeminiTest.java,09bde3e1d3cad0bfeccc0276bc1dccb825afd46b64da4698383eac703cef64e8,READY,
Collections,15,IPO (Native IPO),org.apache.commons.collections.list.SetUniqueList,YES,SetUniqueList_IPOTest.java,7b7d28dc0753062cd872e0baf561470c4dec6a573704c188a36d338c37e24370,READY,
Collections,15,MIO (EvoSuite SBST),org.apache.commons.collections.list.SetUniqueList,YES,SetUniqueList_ESTest.java,de9abe29221de4d0fdfd2748a31a35ec4be6c981d5dd34b98b4acddf4087f7e5,READY,
Collections,15,DeepSeek V4 Flash,org.apache.commons.collections.list.SetUniqueList,YES,SetUniqueListDeepseekTest.java,8ccc78ee3c06c3b774a1865161c84749b50740aaee48d2c7f2cc110d3b548386,READY,
Collections,15,Gemini 3.8 Flash,org.apache.commons.collections.list.SetUniqueList,YES,SetUniqueListGeminiTest.java,bbe9f49a608d9e8ad2a88bf5aa2b62bde4bef6ee064612b302a32a6fd449b12a,READY,
Collections,16,IPO (Native IPO),org.apache.commons.collections.list.SetUniqueList,YES,SetUniqueList_IPOTest.java,93a7e6fd50a0330f637ce3ce888a2e6899c5d36ce98640d95b7b5df479d8ed5d,READY,
Collections,16,MIO (EvoSuite SBST),org.apache.commons.collections.list.SetUniqueList,YES,SetUniqueList_ESTest.java,30319506f4799a8792a1ecaba007b549e33a288b23fa81c969a74be7c0f76950,READY,
Collections,16,DeepSeek V4 Flash,org.apache.commons.collections.list.SetUniqueList,YES,SetUniqueListDeepseekTest.java,8cb1ab8284fafba41dfeb837524656a5cd4f69f01119b04c6ee6db66bea2b250,READY,
Collections,16,Gemini 3.8 Flash,org.apache.commons.collections.list.SetUniqueList,YES,SetUniqueListGeminiTest.java,68888b577daf30389c0fd07ea1b293ee946f0ae266976da6a0f226f11473f39b,READY,
Collections,17,IPO (Native IPO),org.apache.commons.collections.functors.EqualPredicate,YES,EqualPredicate_IPOTest.java,a0ab2deb9c5b43c0fa53db5f87c73ccb71dd401e18977df9e01b47655fdd4d6f,READY,
Collections,17,MIO (EvoSuite SBST),org.apache.commons.collections.functors.EqualPredicate,YES,EqualPredicate_ESTest.java,5b8dc5d9bc2f3593c652026a8bd6d4b9ccf7ef7479aef2e06f56970ceb54c3a9,READY,
Collections,17,DeepSeek V4 Flash,org.apache.commons.collections.functors.EqualPredicate,YES,EqualPredicateDeepseekTest.java,7903c11916de5bc3886ef775052189a465d4b00ab2285118b79e05dc8acac4fb,READY,
Collections,17,Gemini 3.8 Flash,org.apache.commons.collections.functors.EqualPredicate,YES,EqualPredicateGeminiTest.java,688193e670edc3d4856a9faf066a1794954edb9584fef028d021efcd9e99da40,READY,
Collections,18,IPO (Native IPO),org.apache.commons.collections.set.ListOrderedSet,NO,,,NO_SUITE,
Collections,18,MIO (EvoSuite SBST),org.apache.commons.collections.set.ListOrderedSet,YES,ListOrderedSet_ESTest.java,34f7d162c0613560b2c031c8d86328ae210b6260095fdaabf924a2facc6d4908,READY,
Collections,18,DeepSeek V4 Flash,org.apache.commons.collections.set.ListOrderedSet,YES,ListOrderedSetDeepseekTest.java,6d023c49cf6f02d21feb3bd345cfd78e4a3d6e1054646c62ca2a2e19468a23c1,READY,
Collections,18,Gemini 3.8 Flash,org.apache.commons.collections.set.ListOrderedSet,YES,ListOrderedSetGeminiTest.java,795cfba1d43486f7c91e68b51efbde4dbd3a06015c33ed65ae0df5c3f696d916,READY,
Collections,19,IPO (Native IPO),org.apache.commons.collections.list.SetUniqueList,NO,,,NO_SUITE,
Collections,19,MIO (EvoSuite SBST),org.apache.commons.collections.list.SetUniqueList,YES,SetUniqueList_ESTest.java,9d17cb4b29fcdba47b5983688311e649bc3f970cae0a2b2e273ca5a506e1f1e0,READY,
Collections,19,DeepSeek V4 Flash,org.apache.commons.collections.list.SetUniqueList,YES,SetUniqueListDeepseekTest.java,84be64a4d632a6e03ea4be051e48ca61e8af529ca2fe52ed89a7d6e53f97e188,READY,
Collections,19,Gemini 3.8 Flash,org.apache.commons.collections.list.SetUniqueList,YES,SetUniqueListGeminiTest.java,36d1894537861697107bd6b7e90036bf41b6728eb177d2a13e5b6f95b786fae5,READY,
Collections,20,IPO (Native IPO),org.apache.commons.collections.list.TreeList,NO,,,NO_SUITE,
Collections,20,MIO (EvoSuite SBST),org.apache.commons.collections.list.TreeList,YES,TreeList_ESTest.java,7a90b1b6e8e60c26eb2dd7d47b3631d6c44a0502d797ac436c8bb2c9bc576f98,READY,
Collections,20,DeepSeek V4 Flash,org.apache.commons.collections.list.TreeList,YES,TreeListDeepseekTest.java,c9f7ddcdbe50f407ed7c0b5ac1fbd8be7e2af95945a6fee4a037a6f18ddd54dc,READY,
Collections,20,Gemini 3.8 Flash,org.apache.commons.collections.list.TreeList,YES,TreeListGeminiTest.java,ba76dc8faa10d60cae70e4590d6098e5e934fcd4cc2516c53581800f02fec6c8,READY,
Collections,21,IPO (Native IPO),org.apache.commons.collections4.list.SetUniqueList,NO,,,NO_SUITE,
Collections,21,MIO (EvoSuite SBST),org.apache.commons.collections4.list.SetUniqueList,YES,SetUniqueList_ESTest.java,69d6a3923b9e0e1d5f9d6b51f6855ade197309c5492bff5b7b41236793e072b2,READY,
Collections,21,DeepSeek V4 Flash,org.apache.commons.collections4.list.SetUniqueList,YES,SetUniqueListDeepseekTest.java,30ef7d0f722103252b4f0c59831d6fd63dba9c107970589dc0cb2c59440d0c53,READY,
Collections,21,Gemini 3.8 Flash,org.apache.commons.collections4.list.SetUniqueList,YES,SetUniqueListGeminiTest.java,abe35a8e5d320449d022ee997202a3b146b5b97021ed4d065328b7ad5db2d1a0,READY,
Collections,22,IPO (Native IPO),org.apache.commons.collections4.map.ListOrderedMap,NO,,,NO_SUITE,
Collections,22,MIO (EvoSuite SBST),org.apache.commons.collections4.map.ListOrderedMap,YES,ListOrderedMap_ESTest.java,de4472ef2ff6e1f987eda3596bc19db6a9edd8aa83de2d66e394534bdc78f623,READY,
Collections,22,DeepSeek V4 Flash,org.apache.commons.collections4.map.ListOrderedMap,YES,ListOrderedMapDeepseekTest.java,222511a4a853f273d64c2086dc2ccc0d95001a013d95e7609763b8dcf71b3c4a,READY,
Collections,22,Gemini 3.8 Flash,org.apache.commons.collections4.map.ListOrderedMap,YES,ListOrderedMapGeminiTest.java,3c8904875243f26688e7421ffaa67edf2b15dfef78198b047c3e2a12cf410609,READY,
Collections,23,IPO (Native IPO),org.apache.commons.collections4.trie.UnmodifiableTrie,NO,,,NO_SUITE,
Collections,23,MIO (EvoSuite SBST),org.apache.commons.collections4.trie.UnmodifiableTrie,YES,UnmodifiableTrie_ESTest.java,38a11885e94fdeaf3f2abe4b40397e2ba093956012082f305ef1a8982939f2ec,READY,
Collections,23,DeepSeek V4 Flash,org.apache.commons.collections4.trie.UnmodifiableTrie,YES,UnmodifiableTrieDeepseekTest.java,37acd2c3a17824119404c0f004d1ec140e9fd0167929c4d22e0673fefac448fb,READY,
Collections,23,Gemini 3.8 Flash,org.apache.commons.collections4.trie.UnmodifiableTrie,YES,UnmodifiableTrieGeminiTest.java,ec912b3cbe90b71ecf14b97208db04e61e0f0dd15b713c29260fc7c5e17c1557,READY,
Collections,24,IPO (Native IPO),org.apache.commons.collections4.collection.UnmodifiableBoundedCollection,NO,,,NO_SUITE,
Collections,24,MIO (EvoSuite SBST),org.apache.commons.collections4.collection.UnmodifiableBoundedCollection,YES,UnmodifiableBoundedCollection_ESTest.java,1ef2507f5efc58b76006bb3bf3a58da2fc9597705871a275103bab7c45a9bc29,READY,
Collections,24,DeepSeek V4 Flash,org.apache.commons.collections4.collection.UnmodifiableBoundedCollection,YES,UnmodifiableBoundedCollectionDeepseekTest.java,876c8d1599ebd0b7fb7f9d6c5f490cbd27693ce4ad23fec392aac055f8ed5e9a,READY,
Collections,24,Gemini 3.8 Flash,org.apache.commons.collections4.collection.UnmodifiableBoundedCollection,YES,UnmodifiableBoundedCollectionGeminiTest.java,6a426db5d28df6276363ff10c3f2daa2394ef1d5ec52ab92d0eb6dd97712c4bc,READY,
Collections,25,IPO (Native IPO),org.apache.commons.collections4.IteratorUtils,NO,,,NO_SUITE,
Collections,25,MIO (EvoSuite SBST),org.apache.commons.collections4.IteratorUtils,YES,IteratorUtils_ESTest.java,3513b19a129e9c26b3d7a4b123b7307b05c8d7879d17c1a76587983fb2ea8f86,READY,
Collections,25,DeepSeek V4 Flash,org.apache.commons.collections4.IteratorUtils,YES,IteratorUtilsDeepseekTest.java,3d0b2546eec90bdde8aab23e9be9361585e4e4646f5a43e40ecf9f3beeff164b,READY,
Collections,25,Gemini 3.8 Flash,org.apache.commons.collections4.IteratorUtils,YES,IteratorUtilsGeminiTest.java,fa6b55e36e621456e21d40d477134e15ab30e4925b7becc5a53b4bd8396ae821,READY,
Collections,26,IPO (Native IPO),org.apache.commons.collections4.keyvalue.MultiKey,YES,MultiKey_IPOTest.java,2355370d5e372da3780c12f1f91ecd9eda89abdafcefbfbe89ec4a24e578b0ae,READY,
Collections,26,MIO (EvoSuite SBST),org.apache.commons.collections4.keyvalue.MultiKey,YES,MultiKey_ESTest.java,1369ca91c788f163d790e6af90dbf1ce09d9b826389918644b76eb0555e2a051,READY,
Collections,26,DeepSeek V4 Flash,org.apache.commons.collections4.keyvalue.MultiKey,YES,MultiKeyDeepseekTest.java,70a2c1fb3307310f36247ebd52f1715013a7695fa955a657653c49be9eb1b4a5,READY,
Collections,26,Gemini 3.8 Flash,org.apache.commons.collections4.keyvalue.MultiKey,YES,MultiKeyGeminiTest.java,1423edc0cc5c4bcf9d245800e6ab8f842d7564518ed1c59734afc2bd7b976bf4,READY,
Collections,27,IPO (Native IPO),org.apache.commons.collections4.map.MultiValueMap,YES,MultiValueMap_IPOTest.java,3f1e449c54a110a8b8f277f1375f621f1c555fa0be6b51b172a17476aa638fa5,READY,
Collections,27,MIO (EvoSuite SBST),org.apache.commons.collections4.map.MultiValueMap,YES,MultiValueMap_ESTest.java,eaf07f8742e909f32583e2780ee70f2babce1af9da8ea993892e003adc063732,READY,
Collections,27,DeepSeek V4 Flash,org.apache.commons.collections4.map.MultiValueMap,YES,MultiValueMapDeepseekTest.java,4c84d409f21f46c9384296ab35ad171aa18cd1b3c924d381c68994aca13e1bee,READY,
Collections,27,Gemini 3.8 Flash,org.apache.commons.collections4.map.MultiValueMap,YES,MultiValueMapGeminiTest.java,d7f04d0ec3a730676f39dc09225927b09054754fc7442f9cff09619de291784e,READY,
Collections,28,IPO (Native IPO),org.apache.commons.collections4.trie.AbstractPatriciaTrie,NO,,,NO_SUITE,
Collections,28,MIO (EvoSuite SBST),org.apache.commons.collections4.trie.AbstractPatriciaTrie,YES,AbstractPatriciaTrie_ESTest.java,440584658b9d1daa4deebf905922845f93a64118a440032f37484d3c9798c11d,READY,
Collections,28,DeepSeek V4 Flash,org.apache.commons.collections4.trie.AbstractPatriciaTrie,YES,AbstractPatriciaTrieDeepseekTest.java,4362b307f26964eaa938c65fba55f8d044f29700a9b9f436af451cf58941509e,READY,
Collections,28,Gemini 3.8 Flash,org.apache.commons.collections4.trie.AbstractPatriciaTrie,YES,AbstractPatriciaTrieGeminiTest.java,f85474495483d9df94b33fb7c4dd44bfb53255d62e8495a471e9b669b166f81a,READY,
Compress,1,IPO (Native IPO),org.apache.commons.compress.archivers.cpio.CpioArchiveOutputStream,NO,,,NO_SUITE,
Compress,1,MIO (EvoSuite SBST),org.apache.commons.compress.archivers.cpio.CpioArchiveOutputStream,YES,CpioArchiveOutputStream_ESTest.java,3cbad1091c1899c72a2150dd8c7f411380ac12bc8c56c63ef6d5487160d8bb70,READY,
Compress,1,DeepSeek V4 Flash,org.apache.commons.compress.archivers.cpio.CpioArchiveOutputStream,YES,CpioArchiveOutputStreamDeepseekTest.java,e32f5400eaf33bcabf3e8421aecb4e9023b9d50c5550e81d37888fc1f427607a,READY,
Compress,1,Gemini 3.8 Flash,org.apache.commons.compress.archivers.cpio.CpioArchiveOutputStream,YES,CpioArchiveOutputStreamGeminiTest.java,b1f151114f1fd9cbd0a1d354671d5e2db5abb019a1d78621e4286981cf094632,READY,
Compress,2,IPO (Native IPO),org.apache.commons.compress.archivers.ar.ArArchiveInputStream,YES,ArArchiveInputStream_IPOTest.java,b36f94315c2c65ab8549c5ef693ca59d85eaa298e1a06e0d47f43b0ad8d3bcff,READY,
Compress,2,MIO (EvoSuite SBST),org.apache.commons.compress.archivers.ar.ArArchiveInputStream,YES,ArArchiveInputStream_ESTest.java,3f04879e8016eed4f779db907749aeaa8b9dfdfba717b37964f4887af313d820,READY,
Compress,2,DeepSeek V4 Flash,org.apache.commons.compress.archivers.ar.ArArchiveInputStream,YES,ArArchiveInputStreamDeepseekTest.java,7e23fa9a725daff30bcbd729b0999bd424a200f3e0244d004d662a6c13e6b383,READY,
Compress,2,Gemini 3.8 Flash,org.apache.commons.compress.archivers.ar.ArArchiveInputStream,YES,ArArchiveInputStreamGeminiTest.java,07fb9c5de26d57129adf5b256a0e0b3752341f971a2d405a860db1c0584cf2d1,READY,
Compress,3,IPO (Native IPO),org.apache.commons.compress.archivers.tar.TarArchiveOutputStream,NO,,,NO_SUITE,
Compress,3,MIO (EvoSuite SBST),org.apache.commons.compress.archivers.tar.TarArchiveOutputStream,YES,TarArchiveOutputStream_ESTest.java,7863cdf6d14e066e3855c858fa179bb7b568b23b96653dc7ef6a7b0c7ee84fa3,READY,
Compress,3,DeepSeek V4 Flash,org.apache.commons.compress.archivers.tar.TarArchiveOutputStream,YES,TarArchiveOutputStreamDeepseekTest.java,5db4af4029f6ae73d93df8595d9754a773a8b9c2a390b4cba5a1e4011fae3909,READY,
Compress,3,Gemini 3.8 Flash,org.apache.commons.compress.archivers.tar.TarArchiveOutputStream,YES,TarArchiveOutputStreamGeminiTest.java,87ad5472d00a9efa3b8e01d8e309c1db19c205cb371a36c7552a91356403ae8e,READY,
Compress,4,IPO (Native IPO),org.apache.commons.compress.archivers.cpio.CpioArchiveOutputStream;org.apache.commons.compress.archivers.tar.TarArchiveOutputStream;org.apache.commons.compress.archivers.zip.ZipArchiveOutputStream;org.apache.commons.compress.changes.ChangeSetPerformer,NO,,,NO_SUITE,
Compress,4,MIO (EvoSuite SBST),org.apache.commons.compress.archivers.cpio.CpioArchiveOutputStream;org.apache.commons.compress.archivers.tar.TarArchiveOutputStream;org.apache.commons.compress.archivers.zip.ZipArchiveOutputStream;org.apache.commons.compress.changes.ChangeSetPerformer,YES,ChangeSetPerformer_ESTest.java;CpioArchiveOutputStream_ESTest.java;TarArchiveOutputStream_ESTest.java;ZipArchiveOutputStream_ESTest.java,b6e89b2ea7530db3c775bbe61cd220c2a83c37a312fdef07f7538e6f5ab536be,READY,
Compress,4,DeepSeek V4 Flash,org.apache.commons.compress.archivers.cpio.CpioArchiveOutputStream;org.apache.commons.compress.archivers.tar.TarArchiveOutputStream;org.apache.commons.compress.archivers.zip.ZipArchiveOutputStream;org.apache.commons.compress.changes.ChangeSetPerformer,YES,ChangeSetPerformerDeepseekTest.java;CpioArchiveOutputStreamDeepseekTest.java;TarArchiveOutputStreamDeepseekTest.java;ZipArchiveOutputStreamDeepseekTest.java,e66c8773dd1a2a8edea72b53b27fabe89fe16ffcca01a242c451673b9b013126,READY,
Compress,4,Gemini 3.8 Flash,org.apache.commons.compress.archivers.cpio.CpioArchiveOutputStream;org.apache.commons.compress.archivers.tar.TarArchiveOutputStream;org.apache.commons.compress.archivers.zip.ZipArchiveOutputStream;org.apache.commons.compress.changes.ChangeSetPerformer,YES,ChangeSetPerformerGeminiTest.java;CpioArchiveOutputStreamGeminiTest.java;TarArchiveOutputStreamGeminiTest.java;ZipArchiveOutputStreamGeminiTest.java,54dc66f3f9b24cf4857b66e3997ba7cb5349d43b17a1f52ec282ee93ff36c9ac,READY,
Compress,5,IPO (Native IPO),org.apache.commons.compress.archivers.zip.ZipArchiveInputStream,YES,ZipArchiveInputStream_IPOTest.java,1a72f0a4769f51822b33e20c865f0fb4981174bfae248c5520005fb0e516fd0f,READY,
Compress,5,MIO (EvoSuite SBST),org.apache.commons.compress.archivers.zip.ZipArchiveInputStream,YES,ZipArchiveInputStream_ESTest.java,e1378bb5d8deacf640cef8de32ea00a110934f9a56735d5b6ad64c44a36a178d,READY,
Compress,5,DeepSeek V4 Flash,org.apache.commons.compress.archivers.zip.ZipArchiveInputStream,YES,ZipArchiveInputStreamDeepseekTest.java,a2b2896a64d78fed4bf26e46da1749ae6025fa25de97e08f862ee3046f28cf44,READY,
Compress,5,Gemini 3.8 Flash,org.apache.commons.compress.archivers.zip.ZipArchiveInputStream,YES,ZipArchiveInputStreamGeminiTest.java,ed6db52c23ba60a1206e87e7755b2ca0603ca9a7f3a131c1e985fd218f4ea4ec,READY,
Compress,6,IPO (Native IPO),org.apache.commons.compress.archivers.zip.ZipArchiveEntry,NO,,,NO_SUITE,
Compress,6,MIO (EvoSuite SBST),org.apache.commons.compress.archivers.zip.ZipArchiveEntry,YES,ZipArchiveEntry_ESTest.java,c5bcf19a8d256af1378cfce940c2c4e5b91a9340ea35adf5e687386575925a6f,READY,
Compress,6,DeepSeek V4 Flash,org.apache.commons.compress.archivers.zip.ZipArchiveEntry,YES,ZipArchiveEntryDeepseekTest.java,4f8d25d9f1c1da464b05846cddf3001f1eb979d5b3216d6f512d8e4ab8e0a8d9,READY,
Compress,6,Gemini 3.8 Flash,org.apache.commons.compress.archivers.zip.ZipArchiveEntry,YES,ZipArchiveEntryGeminiTest.java,fc13f3068bbf147c314bac4a92beac90bc398c7270c1b5aea68d847811d104f2,READY,
Compress,7,IPO (Native IPO),org.apache.commons.compress.archivers.tar.TarUtils,YES,TarUtils_IPOTest.java,7b74080598ed454e02f83af1a4994fc76756f17c06e8973c4fe459fa73d20b3d,READY,
Compress,7,MIO (EvoSuite SBST),org.apache.commons.compress.archivers.tar.TarUtils,YES,TarUtils_ESTest.java,718470ba48b2f186d0321d4ad66997607b13e56a3e0a9e67fc26dc27131904ba,READY,
Compress,7,DeepSeek V4 Flash,org.apache.commons.compress.archivers.tar.TarUtils,YES,TarUtilsDeepseekTest.java,ede219407833d0230773439af64221ae0209621544fee9b7b6cf7ce519b9cbcb,READY,
Compress,7,Gemini 3.8 Flash,org.apache.commons.compress.archivers.tar.TarUtils,YES,TarUtilsGeminiTest.java,238b1050f2f9dccd5dd67251156a6a57cbd8a12ea0b05fe3710878b31304465d,READY,
Compress,8,IPO (Native IPO),org.apache.commons.compress.archivers.tar.TarUtils,YES,TarUtils_IPOTest.java,2fad7d845272277e298bb0d121ab89d7320f1560b9af4d57aa718d6e2c9dff43,READY,
Compress,8,MIO (EvoSuite SBST),org.apache.commons.compress.archivers.tar.TarUtils,YES,TarUtils_ESTest.java,ce3c3e221f69deffc6d7d08676e2fd5ccf2ebeac8c50dfd7a064838ae0084662,READY,
Compress,8,DeepSeek V4 Flash,org.apache.commons.compress.archivers.tar.TarUtils,YES,TarUtilsDeepseekTest.java,1b1e877ba491b50c16f6592cfd6973595492524e7cfb31aa5b33dd4bd9530420,READY,
Compress,8,Gemini 3.8 Flash,org.apache.commons.compress.archivers.tar.TarUtils,YES,TarUtilsGeminiTest.java,744d3fb5832bb05036832b3a93abb24284744b8c926182c8fe88fa55b438899d,READY,
Compress,9,IPO (Native IPO),org.apache.commons.compress.archivers.tar.TarArchiveOutputStream,NO,,,NO_SUITE,
Compress,9,MIO (EvoSuite SBST),org.apache.commons.compress.archivers.tar.TarArchiveOutputStream,YES,TarArchiveOutputStream_ESTest.java,6dfd55fecfe691224fecf8e44ccc63d80d32e6ab2b7b2ebf64c06506db7ea038,READY,
Compress,9,DeepSeek V4 Flash,org.apache.commons.compress.archivers.tar.TarArchiveOutputStream,YES,TarArchiveOutputStreamDeepseekTest.java,0a07d95c5a1b734798924acdf97ca14523e84416707f0700a4f30bf7b82bd190,READY,
Compress,9,Gemini 3.8 Flash,org.apache.commons.compress.archivers.tar.TarArchiveOutputStream,YES,TarArchiveOutputStreamGeminiTest.java,090e68ad95801b44facde9d775ef789d8e38b21b3b7f447ca3e26baee7801dbf,READY,
Compress,10,IPO (Native IPO),org.apache.commons.compress.archivers.zip.ZipFile,NO,,,NO_SUITE,
Compress,10,MIO (EvoSuite SBST),org.apache.commons.compress.archivers.zip.ZipFile,YES,ZipFile_ESTest.java,6bb88195812945ad386caee650a6eba2f96231770ca9096f942c6d0e584721f3,READY,
Compress,10,DeepSeek V4 Flash,org.apache.commons.compress.archivers.zip.ZipFile,YES,ZipFileDeepseekTest.java,4b9b18324b4d5ac7a51fdad804fa679df836cf11d9b302625ab2d31ecae3915f,READY,
Compress,10,Gemini 3.8 Flash,org.apache.commons.compress.archivers.zip.ZipFile,YES,ZipFileGeminiTest.java,3313cf0b7af2eb59024ec26d9b4a8452507744e95c66d9cb021ebb96b8da35a1,READY,
Compress,11,IPO (Native IPO),org.apache.commons.compress.archivers.ArchiveStreamFactory,NO,,,NO_SUITE,
Compress,11,MIO (EvoSuite SBST),org.apache.commons.compress.archivers.ArchiveStreamFactory,YES,ArchiveStreamFactory_ESTest.java,bd2b6a1942012131bfb3e68aaadb765339974b706c8a8a3bb3226b291c494fa6,READY,
Compress,11,DeepSeek V4 Flash,org.apache.commons.compress.archivers.ArchiveStreamFactory,YES,ArchiveStreamFactoryDeepseekTest.java,fc83e91e20fb51ce464bf9e4a3c601c677ac3db5eb127acfcc96f53767f6e3d5,READY,
Compress,11,Gemini 3.8 Flash,org.apache.commons.compress.archivers.ArchiveStreamFactory,YES,ArchiveStreamFactoryGeminiTest.java,628032fad169a91601edc60287ef664a833c10b69869c28d0a530356028d3679,READY,
Compress,12,IPO (Native IPO),org.apache.commons.compress.archivers.tar.TarArchiveInputStream,YES,TarArchiveInputStream_IPOTest.java,4da949b378a167c18b3a5b08848816103af9616610188bdd3a70353a0180e8e3,READY,
Compress,12,MIO (EvoSuite SBST),org.apache.commons.compress.archivers.tar.TarArchiveInputStream,YES,TarArchiveInputStream_ESTest.java,990bd7aa6a0db6e8939e59e0dd3f3ec4fd78e5cf0409f6c7de4731912e69847e,READY,
Compress,12,DeepSeek V4 Flash,org.apache.commons.compress.archivers.tar.TarArchiveInputStream,YES,TarArchiveInputStreamDeepseekTest.java,3e9d5082306a4f7533c2dcec2380dd27caea20fb5c19267b28ceba24056d1d24,READY,
Compress,12,Gemini 3.8 Flash,org.apache.commons.compress.archivers.tar.TarArchiveInputStream,YES,TarArchiveInputStreamGeminiTest.java,877b53a6c6fe19b6103ba2fa7d3ad7fea8fbb49f127055af17eea6463b7b8340,READY,
Compress,13,IPO (Native IPO),org.apache.commons.compress.archivers.zip.ZipArchiveEntry,NO,,,NO_SUITE,
Compress,13,MIO (EvoSuite SBST),org.apache.commons.compress.archivers.zip.ZipArchiveEntry,YES,ZipArchiveEntry_ESTest.java,0d8114738cb313e2b49462a69cd4968ba7a3c926ccdf3a5d988e2a64ad13f94d,READY,
Compress,13,DeepSeek V4 Flash,org.apache.commons.compress.archivers.zip.ZipArchiveEntry,YES,ZipArchiveEntryDeepseekTest.java,af4506393c7c50ead0f2ef15d59f2b237f8bcf1b05afc1e22f6d517eff5ed336,READY,
Compress,13,Gemini 3.8 Flash,org.apache.commons.compress.archivers.zip.ZipArchiveEntry,YES,ZipArchiveEntryGeminiTest.java,7be27f694e40619e9828d6a672307fb9f823cc3d22c6f001c6fcc19118a2e325,READY,
Compress,14,IPO (Native IPO),org.apache.commons.compress.archivers.tar.TarUtils,YES,TarUtils_IPOTest.java,b7eb24726e7e177861e7a74d33649b1a8f0624887c32077b918aa3095554c625,READY,
Compress,14,MIO (EvoSuite SBST),org.apache.commons.compress.archivers.tar.TarUtils,YES,TarUtils_ESTest.java,08bfe28d9eec7dafb07767d5bbcc39874405a889e9e221502e424c2a9c62803a,READY,
Compress,14,DeepSeek V4 Flash,org.apache.commons.compress.archivers.tar.TarUtils,YES,TarUtilsDeepseekTest.java,e89cb552c03f24f40ac845355a49bc7671d7c324327a41456450b7459cdfa7e2,READY,
Compress,14,Gemini 3.8 Flash,org.apache.commons.compress.archivers.tar.TarUtils,YES,TarUtilsGeminiTest.java,f03e4dacd8bfeb32a77ffeaca83c0a9ec70bc1da26cb8d8275ee4681ddb59b0c,READY,
Compress,15,IPO (Native IPO),org.apache.commons.compress.archivers.zip.ZipArchiveEntry,NO,,,NO_SUITE,
Compress,15,MIO (EvoSuite SBST),org.apache.commons.compress.archivers.zip.ZipArchiveEntry,YES,ZipArchiveEntry_ESTest.java,a2febe9e320490b8c668e60ee7e9c9de55ddcf2cd540a2d11539ed008b9da7e5,READY,
Compress,15,DeepSeek V4 Flash,org.apache.commons.compress.archivers.zip.ZipArchiveEntry,YES,ZipArchiveEntryDeepseekTest.java,078d6a6c6537eb6375c977a48f3b40ec7263bc831e5840768f08210263a77244,READY,
Compress,15,Gemini 3.8 Flash,org.apache.commons.compress.archivers.zip.ZipArchiveEntry,YES,ZipArchiveEntryGeminiTest.java,940f637c153b6958b623bdad6d16a3e117cf3e3d1a0e675e91c3b46672c8437c,READY,
Compress,16,IPO (Native IPO),org.apache.commons.compress.archivers.ArchiveStreamFactory,NO,,,NO_SUITE,
Compress,16,MIO (EvoSuite SBST),org.apache.commons.compress.archivers.ArchiveStreamFactory,YES,ArchiveStreamFactory_ESTest.java,43d13c134a08b7a260f3fc3d3a8a195d1a53fbafab9e7d0cb6971be6dda9b9a6,READY,
Compress,16,DeepSeek V4 Flash,org.apache.commons.compress.archivers.ArchiveStreamFactory,YES,ArchiveStreamFactoryDeepseekTest.java,5703a9e9b14707fbfe32151c013aa529f33f87e94e9a7b51009e020a767f105d,READY,
Compress,16,Gemini 3.8 Flash,org.apache.commons.compress.archivers.ArchiveStreamFactory,YES,ArchiveStreamFactoryGeminiTest.java,47cab70eb6c884253d970e2b9812c721d2d04ccf5a276599dc9bcce3f6c6f7c7,READY,
Compress,17,IPO (Native IPO),org.apache.commons.compress.archivers.tar.TarUtils,YES,TarUtils_IPOTest.java,d1b9fdbbf9eb2a3a19c1a770c3f15d3ee069550f288fea696932d5a47902f296,READY,
Compress,17,MIO (EvoSuite SBST),org.apache.commons.compress.archivers.tar.TarUtils,YES,TarUtils_ESTest.java,a6b24803e94fd514602821c195b3e860682c6a587aae31b71ec57a4b5237cfbf,READY,
Compress,17,DeepSeek V4 Flash,org.apache.commons.compress.archivers.tar.TarUtils,YES,TarUtilsDeepseekTest.java,a1fb316d98d9d5dc99ac9527368125737dad028ed06768ceca95cafec3a85fab,READY,
Compress,17,Gemini 3.8 Flash,org.apache.commons.compress.archivers.tar.TarUtils,YES,TarUtilsGeminiTest.java,1c269d14f6a7ff48245287688f3b3b03ddf645eb854d53153203635776cd0c2b,READY,
Compress,18,IPO (Native IPO),org.apache.commons.compress.archivers.tar.TarArchiveOutputStream,NO,,,NO_SUITE,
Compress,18,MIO (EvoSuite SBST),org.apache.commons.compress.archivers.tar.TarArchiveOutputStream,YES,TarArchiveOutputStream_ESTest.java,b48652c5239d5b7679d42f21c8490bcd71ee7f164db3a7cbd990a8ba0f157d15,READY,
Compress,18,DeepSeek V4 Flash,org.apache.commons.compress.archivers.tar.TarArchiveOutputStream,YES,TarArchiveOutputStreamDeepseekTest.java,9da453681f3373211ed4b95d89c95623c1594933cbe6b04e564e6dff4d113696,READY,
Compress,18,Gemini 3.8 Flash,org.apache.commons.compress.archivers.tar.TarArchiveOutputStream,YES,TarArchiveOutputStreamGeminiTest.java,d32d16152b6324c8b4c59397960f1dd37926c848ba758da993c5aa3e66af77b7,READY,
Compress,19,IPO (Native IPO),org.apache.commons.compress.archivers.zip.Zip64ExtendedInformationExtraField,NO,,,NO_SUITE,
Compress,19,MIO (EvoSuite SBST),org.apache.commons.compress.archivers.zip.Zip64ExtendedInformationExtraField,YES,Zip64ExtendedInformationExtraField_ESTest.java,583d6f1034b15a79076bccea0912a28cfe9e9bc4e76d34a7157e845ae5ce40e6,READY,
Compress,19,DeepSeek V4 Flash,org.apache.commons.compress.archivers.zip.Zip64ExtendedInformationExtraField,YES,Zip64ExtendedInformationExtraFieldDeepseekTest.java,372c5703c5b36c01308dd85f5eef7ba2f5ef823d75a9a5a483530aa1ef98f921,READY,
Compress,19,Gemini 3.8 Flash,org.apache.commons.compress.archivers.zip.Zip64ExtendedInformationExtraField,YES,Zip64ExtendedInformationExtraFieldGeminiTest.java,3d035709ba1ce175b36c00222eab143cfdaaf56e06cb05246a65ea7946e3aee5,READY,
Compress,20,IPO (Native IPO),org.apache.commons.compress.archivers.cpio.CpioArchiveInputStream,YES,CpioArchiveInputStream_IPOTest.java,e3a380a692915eb9567c5e1135c76fd55401430ae201f8a88cdc4db56d3c0d39,READY,
Compress,20,MIO (EvoSuite SBST),org.apache.commons.compress.archivers.cpio.CpioArchiveInputStream,YES,CpioArchiveInputStream_ESTest.java,d07c8451c75f7044bfa750e5b85547457aad843c0c70aba4e8c014ae2f4b7532,READY,
Compress,20,DeepSeek V4 Flash,org.apache.commons.compress.archivers.cpio.CpioArchiveInputStream,YES,CpioArchiveInputStreamDeepseekTest.java,76c50cab91810a43893dff2c62a8b035de8da05c802a9654c7e7ab4d2dc7c20b,READY,
Compress,20,Gemini 3.8 Flash,org.apache.commons.compress.archivers.cpio.CpioArchiveInputStream,YES,CpioArchiveInputStreamGeminiTest.java,8477be16ea94ac038e0cb9c35bd43365463cc33b55b1aad6e17593217ac34d61,READY,
Compress,21,IPO (Native IPO),org.apache.commons.compress.archivers.sevenz.SevenZOutputFile,NO,,,NO_SUITE,
Compress,21,MIO (EvoSuite SBST),org.apache.commons.compress.archivers.sevenz.SevenZOutputFile,YES,SevenZOutputFile_ESTest.java,c4543b98124ec0aa48d35e6beca3125aefeb30c64e6813f2dbcb7b9a90ac93d2,READY,
Compress,21,DeepSeek V4 Flash,org.apache.commons.compress.archivers.sevenz.SevenZOutputFile,YES,SevenZOutputFileDeepseekTest.java,d3fca32036fef213803fe235bd1883001304e89d97c55ea7af501cc552f2f5cc,READY,
Compress,21,Gemini 3.8 Flash,org.apache.commons.compress.archivers.sevenz.SevenZOutputFile,YES,SevenZOutputFileGeminiTest.java,61436825a8f2ff2f386be1a9602b092ab09945f8d02fce7ceb82edda303798a5,READY,
Compress,22,IPO (Native IPO),org.apache.commons.compress.compressors.bzip2.BZip2CompressorInputStream,YES,BZip2CompressorInputStream_IPOTest.java,a0274a31eb3240028ac9b5e0939ca702f61a4bbef723c92957f6f8f107f0ffaf,READY,
Compress,22,MIO (EvoSuite SBST),org.apache.commons.compress.compressors.bzip2.BZip2CompressorInputStream,YES,BZip2CompressorInputStream_ESTest.java,41ae59e645ad8f68a8e12ad6f5eb98d3184ac0d84b3d53c0b28e84ada4ed1c50,READY,
Compress,22,DeepSeek V4 Flash,org.apache.commons.compress.compressors.bzip2.BZip2CompressorInputStream,YES,BZip2CompressorInputStreamDeepseekTest.java,6b3fdc322859d2517163091f31919051055c78212087a67eb3225bfab18d4e48,READY,
Compress,22,Gemini 3.8 Flash,org.apache.commons.compress.compressors.bzip2.BZip2CompressorInputStream,YES,BZip2CompressorInputStreamGeminiTest.java,ddfaa5d664052d5100636797e8a1b3a20ff067d974351f08657e1a72cda7e7e0,READY,
Compress,23,IPO (Native IPO),org.apache.commons.compress.archivers.sevenz.Coders,NO,,,NO_SUITE,
Compress,23,MIO (EvoSuite SBST),org.apache.commons.compress.archivers.sevenz.Coders,YES,Coders_ESTest.java,72fa11c6caf52f4cf1481b7029340a871b24131f4a82b05bd0356ea3a7ee4cb5,READY,
Compress,23,DeepSeek V4 Flash,org.apache.commons.compress.archivers.sevenz.Coders,YES,CodersDeepseekTest.java,451f38b8d65e51135235404bcd23c9102a8fbcf462978e966de1bc18bfbfb4d6,READY,
Compress,23,Gemini 3.8 Flash,org.apache.commons.compress.archivers.sevenz.Coders,YES,CodersGeminiTest.java,6e5a850340f5e5ffd4610b8a0c44d20f11e6c6fd7facd38964a06e5673b696b7,READY,
Compress,24,IPO (Native IPO),org.apache.commons.compress.archivers.tar.TarUtils,YES,TarUtils_IPOTest.java,d1b9fdbbf9eb2a3a19c1a770c3f15d3ee069550f288fea696932d5a47902f296,READY,
Compress,24,MIO (EvoSuite SBST),org.apache.commons.compress.archivers.tar.TarUtils,YES,TarUtils_ESTest.java,02eb574660d002799d1eeec156dd94ad24186da89ccb8566daf6020219bb2a47,READY,
Compress,24,DeepSeek V4 Flash,org.apache.commons.compress.archivers.tar.TarUtils,YES,TarUtilsDeepseekTest.java,2afc1c3f1fc9c4605b7b5fcaf3c2cbbdad577f24be4e56f212611faa471e2599,READY,
Compress,24,Gemini 3.8 Flash,org.apache.commons.compress.archivers.tar.TarUtils,YES,TarUtilsGeminiTest.java,01f76a0719802d2d0ef1a0d8b8d346dd5071a64027bc878eee4449a8c36cfc32,READY,
Compress,25,IPO (Native IPO),org.apache.commons.compress.archivers.zip.ZipArchiveInputStream,YES,ZipArchiveInputStream_IPOTest.java,49ed3198a2cfe1179a2509bc80f13653c0ae10ce8b8d0ace1982b9f13d163141,READY,
Compress,25,MIO (EvoSuite SBST),org.apache.commons.compress.archivers.zip.ZipArchiveInputStream,YES,ZipArchiveInputStream_ESTest.java,91a4cce076495eb20a67314c1bb71dbfadcb2faa19e95d7d95c7a5101c6d22cd,READY,
Compress,25,DeepSeek V4 Flash,org.apache.commons.compress.archivers.zip.ZipArchiveInputStream,YES,ZipArchiveInputStreamDeepseekTest.java,42d738daca659a9d9cd707769ead63c648a6c10bc1ceb3a2ecc005009e6268fb,READY,
Compress,25,Gemini 3.8 Flash,org.apache.commons.compress.archivers.zip.ZipArchiveInputStream,YES,ZipArchiveInputStreamGeminiTest.java,8df15c6a5a955f2f3ce6ed323313cfe8bd85b07f5e317f7086c0c34691443aa8,READY,
Compress,26,IPO (Native IPO),org.apache.commons.compress.utils.IOUtils,YES,IOUtils_IPOTest.java,d4684595059f2fefb81d6820f6acc0c4eb1744ebb722eb63927574db5074d1c5,READY,
Compress,26,MIO (EvoSuite SBST),org.apache.commons.compress.utils.IOUtils,YES,IOUtils_ESTest.java,dc923216ac40ecaaea852698f2793ab1a9d36e19a02c54cdcff15f3e42442538,READY,
Compress,26,DeepSeek V4 Flash,org.apache.commons.compress.utils.IOUtils,YES,IOUtilsDeepseekTest.java,7724b77eba28f0c02ed0fe826830aba434679135531d034ecf6036e39d58c19e,READY,
Compress,26,Gemini 3.8 Flash,org.apache.commons.compress.utils.IOUtils,YES,IOUtilsGeminiTest.java,9e88591c7bc603485145e6bfe41feb6cd2fa7dea930a4280d941ccb97c7cec0f,READY,
Compress,27,IPO (Native IPO),org.apache.commons.compress.archivers.tar.TarUtils,YES,TarUtils_IPOTest.java,d1b9fdbbf9eb2a3a19c1a770c3f15d3ee069550f288fea696932d5a47902f296,READY,
Compress,27,MIO (EvoSuite SBST),org.apache.commons.compress.archivers.tar.TarUtils,YES,TarUtils_ESTest.java,7e1b18b8bb2585dbc6b6f2c611cda1154598a412bb6ba041b7ad42f61543f3a7,READY,
Compress,27,DeepSeek V4 Flash,org.apache.commons.compress.archivers.tar.TarUtils,YES,TarUtilsDeepseekTest.java,41a4ff790738cb026ffb07914c36d7408cb0936b141c67540248d2d293c4dca8,READY,
Compress,27,Gemini 3.8 Flash,org.apache.commons.compress.archivers.tar.TarUtils,YES,TarUtilsGeminiTest.java,bdd5b93980c19af4ce20e4a274b4cd182aba92df1b72cb9db82e8a4f6b78a7f2,READY,
Compress,28,IPO (Native IPO),org.apache.commons.compress.archivers.tar.TarArchiveInputStream,YES,TarArchiveInputStream_IPOTest.java,1c42c9b09338d588f157eda0cca5700fa44dff8fb2a2ff42becee75d7cd7331d,READY,
Compress,28,MIO (EvoSuite SBST),org.apache.commons.compress.archivers.tar.TarArchiveInputStream,YES,TarArchiveInputStream_ESTest.java,b59eef8a498f7fbb38813f2b3451f84d9c20e1dc723479c2d47b2d10e5e676d9,READY,
Compress,28,DeepSeek V4 Flash,org.apache.commons.compress.archivers.tar.TarArchiveInputStream,YES,TarArchiveInputStreamDeepseekTest.java,5c726ac27641cc13b086312cdb1537655d277bfd240e5010f12879a97051fc34,READY,
Compress,28,Gemini 3.8 Flash,org.apache.commons.compress.archivers.tar.TarArchiveInputStream,YES,TarArchiveInputStreamGeminiTest.java,68f8ea7080a5ed01bf07316d962077fffd62245db62a18e9a8c308d28316e086,READY,
Compress,29,IPO (Native IPO),org.apache.commons.compress.archivers.ArchiveStreamFactory;org.apache.commons.compress.archivers.cpio.CpioArchiveInputStream;org.apache.commons.compress.archivers.cpio.CpioArchiveOutputStream;org.apache.commons.compress.archivers.dump.DumpArchiveInputStream;org.apache.commons.compress.archivers.tar.TarArchiveInputStream;org.apache.commons.compress.archivers.tar.TarArchiveOutputStream;org.apache.commons.compress.archivers.zip.ZipArchiveInputStream,YES,CpioArchiveInputStream_IPOTest.java;DumpArchiveInputStream_IPOTest.java;TarArchiveInputStream_IPOTest.java;ZipArchiveInputStream_IPOTest.java,7bae0b9f672f8d5182b653e371148dd1ac1a227f3412a121ba8ffa1e4b823a2c,READY,
Compress,29,MIO (EvoSuite SBST),org.apache.commons.compress.archivers.ArchiveStreamFactory;org.apache.commons.compress.archivers.cpio.CpioArchiveInputStream;org.apache.commons.compress.archivers.cpio.CpioArchiveOutputStream;org.apache.commons.compress.archivers.dump.DumpArchiveInputStream;org.apache.commons.compress.archivers.tar.TarArchiveInputStream;org.apache.commons.compress.archivers.tar.TarArchiveOutputStream;org.apache.commons.compress.archivers.zip.ZipArchiveInputStream,YES,ArchiveStreamFactory_ESTest.java;CpioArchiveInputStream_ESTest.java;CpioArchiveOutputStream_ESTest.java;DumpArchiveInputStream_ESTest.java;TarArchiveInputStream_ESTest.java;TarArchiveOutputStream_ESTest.java;ZipArchiveInputStream_ESTest.java,a6ab889e3a9c8b049a8ff726c10cc82b1187e21a3e6f13fd0fd6267c184d78d5,READY,
Compress,29,DeepSeek V4 Flash,org.apache.commons.compress.archivers.ArchiveStreamFactory;org.apache.commons.compress.archivers.cpio.CpioArchiveInputStream;org.apache.commons.compress.archivers.cpio.CpioArchiveOutputStream;org.apache.commons.compress.archivers.dump.DumpArchiveInputStream;org.apache.commons.compress.archivers.tar.TarArchiveInputStream;org.apache.commons.compress.archivers.tar.TarArchiveOutputStream;org.apache.commons.compress.archivers.zip.ZipArchiveInputStream,YES,ArchiveStreamFactoryDeepseekTest.java;CpioArchiveInputStreamDeepseekTest.java;CpioArchiveOutputStreamDeepseekTest.java;DumpArchiveInputStreamDeepseekTest.java;TarArchiveInputStreamDeepseekTest.java;TarArchiveOutputStreamDeepseekTest.java;ZipArchiveInputStreamDeepseekTest.java,b5f2ac82e7afc3cd5258647aa6ea3f82f61cfb08c6bf6951866353f92d8713d5,READY,
Compress,29,Gemini 3.8 Flash,org.apache.commons.compress.archivers.ArchiveStreamFactory;org.apache.commons.compress.archivers.cpio.CpioArchiveInputStream;org.apache.commons.compress.archivers.cpio.CpioArchiveOutputStream;org.apache.commons.compress.archivers.dump.DumpArchiveInputStream;org.apache.commons.compress.archivers.tar.TarArchiveInputStream;org.apache.commons.compress.archivers.tar.TarArchiveOutputStream;org.apache.commons.compress.archivers.zip.ZipArchiveInputStream,YES,ArchiveStreamFactoryGeminiTest.java;CpioArchiveInputStreamGeminiTest.java;CpioArchiveOutputStreamGeminiTest.java;DumpArchiveInputStreamGeminiTest.java;TarArchiveInputStreamGeminiTest.java;TarArchiveOutputStreamGeminiTest.java;ZipArchiveInputStreamGeminiTest.java,9003d9ca02bf89edb0463fbbdc2fb211e587b355f598a1750f6a1e225e968f82,READY,
Compress,30,IPO (Native IPO),org.apache.commons.compress.compressors.bzip2.BZip2CompressorInputStream,YES,BZip2CompressorInputStream_IPOTest.java,a0274a31eb3240028ac9b5e0939ca702f61a4bbef723c92957f6f8f107f0ffaf,READY,
Compress,30,MIO (EvoSuite SBST),org.apache.commons.compress.compressors.bzip2.BZip2CompressorInputStream,YES,BZip2CompressorInputStream_ESTest.java,399b56aa545ec5f8cb03e01e15b7cada32c5a14ae4c84b7c6cb5b1e7e0bf064e,READY,
Compress,30,DeepSeek V4 Flash,org.apache.commons.compress.compressors.bzip2.BZip2CompressorInputStream,YES,BZip2CompressorInputStreamDeepseekTest.java,21247cb100fcb24a460c1b309e6b02a356fd158ebaacdfa0987e464bc41cf481,READY,
Compress,30,Gemini 3.8 Flash,org.apache.commons.compress.compressors.bzip2.BZip2CompressorInputStream,YES,BZip2CompressorInputStreamGeminiTest.java,84a43866e395088a4e90e00163f7ec1e9d1c4e6760857f9e5fc07bec6a4c1586,READY,
Compress,31,IPO (Native IPO),org.apache.commons.compress.archivers.tar.TarUtils,YES,TarUtils_IPOTest.java,d1b9fdbbf9eb2a3a19c1a770c3f15d3ee069550f288fea696932d5a47902f296,READY,
Compress,31,MIO (EvoSuite SBST),org.apache.commons.compress.archivers.tar.TarUtils,YES,TarUtils_ESTest.java,4b841dd36c6e1af6e5b885c790f67f43d94df9ebb9798ba9d96e90074bf7513b,READY,
Compress,31,DeepSeek V4 Flash,org.apache.commons.compress.archivers.tar.TarUtils,YES,TarUtilsDeepseekTest.java,2128b3a6e89c0bc34a4a77f612c84f1d7918e37fe1d68017a92c0065692ae31c,READY,
Compress,31,Gemini 3.8 Flash,org.apache.commons.compress.archivers.tar.TarUtils,YES,TarUtilsGeminiTest.java,11e37218b830e0a67e74b8472aae18600140d3220ea81ed0cc6145ce216f5003,READY,
Compress,32,IPO (Native IPO),org.apache.commons.compress.archivers.tar.TarArchiveInputStream,YES,TarArchiveInputStream_IPOTest.java,a9a21e1cb3321a4a2ef14d7a6a9577f94b11c08ab4e686084fdf2d6c04922f6e,READY,
Compress,32,MIO (EvoSuite SBST),org.apache.commons.compress.archivers.tar.TarArchiveInputStream,YES,TarArchiveInputStream_ESTest.java,051bd7be97cc6581b30b82cf480516021a698c0208f6ae5de9ded7365fa6f299,READY,
Compress,32,DeepSeek V4 Flash,org.apache.commons.compress.archivers.tar.TarArchiveInputStream,YES,TarArchiveInputStreamDeepseekTest.java,f5944c250429695ae8e65c959bc79feb964c14f98bffb2822f9f8a70f9e9f547,READY,
Compress,32,Gemini 3.8 Flash,org.apache.commons.compress.archivers.tar.TarArchiveInputStream,YES,TarArchiveInputStreamGeminiTest.java,428054f5d3f874d545c2f079527c46f1c53efb52920fd43626431818e8ee539e,READY,
Compress,33,IPO (Native IPO),org.apache.commons.compress.compressors.CompressorStreamFactory;org.apache.commons.compress.compressors.deflate.DeflateCompressorInputStream,YES,DeflateCompressorInputStream_IPOTest.java,d5b1ae15eac18f6ff81c4399f18d23d4180361ceedc74f1675abe3b8cb6aa5de,READY,
Compress,33,MIO (EvoSuite SBST),org.apache.commons.compress.compressors.CompressorStreamFactory;org.apache.commons.compress.compressors.deflate.DeflateCompressorInputStream,YES,CompressorStreamFactory_ESTest.java;DeflateCompressorInputStream_ESTest.java,a2e6b46d3f84f01770936c32bb04d647e2d7c68be1f6bae04ada1c36aad496cc,READY,
Compress,33,DeepSeek V4 Flash,org.apache.commons.compress.compressors.CompressorStreamFactory;org.apache.commons.compress.compressors.deflate.DeflateCompressorInputStream,YES,CompressorStreamFactoryDeepseekTest.java;DeflateCompressorInputStreamDeepseekTest.java,93d511fa10217b0619e2b3d01570d8fe711b45951132656061475597e217f3ca,READY,
Compress,33,Gemini 3.8 Flash,org.apache.commons.compress.compressors.CompressorStreamFactory;org.apache.commons.compress.compressors.deflate.DeflateCompressorInputStream,YES,CompressorStreamFactoryGeminiTest.java;DeflateCompressorInputStreamGeminiTest.java,7091784a80d4a41585151878df48066605abdaedea90e0821a5024e670e9f2ea,READY,
Compress,34,IPO (Native IPO),org.apache.commons.compress.archivers.zip.X7875_NewUnix,NO,,,NO_SUITE,
Compress,34,MIO (EvoSuite SBST),org.apache.commons.compress.archivers.zip.X7875_NewUnix,YES,X7875_NewUnix_ESTest.java,44a49493409831df3ab88c1b980cd0844d0dec9b09edc6bb7a098b27f5725d70,READY,
Compress,34,DeepSeek V4 Flash,org.apache.commons.compress.archivers.zip.X7875_NewUnix,YES,X7875_NewUnixDeepseekTest.java,83ba33afce3004d1245d7057b9fb72b7a9fdef46f61b48eb7ce899ff865b8d76,READY,
Compress,34,Gemini 3.8 Flash,org.apache.commons.compress.archivers.zip.X7875_NewUnix,YES,X7875_NewUnixGeminiTest.java,cbf77b1bafb745a589c1fde643f2c9271306da28f822206677f993511e1ec572,READY,
Compress,35,IPO (Native IPO),org.apache.commons.compress.archivers.tar.TarUtils,YES,TarUtils_IPOTest.java,d1b9fdbbf9eb2a3a19c1a770c3f15d3ee069550f288fea696932d5a47902f296,READY,
Compress,35,MIO (EvoSuite SBST),org.apache.commons.compress.archivers.tar.TarUtils,YES,TarUtils_ESTest.java,6c6375911375bc1cd97b656c709aeb5722f8e7948526ece2dfd4f4b3aa078c87,READY,
Compress,35,DeepSeek V4 Flash,org.apache.commons.compress.archivers.tar.TarUtils,YES,TarUtilsDeepseekTest.java,f3c64fa85da61336e99a4ffe4a5cd47e85c0fb8d4771f69ba81c466474d7a923,READY,
Compress,35,Gemini 3.8 Flash,org.apache.commons.compress.archivers.tar.TarUtils,YES,TarUtilsGeminiTest.java,56e4a2985709b499347f4f28caf3b13100c147f7313e55d6df658cff0cf87220,READY,
Compress,36,IPO (Native IPO),org.apache.commons.compress.archivers.sevenz.SevenZFile,YES,SevenZFile_IPOTest.java,65544cfe35c8a8f05dd28c11e847eb2fea9bddeaf02a2b43a4a510546610e54c,READY,
Compress,36,MIO (EvoSuite SBST),org.apache.commons.compress.archivers.sevenz.SevenZFile,YES,SevenZFile_ESTest.java,08641712a98610dba7cc811a7bbe8f98cb1fc8c1faec86180849a934d49162f6,READY,
Compress,36,DeepSeek V4 Flash,org.apache.commons.compress.archivers.sevenz.SevenZFile,YES,SevenZFileDeepseekTest.java,b55135471e98b12f38c75a02bf0ce25a244cb215079f233d5024ef9fe73a7b02,READY,
Compress,36,Gemini 3.8 Flash,org.apache.commons.compress.archivers.sevenz.SevenZFile,YES,SevenZFileGeminiTest.java,89d2c5932ced1aa9f46f4d20f377d1fc7736b5593e31d9d9ee3d354205ed7bcf,READY,
Compress,37,IPO (Native IPO),org.apache.commons.compress.archivers.tar.TarArchiveInputStream,YES,TarArchiveInputStream_IPOTest.java,a9a21e1cb3321a4a2ef14d7a6a9577f94b11c08ab4e686084fdf2d6c04922f6e,READY,
Compress,37,MIO (EvoSuite SBST),org.apache.commons.compress.archivers.tar.TarArchiveInputStream,YES,TarArchiveInputStream_ESTest.java,f0508e070a4375de9137039a19c7f52cc4df71f3174189c97c1f0efa822a147a,READY,
Compress,37,DeepSeek V4 Flash,org.apache.commons.compress.archivers.tar.TarArchiveInputStream,YES,TarArchiveInputStreamDeepseekTest.java,b10c22cf01dc632c3f45d6274befa045ef5e656e3c9481d61e490059c3afbf2d,READY,
Compress,37,Gemini 3.8 Flash,org.apache.commons.compress.archivers.tar.TarArchiveInputStream,YES,TarArchiveInputStreamGeminiTest.java,b18347da7ec2a368cdcb377eb40c7e2a9f7b25607d19375628d469aa3a1b9397,READY,
Compress,38,IPO (Native IPO),org.apache.commons.compress.archivers.tar.TarArchiveEntry,YES,TarArchiveEntry_IPOTest.java,e9b4e64ca4eff8f380ffec3ef889d83927b7bbc49e70207d4c631111ee0c2de7,READY,
Compress,38,MIO (EvoSuite SBST),org.apache.commons.compress.archivers.tar.TarArchiveEntry,YES,TarArchiveEntry_ESTest.java,fab88929cb0f846896c535b8953def586f4f6eeee2105fdc105a4ee029791dca,READY,
Compress,38,DeepSeek V4 Flash,org.apache.commons.compress.archivers.tar.TarArchiveEntry,YES,TarArchiveEntryDeepseekTest.java,e94809da34d16e5d3a526e0cd55bb2bb7bc0ce7d561d19034d69252afe399ace,READY,
Compress,38,Gemini 3.8 Flash,org.apache.commons.compress.archivers.tar.TarArchiveEntry,YES,TarArchiveEntryGeminiTest.java,1a372bcdc110869aa8244b041621c4c1953cf21c015dfbc94e8458e0bca2870d,READY,
Compress,39,IPO (Native IPO),org.apache.commons.compress.utils.ArchiveUtils,YES,ArchiveUtils_IPOTest.java,5016eb2a5ebcac53251464be0c454dd7dc1a9dfdb9319227fcb5a394316a781c,READY,
Compress,39,MIO (EvoSuite SBST),org.apache.commons.compress.utils.ArchiveUtils,YES,ArchiveUtils_ESTest.java,bd80bf2dc574f18bebbf75b94b833b87a4435e9a1141aecc0b8e47bef93d90bd,READY,
Compress,39,DeepSeek V4 Flash,org.apache.commons.compress.utils.ArchiveUtils,YES,ArchiveUtilsDeepseekTest.java,7661c09043ecc89ecb56c64d51d2830e43cffa54c99eb7f95d45f7604d7a16dd,READY,
Compress,39,Gemini 3.8 Flash,org.apache.commons.compress.utils.ArchiveUtils,YES,ArchiveUtilsGeminiTest.java,47ac686c8d7c9fda0e623d245a81b359d9ee8a5c65ef3ac5e74115c7bf4d5354,READY,
Compress,40,IPO (Native IPO),org.apache.commons.compress.utils.BitInputStream,NO,,,NO_SUITE,
Compress,40,MIO (EvoSuite SBST),org.apache.commons.compress.utils.BitInputStream,YES,BitInputStream_ESTest.java,43396c76e98b9758a949956c2cc7d6e75132f24de1698f340347d80dc0975735,READY,
Compress,40,DeepSeek V4 Flash,org.apache.commons.compress.utils.BitInputStream,YES,BitInputStreamDeepseekTest.java,dd92e13c3ec99912f1336b8f8651a30fa4cc1e57c9bd10f32b35a4750285457c,READY,
Compress,40,Gemini 3.8 Flash,org.apache.commons.compress.utils.BitInputStream,YES,BitInputStreamGeminiTest.java,ac1a646a27c5435cf0d6422bc00a850e3756231c2acb1bbcf3b406c7b99dcd89,READY,
Compress,41,IPO (Native IPO),org.apache.commons.compress.archivers.zip.ZipArchiveInputStream,YES,ZipArchiveInputStream_IPOTest.java,49ed3198a2cfe1179a2509bc80f13653c0ae10ce8b8d0ace1982b9f13d163141,READY,
Compress,41,MIO (EvoSuite SBST),org.apache.commons.compress.archivers.zip.ZipArchiveInputStream,YES,ZipArchiveInputStream_ESTest.java,f0b3ad0a270b1d0d8d1983fd38c878bcff8998b2b323c8730ba9149f2089e514,READY,
Compress,41,DeepSeek V4 Flash,org.apache.commons.compress.archivers.zip.ZipArchiveInputStream,YES,ZipArchiveInputStreamDeepseekTest.java,7899c97c75e30a899e669c41c6b0f093916b551e8c56421f48fb65ecd7b17f88,READY,
Compress,41,Gemini 3.8 Flash,org.apache.commons.compress.archivers.zip.ZipArchiveInputStream,YES,ZipArchiveInputStreamGeminiTest.java,d6a809fbdb927616fa5c3f24118f7687ef711aa4ff60beee4041a15d60bb9d74,READY,
Compress,42,IPO (Native IPO),org.apache.commons.compress.archivers.zip.UnixStat;org.apache.commons.compress.archivers.zip.ZipArchiveEntry,NO,,,NO_SUITE,
Compress,42,MIO (EvoSuite SBST),org.apache.commons.compress.archivers.zip.UnixStat;org.apache.commons.compress.archivers.zip.ZipArchiveEntry,YES,UnixStat_ESTest.java;ZipArchiveEntry_ESTest.java,2759c627ef4b437d2622ffc85975986ebfab6a0a3b7dbfe43ea5404891cde055,READY,
Compress,42,DeepSeek V4 Flash,org.apache.commons.compress.archivers.zip.UnixStat;org.apache.commons.compress.archivers.zip.ZipArchiveEntry,YES,UnixStatDeepseekTest.java;ZipArchiveEntryDeepseekTest.java,919a72ca1c14f346140ad37c95837a49ca55a3f27677cb6654142656c4a441c0,READY,
Compress,42,Gemini 3.8 Flash,org.apache.commons.compress.archivers.zip.UnixStat;org.apache.commons.compress.archivers.zip.ZipArchiveEntry,YES,UnixStatGeminiTest.java;ZipArchiveEntryGeminiTest.java,6137e97e3afd731926e37e7d53be7a0b2198795eb376b39b2f9a784c2eca9d35,READY,
Compress,43,IPO (Native IPO),org.apache.commons.compress.archivers.zip.ZipArchiveOutputStream,NO,,,NO_SUITE,
Compress,43,MIO (EvoSuite SBST),org.apache.commons.compress.archivers.zip.ZipArchiveOutputStream,YES,ZipArchiveOutputStream_ESTest.java,08c7c35f379abb5e95869d4a6b8999b3fb0af76d4ad6560c086769bfbba78f20,READY,
Compress,43,DeepSeek V4 Flash,org.apache.commons.compress.archivers.zip.ZipArchiveOutputStream,YES,ZipArchiveOutputStreamDeepseekTest.java,9ce20569ed3f1a11fe8e8e8748cc93933bae7c86b54b7286cd579a87c627c072,READY,
Compress,43,Gemini 3.8 Flash,org.apache.commons.compress.archivers.zip.ZipArchiveOutputStream,YES,ZipArchiveOutputStreamGeminiTest.java,a0532050aab3214f2332209105ad76f9468f211c2db7ce55ccc9d60481a3c6ba,READY,
Compress,44,IPO (Native IPO),org.apache.commons.compress.utils.ChecksumCalculatingInputStream,NO,,,NO_SUITE,
Compress,44,MIO (EvoSuite SBST),org.apache.commons.compress.utils.ChecksumCalculatingInputStream,YES,ChecksumCalculatingInputStream_ESTest.java,1115c12a2f694470f81deba00f03fddf0a3100d953611967dce37e54e56dfb11,READY,
Compress,44,DeepSeek V4 Flash,org.apache.commons.compress.utils.ChecksumCalculatingInputStream,YES,ChecksumCalculatingInputStreamDeepseekTest.java,41796b21ffd1ff641292ec0a68811f9fcb363608a97fbcd7707c88ede67161bd,READY,
Compress,44,Gemini 3.8 Flash,org.apache.commons.compress.utils.ChecksumCalculatingInputStream,YES,ChecksumCalculatingInputStreamGeminiTest.java,fe73a0aa1863dd9e3c0ba5e996e96c014336c2f7ce2dc0f98ac6dd14423384c1,READY,
Compress,45,IPO (Native IPO),org.apache.commons.compress.archivers.tar.TarUtils,YES,TarUtils_IPOTest.java,45bd9eb2d4f436db4ee14d6dd92b730335d5bd04fea96d2595a08e730887771c,READY,
Compress,45,MIO (EvoSuite SBST),org.apache.commons.compress.archivers.tar.TarUtils,YES,TarUtils_ESTest.java,53171609884dd625d56e2415cc2fbc91290e95561be82c273a0c4b618ef576b2,READY,
Compress,45,DeepSeek V4 Flash,org.apache.commons.compress.archivers.tar.TarUtils,YES,TarUtilsDeepseekTest.java,f04f161bcacf75bd3e5940879be7e648a49df0d9ce0d2bf5cc0363329938a552,READY,
Compress,45,Gemini 3.8 Flash,org.apache.commons.compress.archivers.tar.TarUtils,YES,TarUtilsGeminiTest.java,f1d2cf91c011abb42c89e94b4ba7005fd1f259dc32f4ace1487d34163d44c04a,READY,
Compress,46,IPO (Native IPO),org.apache.commons.compress.archivers.zip.X5455_ExtendedTimestamp,NO,,,NO_SUITE,
Compress,46,MIO (EvoSuite SBST),org.apache.commons.compress.archivers.zip.X5455_ExtendedTimestamp,YES,X5455_ExtendedTimestamp_ESTest.java,929a4cc116ae458d1f0d7f3095d384597c1ea7c1f25c6155af8fb194896fc10c,READY,
Compress,46,DeepSeek V4 Flash,org.apache.commons.compress.archivers.zip.X5455_ExtendedTimestamp,YES,X5455_ExtendedTimestampDeepseekTest.java,d392997ec8f6de5b414d3e058965fbb0a2ba7b2a871f2fcb09859f87a77ce6dc,READY,
Compress,46,Gemini 3.8 Flash,org.apache.commons.compress.archivers.zip.X5455_ExtendedTimestamp,YES,X5455_ExtendedTimestampGeminiTest.java,e1f5d8723a816b79e4bf26d051a90aa589930429e77549a877e7b9f0c906f054,READY,
Compress,47,IPO (Native IPO),org.apache.commons.compress.archivers.zip.ZipArchiveInputStream,YES,ZipArchiveInputStream_IPOTest.java,49ed3198a2cfe1179a2509bc80f13653c0ae10ce8b8d0ace1982b9f13d163141,READY,
Compress,47,MIO (EvoSuite SBST),org.apache.commons.compress.archivers.zip.ZipArchiveInputStream,YES,ZipArchiveInputStream_ESTest.java,14bf88ebb8ae0ca16f439f986c4812d4da537da373bf09e0cef195998bbaf175,READY,
Compress,47,DeepSeek V4 Flash,org.apache.commons.compress.archivers.zip.ZipArchiveInputStream,YES,ZipArchiveInputStreamDeepseekTest.java,27132a1d0dd0263d5a828842504357cf969d759423d34bd280645591389ca690,READY,
Compress,47,Gemini 3.8 Flash,org.apache.commons.compress.archivers.zip.ZipArchiveInputStream,YES,ZipArchiveInputStreamGeminiTest.java,2fad50788384791565dfb39f6843b574437ed0199395b8f48131debcd99b109e,READY,
Csv,1,IPO (Native IPO),org.apache.commons.csv.ExtendedBufferedReader,YES,ExtendedBufferedReader_IPOTest.java,4c1ededfbd7043b1bd73bb5d610d02008b0b90ea75e92d6e0c278c153b8d9120,READY,
Csv,1,MIO (EvoSuite SBST),org.apache.commons.csv.ExtendedBufferedReader,YES,ExtendedBufferedReader_ESTest.java,c70879b951e2a4adcf8a0c21b31aecbda5f355facf6f92b1c65e23959ba8882c,READY,
Csv,1,DeepSeek V4 Flash,org.apache.commons.csv.ExtendedBufferedReader,YES,ExtendedBufferedReaderDeepseekTest.java,56213d2f1705b63c6bced022fd2ad29b5be64e859494db352bf2d0ce29ced553,READY,
Csv,1,Gemini 3.8 Flash,org.apache.commons.csv.ExtendedBufferedReader,YES,ExtendedBufferedReaderGeminiTest.java,c09d00c0e2e3b79e365ef46f9692b9ab1421022d45056e4f188af05361285b84,READY,
Csv,2,IPO (Native IPO),org.apache.commons.csv.CSVRecord,NO,,,NO_SUITE,
Csv,2,MIO (EvoSuite SBST),org.apache.commons.csv.CSVRecord,YES,CSVRecord_ESTest.java,775a05e4cf8837c9903ed2ee0c6b21b120fe9e3edbc255d0c9cb5982f5fa667b,READY,
Csv,2,DeepSeek V4 Flash,org.apache.commons.csv.CSVRecord,YES,CSVRecordDeepseekTest.java,e44c9cb129c8e492b7f754bf639682cc858992466738c132b617c5b74710eeba,READY,
Csv,2,Gemini 3.8 Flash,org.apache.commons.csv.CSVRecord,YES,CSVRecordGeminiTest.java,4c5317d136531072fe65c24d0ae56ac020be3849122157208e77a87c9fdedd8b,READY,
Csv,3,IPO (Native IPO),org.apache.commons.csv.Lexer,NO,,,NO_SUITE,
Csv,3,MIO (EvoSuite SBST),org.apache.commons.csv.Lexer,YES,Lexer_ESTest.java,1f4472f54b22947bbf8bf716cd9583743b11ee9dc28355ce3aa22302fae9e7a5,READY,
Csv,3,DeepSeek V4 Flash,org.apache.commons.csv.Lexer,YES,LexerDeepseekTest.java,9bb200522d4d9ff6af659afeec88654b87c3d138ab6b851c922f37fe1d7559ff,READY,
Csv,3,Gemini 3.8 Flash,org.apache.commons.csv.Lexer,YES,LexerGeminiTest.java,a769f4fa066c54ddab877d0948b9470e38830ebdf1747535e9decac5eb67b19a,READY,
Csv,4,IPO (Native IPO),org.apache.commons.csv.CSVParser,NO,,,NO_SUITE,
Csv,4,MIO (EvoSuite SBST),org.apache.commons.csv.CSVParser,YES,CSVParser_ESTest.java,07fc9b649076f905fb0a1d2e6cc8787913d97057f99d5b39f9c8ab98c533f4fe,READY,
Csv,4,DeepSeek V4 Flash,org.apache.commons.csv.CSVParser,YES,CSVParserDeepseekTest.java,852d97f4aefdb061f6ecd10fdc7debce458a2f3db6dbfc1f536f412e438f8a79,READY,
Csv,4,Gemini 3.8 Flash,org.apache.commons.csv.CSVParser,YES,CSVParserGeminiTest.java,667f66b7ad2e16eabe2f54508ad68f62bc052f09f5b8d7b2c00b19a2dd7a55e7,READY,
Csv,5,IPO (Native IPO),org.apache.commons.csv.CSVPrinter,NO,,,NO_SUITE,
Csv,5,MIO (EvoSuite SBST),org.apache.commons.csv.CSVPrinter,YES,CSVPrinter_ESTest.java,b60bf764a49b7fc02caed7a0bb4236d8f13c6e19dd1e2db18ecccccbedf6c641,READY,
Csv,5,DeepSeek V4 Flash,org.apache.commons.csv.CSVPrinter,YES,CSVPrinterDeepseekTest.java,ec552ee2f0509831f0972da9aa45600b42e34636fa845eefdced4a0c1447a9ea,READY,
Csv,5,Gemini 3.8 Flash,org.apache.commons.csv.CSVPrinter,YES,CSVPrinterGeminiTest.java,56c44b671f4455dfd8f11d7422ce23d2e72b39978329087ee962198918a8893a,READY,
Csv,6,IPO (Native IPO),org.apache.commons.csv.CSVRecord,NO,,,NO_SUITE,
Csv,6,MIO (EvoSuite SBST),org.apache.commons.csv.CSVRecord,YES,CSVRecord_ESTest.java,d0782591a2379c99f1bfd66766531698cbf2024770d228aecf57c3ae1a36b745,READY,
Csv,6,DeepSeek V4 Flash,org.apache.commons.csv.CSVRecord,YES,CSVRecordDeepseekTest.java,66d967c9167ae8006bec013a9a2ba7cdbdf322f146107d16f74e8c1f8d6f40a6,READY,
Csv,6,Gemini 3.8 Flash,org.apache.commons.csv.CSVRecord,YES,CSVRecordGeminiTest.java,27465dadbec86381f0ea299aa019b258e157b26bab3574af2080a137e8a23f8f,READY,
Csv,7,IPO (Native IPO),org.apache.commons.csv.CSVParser,NO,,,NO_SUITE,
Csv,7,MIO (EvoSuite SBST),org.apache.commons.csv.CSVParser,YES,CSVParser_ESTest.java,4cb6d3dc4acd682b56f501b96f82ca5b6a21fff1454e816480a1a621629cebe8,READY,
Csv,7,DeepSeek V4 Flash,org.apache.commons.csv.CSVParser,YES,CSVParserDeepseekTest.java,5df09aa984e3b9371939b35a07cac82c3e34e854334c317c4b5f6a3de5ff2434,READY,
Csv,7,Gemini 3.8 Flash,org.apache.commons.csv.CSVParser,YES,CSVParserGeminiTest.java,f9433efecdf2946f495a46f602e1e6198b2295c9c8b4f103f24b19c8700108c5,READY,
Csv,8,IPO (Native IPO),org.apache.commons.csv.CSVFormat,NO,,,NO_SUITE,
Csv,8,MIO (EvoSuite SBST),org.apache.commons.csv.CSVFormat,YES,CSVFormat_ESTest.java,87c9e3d3fe1f097c6d6f5fb60966d3e7181829751841d97a83e14e1605ba593b,READY,
Csv,8,DeepSeek V4 Flash,org.apache.commons.csv.CSVFormat,YES,CSVFormatDeepseekTest.java,edfb37990f3d725c635420979bc3be05241123cbbe2b56a5573cf1a6d196c22f,READY,
Csv,8,Gemini 3.8 Flash,org.apache.commons.csv.CSVFormat,YES,CSVFormatGeminiTest.java,f57761ccd23dddc5f349d6bc281ea0b161e120b6c1a41d537046ae4bc0ea4ee0,READY,
Csv,9,IPO (Native IPO),org.apache.commons.csv.CSVRecord,NO,,,NO_SUITE,
Csv,9,MIO (EvoSuite SBST),org.apache.commons.csv.CSVRecord,YES,CSVRecord_ESTest.java,021417ddc16c1c1ed3f3d476406c8c57cbe3aab21778c3e40da713c6ce0a7d4f,READY,
Csv,9,DeepSeek V4 Flash,org.apache.commons.csv.CSVRecord,YES,CSVRecordDeepseekTest.java,91dc9fff9991c44615430529388ed306920e7a642177235844ee6b1d085c42d8,READY,
Csv,9,Gemini 3.8 Flash,org.apache.commons.csv.CSVRecord,YES,CSVRecordGeminiTest.java,ddfdc66c955d1b7baba073bcc02766cd46bf392d5e540cb3d91df36bce38b0d7,READY,
Csv,10,IPO (Native IPO),org.apache.commons.csv.CSVPrinter,NO,,,NO_SUITE,
Csv,10,MIO (EvoSuite SBST),org.apache.commons.csv.CSVPrinter,YES,CSVPrinter_ESTest.java,a25d9442fec718b80913a8d14b33a73fef9affdada904c7064971611356689c7,READY,
Csv,10,DeepSeek V4 Flash,org.apache.commons.csv.CSVPrinter,YES,CSVPrinterDeepseekTest.java,c32080b6205f499b3974fb59189b89e2e8785664148465ed5c6fddcd1f2c7858,READY,
Csv,10,Gemini 3.8 Flash,org.apache.commons.csv.CSVPrinter,YES,CSVPrinterGeminiTest.java,ff33883c49db60fa2ff2d6b1c1e4d2a3e58448cb71f542b1a6d1c68abea05d3d,READY,
Csv,11,IPO (Native IPO),org.apache.commons.csv.CSVParser,NO,,,NO_SUITE,
Csv,11,MIO (EvoSuite SBST),org.apache.commons.csv.CSVParser,YES,CSVParser_ESTest.java,1c3c42424d3bbe1aef78f58c269edbf8ff98c5f65333d10831a8eac05fb83cde,READY,
Csv,11,DeepSeek V4 Flash,org.apache.commons.csv.CSVParser,YES,CSVParserDeepseekTest.java,b1b6b683140e03e554b2a12cbc1929928c349f57fdec7688d47ceff3bfb1a28e,READY,
Csv,11,Gemini 3.8 Flash,org.apache.commons.csv.CSVParser,YES,CSVParserGeminiTest.java,31de473198cfd133065bf3a71899a2a8d441d22b318b66c129233160b1033ca3,READY,
Csv,12,IPO (Native IPO),org.apache.commons.csv.CSVFormat,NO,,,NO_SUITE,
Csv,12,MIO (EvoSuite SBST),org.apache.commons.csv.CSVFormat,YES,CSVFormat_ESTest.java,60b17b41ca6f52023920be58fab4c1a797707d7d94074beb90e0f24cb7adbc19,READY,
Csv,12,DeepSeek V4 Flash,org.apache.commons.csv.CSVFormat,YES,CSVFormatDeepseekTest.java,7a74f7a4e934a0304c100a6c30da86d02075f1eda1b3b9945bfe35d89187491e,READY,
Csv,12,Gemini 3.8 Flash,org.apache.commons.csv.CSVFormat,YES,CSVFormatGeminiTest.java,a0f64acc6d16c6af32d16d8a6bd9ccd572e2e658faece425ba919a0c6095b8ef,READY,
Csv,13,IPO (Native IPO),org.apache.commons.csv.CSVFormat;org.apache.commons.csv.CSVPrinter,YES,CSVFormat_IPOTest.java,341ce849c434519d4e96f125d948bcafb52d8cbfcd67daa330863a665cfff40a,READY,
Csv,13,MIO (EvoSuite SBST),org.apache.commons.csv.CSVFormat;org.apache.commons.csv.CSVPrinter,YES,CSVFormat_ESTest.java;CSVPrinter_ESTest.java,a2f9bbb58ad742fbb79fd2f3962f6e902ea5701cba3bca3cdf5b97d5fee88d4c,READY,
Csv,13,DeepSeek V4 Flash,org.apache.commons.csv.CSVFormat;org.apache.commons.csv.CSVPrinter,YES,CSVFormatDeepseekTest.java;CSVPrinterDeepseekTest.java,fd1a52ad423fbd4cc77e19361e4186bcf1be4b32f7eab851aa8af1e08f33dab5,READY,
Csv,13,Gemini 3.8 Flash,org.apache.commons.csv.CSVFormat;org.apache.commons.csv.CSVPrinter,YES,CSVFormatGeminiTest.java;CSVPrinterGeminiTest.java,7889080ee0726a4ae802c862229c85b4ecb26d93b849a09dac2bf5bd564e7603,READY,
Csv,14,IPO (Native IPO),org.apache.commons.csv.CSVFormat,YES,CSVFormat_IPOTest.java,4e106c39c9664c43d8f34e95af8076163b79767e06f507e5066cd0ae832f3418,READY,
Csv,14,MIO (EvoSuite SBST),org.apache.commons.csv.CSVFormat,YES,CSVFormat_ESTest.java,bdfef8d59104338b976969789e44995e9f75473a913d886b622f44c3bda05a52,READY,
Csv,14,DeepSeek V4 Flash,org.apache.commons.csv.CSVFormat,YES,CSVFormatDeepseekTest.java,e3c97fa7fb06420d7421103e5bd8cc6b14ffc135bfad42d06a9a77e89011f6a6,READY,
Csv,14,Gemini 3.8 Flash,org.apache.commons.csv.CSVFormat,YES,CSVFormatGeminiTest.java,b3e1f016a5aa400c721cd2acac305fc660f335155448f16b73e0f05f3c28e823,READY,
Csv,15,IPO (Native IPO),org.apache.commons.csv.CSVFormat,YES,CSVFormat_IPOTest.java,2d272cbf8ceea686c4e3ba1160b1c4e872e27019462605fcdc3da3bffc31c14a,READY,
Csv,15,MIO (EvoSuite SBST),org.apache.commons.csv.CSVFormat,YES,CSVFormat_ESTest.java,e9e60b015caae0456b671216056fd7a69bc7fd0c6ea6455981cf650f10af5b7e,READY,
Csv,15,DeepSeek V4 Flash,org.apache.commons.csv.CSVFormat,YES,CSVFormatDeepseekTest.java,b416caf4e2bba9886dd63c28189ff0e875d1f5ed288a33bc4c787d8329d2f068,READY,
Csv,15,Gemini 3.8 Flash,org.apache.commons.csv.CSVFormat,YES,CSVFormatGeminiTest.java,7b3ffb3bd2b2a216a971658b48fe53d8dc5f17d290cc01e1792f3ca456a6c925,READY,
Csv,16,IPO (Native IPO),org.apache.commons.csv.CSVParser,NO,,,NO_SUITE,
Csv,16,MIO (EvoSuite SBST),org.apache.commons.csv.CSVParser,YES,CSVParser_ESTest.java,db52c024f1b3fcbac0714d4e0bbf7c200c3d9d359ef7d9f9b0403ba738097bb0,READY,
Csv,16,DeepSeek V4 Flash,org.apache.commons.csv.CSVParser,YES,CSVParserDeepseekTest.java,8a7c046a80711bed864c213d4237f17b95dd57f309a5dd05b7fccab577d41c6f,READY,
Csv,16,Gemini 3.8 Flash,org.apache.commons.csv.CSVParser,YES,CSVParserGeminiTest.java,6dfcb70ff386d876760e4b6d156072e6afd083622887e7cbc3f3a6f7a978a426,READY,
Gson,1,IPO (Native IPO),com.google.gson.TypeInfoFactory,NO,,,NO_SUITE,
Gson,1,MIO (EvoSuite SBST),com.google.gson.TypeInfoFactory,YES,TypeInfoFactory_ESTest.java,7c91338b827c3e89f4b906ff2301976036fedfc800dac8fca48a9d24a82650cd,READY,
Gson,1,DeepSeek V4 Flash,com.google.gson.TypeInfoFactory,YES,TypeInfoFactoryDeepseekTest.java,a1bfca62009e188c56ee0e5a0a35385ca2b1b2100b2b959a8512c2e886ba3d4d,READY,
Gson,1,Gemini 3.8 Flash,com.google.gson.TypeInfoFactory,YES,TypeInfoFactoryGeminiTest.java,c77ac3754a8a37f9738fd27c6782d405d49e7209e984a2f5a418c8b6dbdc1e12,READY,
Gson,2,IPO (Native IPO),com.google.gson.internal.bind.TypeAdapters,NO,,,NO_SUITE,
Gson,2,MIO (EvoSuite SBST),com.google.gson.internal.bind.TypeAdapters,YES,TypeAdapters_ESTest.java,fc64d49e53f4bd80a387c09a6b622fdd5fa8a140538b596edf79280901d3554a,READY,
Gson,2,DeepSeek V4 Flash,com.google.gson.internal.bind.TypeAdapters,YES,TypeAdaptersDeepseekTest.java,92f2bb905e26f10b3b0d49ff1fa6882e8c91f6e77ed5c8fd5d02fe5f5916cb3a,READY,
Gson,2,Gemini 3.8 Flash,com.google.gson.internal.bind.TypeAdapters,YES,TypeAdaptersGeminiTest.java,7aa110dc226971121ee75f0d908cbf9f58752aa5fc1a3c3fb1c758940d35b37b,READY,
Gson,3,IPO (Native IPO),com.google.gson.internal.ConstructorConstructor,NO,,,NO_SUITE,
Gson,3,MIO (EvoSuite SBST),com.google.gson.internal.ConstructorConstructor,NO,,,NO_SUITE,
Gson,3,DeepSeek V4 Flash,com.google.gson.internal.ConstructorConstructor,YES,ConstructorConstructorDeepseekTest.java,89fb8f3f4b522f05cc26c8830bb7afeed8c1136013a32591f4a57e0eaa918f68,READY,
Gson,3,Gemini 3.8 Flash,com.google.gson.internal.ConstructorConstructor,YES,ConstructorConstructorGeminiTest.java,7cf6924a10d602841edf7321ba707db259179dc7ece88ba31b692a0a40282ca4,READY,
Gson,4,IPO (Native IPO),com.google.gson.stream.JsonReader;com.google.gson.stream.JsonWriter,NO,,,NO_SUITE,
Gson,4,MIO (EvoSuite SBST),com.google.gson.stream.JsonReader;com.google.gson.stream.JsonWriter,YES,JsonReader_ESTest.java;JsonWriter_ESTest.java,2ee78cffc0628b9b51caec2baad81352bec297223c39b321b8f0537803ca23eb,READY,
Gson,4,DeepSeek V4 Flash,com.google.gson.stream.JsonReader;com.google.gson.stream.JsonWriter,YES,JsonReaderDeepseekTest.java;JsonWriterDeepseekTest.java,d4344aa567225dd448d81e3510697d8eff04c67746fb63cbd3f2e30534250c8d,READY,
Gson,4,Gemini 3.8 Flash,com.google.gson.stream.JsonReader;com.google.gson.stream.JsonWriter,YES,JsonReaderGeminiTest.java;JsonWriterGeminiTest.java,71f53804d94d1542f8753943e8977bd477f51249b469aa55c590f1e4840df8c4,READY,
Gson,5,IPO (Native IPO),com.google.gson.internal.bind.util.ISO8601Utils,YES,ISO8601Utils_IPOTest.java,28b2762029fff796305a11602fd18773169a2d992e7c6aa879dd661ba7c8614a,READY,
Gson,5,MIO (EvoSuite SBST),com.google.gson.internal.bind.util.ISO8601Utils,YES,ISO8601Utils_ESTest.java,e7b063c5f104eeefaf80534dd347635165279aefcd1e6ca632ca6150bd0b89d7,READY,
Gson,5,DeepSeek V4 Flash,com.google.gson.internal.bind.util.ISO8601Utils,YES,ISO8601UtilsDeepseekTest.java,facf867fded0f5b6cbfc4753c37d6826258c9fbbb3d6976ac2b63a8f7e342775,READY,
Gson,5,Gemini 3.8 Flash,com.google.gson.internal.bind.util.ISO8601Utils,YES,ISO8601UtilsGeminiTest.java,fc19a6679b5aed7eef0c3dde327866907237a1394c14de928ecd8ccc5bda3f2e,READY,
Gson,6,IPO (Native IPO),com.google.gson.internal.bind.JsonAdapterAnnotationTypeAdapterFactory,NO,,,NO_SUITE,
Gson,6,MIO (EvoSuite SBST),com.google.gson.internal.bind.JsonAdapterAnnotationTypeAdapterFactory,YES,JsonAdapterAnnotationTypeAdapterFactory_ESTest.java,2f6b83d7c1da86fdc4aee14226785a3d79623008a88cf80cd787a3773972ffd8,READY,
Gson,6,DeepSeek V4 Flash,com.google.gson.internal.bind.JsonAdapterAnnotationTypeAdapterFactory,YES,JsonAdapterAnnotationTypeAdapterFactoryDeepseekTest.java,0011abb482c0979abb2183ac7c008af074d4388c3242ebfc900896cc6950555f,READY,
Gson,6,Gemini 3.8 Flash,com.google.gson.internal.bind.JsonAdapterAnnotationTypeAdapterFactory,YES,JsonAdapterAnnotationTypeAdapterFactoryGeminiTest.java,9be5b9e89c6ce3bc1fa44c9f5fe4e8c4415af7c514e4c18bfcdbd1d59e9805d2,READY,
Gson,7,IPO (Native IPO),com.google.gson.stream.JsonReader,NO,,,NO_SUITE,
Gson,7,MIO (EvoSuite SBST),com.google.gson.stream.JsonReader,YES,JsonReader_ESTest.java,7ae619ba2486d4add76074a3a88b8afa5d27ee8bf42a1abcc7ebf2615a164fff,READY,
Gson,7,DeepSeek V4 Flash,com.google.gson.stream.JsonReader,YES,JsonReaderDeepseekTest.java,5c04415b6289a344e9c39644c2a67901e847eb14c88751f81a6218420e409a6a,READY,
Gson,7,Gemini 3.8 Flash,com.google.gson.stream.JsonReader,YES,JsonReaderGeminiTest.java,0846a75add670689e4ed5e4a21de4dcd1f5426593c9df189c2b2b9958f430bf5,READY,
Gson,8,IPO (Native IPO),com.google.gson.internal.UnsafeAllocator,NO,,,NO_SUITE,
Gson,8,MIO (EvoSuite SBST),com.google.gson.internal.UnsafeAllocator,NO,,,NO_SUITE,
Gson,8,DeepSeek V4 Flash,com.google.gson.internal.UnsafeAllocator,YES,UnsafeAllocatorDeepseekTest.java,83da2b013e16d2a8b05712e14430161c33cd4cabcd5b30417375f1631b02cc36,READY,
Gson,8,Gemini 3.8 Flash,com.google.gson.internal.UnsafeAllocator,YES,UnsafeAllocatorGeminiTest.java,72b4f88c2f6d31c952bb774f488f74bbb2a00663d4244afbdc57a5f1c06c1bb2,READY,
Gson,9,IPO (Native IPO),com.google.gson.internal.bind.JsonTreeWriter;com.google.gson.internal.bind.TypeAdapters;com.google.gson.stream.JsonWriter,NO,,,NO_SUITE,
Gson,9,MIO (EvoSuite SBST),com.google.gson.internal.bind.JsonTreeWriter;com.google.gson.internal.bind.TypeAdapters;com.google.gson.stream.JsonWriter,YES,JsonTreeWriter_ESTest.java;JsonWriter_ESTest.java;TypeAdapters_ESTest.java,4e9d5591df1f021187fd2e887446ca05a8e2eecd1ba1c937c1050168056ac2b4,READY,
Gson,9,DeepSeek V4 Flash,com.google.gson.internal.bind.JsonTreeWriter;com.google.gson.internal.bind.TypeAdapters;com.google.gson.stream.JsonWriter,YES,JsonTreeWriterDeepseekTest.java;JsonWriterDeepseekTest.java;TypeAdaptersDeepseekTest.java,634713d8e71a335e055bd0dfd259c48c0453aed61db0a85a64f78eab5a9e0669,READY,
Gson,9,Gemini 3.8 Flash,com.google.gson.internal.bind.JsonTreeWriter;com.google.gson.internal.bind.TypeAdapters;com.google.gson.stream.JsonWriter,YES,JsonTreeWriterGeminiTest.java;JsonWriterGeminiTest.java;TypeAdaptersGeminiTest.java,a4a726a0211674694062c66f91e569440322386b8f4aea43599c6bc935bf63b9,READY,
Gson,10,IPO (Native IPO),com.google.gson.internal.bind.ReflectiveTypeAdapterFactory,NO,,,NO_SUITE,
Gson,10,MIO (EvoSuite SBST),com.google.gson.internal.bind.ReflectiveTypeAdapterFactory,YES,ReflectiveTypeAdapterFactory_ESTest.java,292c4f358c57f256127967a2d91ab0ef31efc380d9759757330f4004af897ea4,READY,
Gson,10,DeepSeek V4 Flash,com.google.gson.internal.bind.ReflectiveTypeAdapterFactory,YES,ReflectiveTypeAdapterFactoryDeepseekTest.java,4cbba463ac4ab308ca0c49d380c60f620a88818da89c4756024a03fb43582812,READY,
Gson,10,Gemini 3.8 Flash,com.google.gson.internal.bind.ReflectiveTypeAdapterFactory,YES,ReflectiveTypeAdapterFactoryGeminiTest.java,bb0f76e48fb937f28ab8a2031f712a6960178e2dc14b5abc873e79aac4ea5ce8,READY,
Gson,11,IPO (Native IPO),com.google.gson.internal.bind.TypeAdapters,NO,,,NO_SUITE,
Gson,11,MIO (EvoSuite SBST),com.google.gson.internal.bind.TypeAdapters,YES,TypeAdapters_ESTest.java,12edf2eed267962dcd2d3b081e70f89405908cc927080973b85cf8a0cd591770,READY,
Gson,11,DeepSeek V4 Flash,com.google.gson.internal.bind.TypeAdapters,YES,TypeAdaptersDeepseekTest.java,d387fd5b7816a3103ae362cda839d9786cb7ba45c2ddddf3ce25e7ae66901d21,READY,
Gson,11,Gemini 3.8 Flash,com.google.gson.internal.bind.TypeAdapters,YES,TypeAdaptersGeminiTest.java,427b20a3b113aa81c821476a9dab23779e55e75e743cb5da3fa18f512b16854c,READY,
Gson,12,IPO (Native IPO),com.google.gson.internal.bind.JsonTreeReader,NO,,,NO_SUITE,
Gson,12,MIO (EvoSuite SBST),com.google.gson.internal.bind.JsonTreeReader,YES,JsonTreeReader_ESTest.java,5121d1506cbfaedfad5479c758ff92cfd954c92ebc9cb2059a0f0dbf10328f67,READY,
Gson,12,DeepSeek V4 Flash,com.google.gson.internal.bind.JsonTreeReader,YES,JsonTreeReaderDeepseekTest.java,fc8d49ab63742aa574c34d77597576dc17b0b66cde0a12c8968b923f8dd351fd,READY,
Gson,12,Gemini 3.8 Flash,com.google.gson.internal.bind.JsonTreeReader,YES,JsonTreeReaderGeminiTest.java,085fca49d19ee96b61f0d751848818b4066368bec2c9969bdd163efc641dc973,READY,
Gson,13,IPO (Native IPO),com.google.gson.stream.JsonReader,NO,,,NO_SUITE,
Gson,13,MIO (EvoSuite SBST),com.google.gson.stream.JsonReader,YES,JsonReader_ESTest.java,472d5baa8565e25819eb3b4a6250d38cb602bc94622d19d9bece314b6fe6cc25,READY,
Gson,13,DeepSeek V4 Flash,com.google.gson.stream.JsonReader,YES,JsonReaderDeepseekTest.java,593a9ed9c11268396495db347c7ace88ba53acfb939f3abb85128d1f6b2f6db9,READY,
Gson,13,Gemini 3.8 Flash,com.google.gson.stream.JsonReader,YES,JsonReaderGeminiTest.java,d66e2532486bb34a1d03fcf122f59cca9fb176f93248ae83b437504f6a989654,READY,
Gson,14,IPO (Native IPO),com.google.gson.internal.$Gson$Types,YES,$Gson$Types_IPOTest.java,41296b564328d234f7174bee81ac9ab6703364c8270abffbddcc543feb4cdbe4,READY,
Gson,14,MIO (EvoSuite SBST),com.google.gson.internal.$Gson$Types,YES,$Gson$Types_ESTest.java,d4c341f4dc9315b25e0696a485e5e2e3fc8c021e47fd34c827e3b03391f179b3,READY,
Gson,14,DeepSeek V4 Flash,com.google.gson.internal.$Gson$Types,YES,$Gson$TypesDeepseekTest.java,a6c75f1fc48ce626de4a3430b4fd3d5e7854ade5cc479c81114bf49981b52cf1,READY,
Gson,14,Gemini 3.8 Flash,com.google.gson.internal.$Gson$Types,YES,$Gson$TypesGeminiTest.java,3b7cfd03fdb0b8766cdc4bc709fde654c4747a74e51f3bd2f484a87452c3b798,READY,
Gson,15,IPO (Native IPO),com.google.gson.stream.JsonWriter,NO,,,NO_SUITE,
Gson,15,MIO (EvoSuite SBST),com.google.gson.stream.JsonWriter,YES,JsonWriter_ESTest.java,1ce3fa922a4ced492fb291dd189c6aac95d88ce77f9e67531742d7560c58e7a7,READY,
Gson,15,DeepSeek V4 Flash,com.google.gson.stream.JsonWriter,YES,JsonWriterDeepseekTest.java,640c93aace9cb102aa26fb16995e896251d4e20a3fb9427b70f0e06b35e25e11,READY,
Gson,15,Gemini 3.8 Flash,com.google.gson.stream.JsonWriter,YES,JsonWriterGeminiTest.java,dcfe32c00f82de4b1cb5b3549c7d559b7e8c2dccf821edccbad89f097fd2e5db,READY,
Gson,16,IPO (Native IPO),com.google.gson.internal.$Gson$Types,YES,$Gson$Types_IPOTest.java,41296b564328d234f7174bee81ac9ab6703364c8270abffbddcc543feb4cdbe4,READY,
Gson,16,MIO (EvoSuite SBST),com.google.gson.internal.$Gson$Types,YES,$Gson$Types_ESTest.java,5a44d5f347f7608164046e87f2b91977c40b32fba48585aef3545ceb236deac5,READY,
Gson,16,DeepSeek V4 Flash,com.google.gson.internal.$Gson$Types,YES,$Gson$TypesDeepseekTest.java,b83a8036702145cd6ee992e2d440640aebd7b76f9289c9865f689f3a610f5b7a,READY,
Gson,16,Gemini 3.8 Flash,com.google.gson.internal.$Gson$Types,YES,$Gson$TypesGeminiTest.java,93fc4f9db84f01d75beeecce8745c44f84014a7993c6c97f704bc345ea65855a,READY,
Gson,17,IPO (Native IPO),com.google.gson.DefaultDateTypeAdapter,NO,,,NO_SUITE,
Gson,17,MIO (EvoSuite SBST),com.google.gson.DefaultDateTypeAdapter,YES,DefaultDateTypeAdapter_ESTest.java,99ec471bf756acbeba1839219faf63ae6597eab58cd6806f1aa97b08a933a516,READY,
Gson,17,DeepSeek V4 Flash,com.google.gson.DefaultDateTypeAdapter,YES,DefaultDateTypeAdapterDeepseekTest.java,ce0e1c6308df18c6f061bfe46255aabe6f914133857f53ce32b1c1942aeb13e0,READY,
Gson,17,Gemini 3.8 Flash,com.google.gson.DefaultDateTypeAdapter,YES,DefaultDateTypeAdapterGeminiTest.java,624437f84f2d8299d1114402a053e8063080dc110c9e361afcf61bc3713ad289,READY,
Gson,18,IPO (Native IPO),com.google.gson.internal.$Gson$Types,YES,$Gson$Types_IPOTest.java,41296b564328d234f7174bee81ac9ab6703364c8270abffbddcc543feb4cdbe4,READY,
Gson,18,MIO (EvoSuite SBST),com.google.gson.internal.$Gson$Types,YES,$Gson$Types_ESTest.java,b8c0319f45fb167895e37a7115389937d414bbbe0bf6e1c90354c992b5b1c39d,READY,
Gson,18,DeepSeek V4 Flash,com.google.gson.internal.$Gson$Types,YES,$Gson$TypesDeepseekTest.java,299d8089c20fea50fc894051d01f044f18d7f80ee98bde4951494b4954f46b1c,READY,
Gson,18,Gemini 3.8 Flash,com.google.gson.internal.$Gson$Types,YES,$Gson$TypesGeminiTest.java,5b611004458a49ee6338831ef043626b4acb9e453c1e38fdb16cde8f6ef0d172,READY,
JacksonCore,1,IPO (Native IPO),com.fasterxml.jackson.core.io.NumberInput;com.fasterxml.jackson.core.util.TextBuffer,YES,NumberInput_IPOTest.java,eb5fadab7b8dc5c3a566c5705830666061538da42a78c8467a69d920f3f5cf14,READY,
JacksonCore,1,MIO (EvoSuite SBST),com.fasterxml.jackson.core.io.NumberInput;com.fasterxml.jackson.core.util.TextBuffer,YES,NumberInput_ESTest.java;TextBuffer_ESTest.java,365b5aa1c77b7ac7c8fda0f1c2fe176fb325692f887a9cb8b523e196397a1f51,READY,
JacksonCore,1,DeepSeek V4 Flash,com.fasterxml.jackson.core.io.NumberInput;com.fasterxml.jackson.core.util.TextBuffer,YES,NumberInputDeepseekTest.java;TextBufferDeepseekTest.java,2ad0a8c1b6f42ffb5ef1af202f405aa1bd75b6fc20c872c595a9c22788ffdc90,READY,
JacksonCore,1,Gemini 3.8 Flash,com.fasterxml.jackson.core.io.NumberInput;com.fasterxml.jackson.core.util.TextBuffer,YES,NumberInputGeminiTest.java;TextBufferGeminiTest.java,bdffedf8e211d54236dbebb1565dc0bd2f331a2a96c1d56761cbf20be753473d,READY,
JacksonCore,2,IPO (Native IPO),com.fasterxml.jackson.core.json.ReaderBasedJsonParser;com.fasterxml.jackson.core.json.UTF8StreamJsonParser,YES,UTF8StreamJsonParser_IPOTest.java,d6872c0094bdeed29520ef0c1f1f6dbf191f3ed699e06bcbbb58419a6a1af294,READY,
JacksonCore,2,MIO (EvoSuite SBST),com.fasterxml.jackson.core.json.ReaderBasedJsonParser;com.fasterxml.jackson.core.json.UTF8StreamJsonParser,YES,ReaderBasedJsonParser_ESTest.java;UTF8StreamJsonParser_ESTest.java,73007650c80c2f698047914f70e9c6d3beecc2def4f42e019274ca9739f500f9,READY,
JacksonCore,2,DeepSeek V4 Flash,com.fasterxml.jackson.core.json.ReaderBasedJsonParser;com.fasterxml.jackson.core.json.UTF8StreamJsonParser,YES,ReaderBasedJsonParserDeepseekTest.java;UTF8StreamJsonParserDeepseekTest.java,8168cd4d852616f595b4666bf8d1390e6820903b0f577d9523de7327edbdf9df,READY,
JacksonCore,2,Gemini 3.8 Flash,com.fasterxml.jackson.core.json.ReaderBasedJsonParser;com.fasterxml.jackson.core.json.UTF8StreamJsonParser,YES,ReaderBasedJsonParserGeminiTest.java;UTF8StreamJsonParserGeminiTest.java,46cf78f60f424f48a0f9cdfa916f424b0693e9ecd1a62d00809182df275de5c1,READY,
JacksonCore,3,IPO (Native IPO),com.fasterxml.jackson.core.json.UTF8StreamJsonParser,YES,UTF8StreamJsonParser_IPOTest.java,d6872c0094bdeed29520ef0c1f1f6dbf191f3ed699e06bcbbb58419a6a1af294,READY,
JacksonCore,3,MIO (EvoSuite SBST),com.fasterxml.jackson.core.json.UTF8StreamJsonParser,YES,UTF8StreamJsonParser_ESTest.java,04645e3deac27580805ab1af284f87d22ddb744d5c2c6d0aa888c83000a36bb6,READY,
JacksonCore,3,DeepSeek V4 Flash,com.fasterxml.jackson.core.json.UTF8StreamJsonParser,YES,UTF8StreamJsonParserDeepseekTest.java,d802970a87c573be83b6aca406ef732e1a3e3c59a18624a4b63532e0429f2dcb,READY,
JacksonCore,3,Gemini 3.8 Flash,com.fasterxml.jackson.core.json.UTF8StreamJsonParser,YES,UTF8StreamJsonParserGeminiTest.java,6e89406ce071a61112ee54dd6f906dc7d0b18cdef79dcd64d188b8d837fe1395,READY,
JacksonCore,4,IPO (Native IPO),com.fasterxml.jackson.core.util.TextBuffer,NO,,,NO_SUITE,
JacksonCore,4,MIO (EvoSuite SBST),com.fasterxml.jackson.core.util.TextBuffer,YES,TextBuffer_ESTest.java,67a6eb76e8ce0a3a99c075c0c0c071bf13e6725fb6cb283e15e565ee7d84d9be,READY,
JacksonCore,4,DeepSeek V4 Flash,com.fasterxml.jackson.core.util.TextBuffer,YES,TextBufferDeepseekTest.java,fc46f1e44b7af3fbc471e975aaf227147c481c98bdef2d8619ec5d07b5d5e3c6,READY,
JacksonCore,4,Gemini 3.8 Flash,com.fasterxml.jackson.core.util.TextBuffer,YES,TextBufferGeminiTest.java,3bd13ce21d63edb9cd57edf07f695ac9aa717b7f1aa6e84fabd81603ad4f6230,READY,
JacksonCore,5,IPO (Native IPO),com.fasterxml.jackson.core.JsonPointer,NO,,,NO_SUITE,
JacksonCore,5,MIO (EvoSuite SBST),com.fasterxml.jackson.core.JsonPointer,YES,JsonPointer_ESTest.java,044063a0d53e157de0fff9ac12a8e6582430a88c48708a73f11ad171dc88af3e,READY,
JacksonCore,5,DeepSeek V4 Flash,com.fasterxml.jackson.core.JsonPointer,YES,JsonPointerDeepseekTest.java,ae34a773db317a1bddcc03587314113f80748a86620dff31e8d2f2c3c9f0b8d8,READY,
JacksonCore,5,Gemini 3.8 Flash,com.fasterxml.jackson.core.JsonPointer,YES,JsonPointerGeminiTest.java,0cb7e11ec34e0126185502abe55c4ed07e0eb2e6eb046ec49876e463075b59b3,READY,
JacksonCore,6,IPO (Native IPO),com.fasterxml.jackson.core.JsonPointer,NO,,,NO_SUITE,
JacksonCore,6,MIO (EvoSuite SBST),com.fasterxml.jackson.core.JsonPointer,YES,JsonPointer_ESTest.java,9aa89108d69c1ee8acf8e3672b41ff09e8c63680b9efe900c165614d9fca2170,READY,
JacksonCore,6,DeepSeek V4 Flash,com.fasterxml.jackson.core.JsonPointer,YES,JsonPointerDeepseekTest.java,91e2273d4d5977b1f4478a9ea93fea86f2023454af55ae10c0366b1effdfe91b,READY,
JacksonCore,6,Gemini 3.8 Flash,com.fasterxml.jackson.core.JsonPointer,YES,JsonPointerGeminiTest.java,e6184e4c85f42ce349ad10324e13102f64dae35dcd6777ac0c111e78bbc39d5c,READY,
JacksonCore,7,IPO (Native IPO),com.fasterxml.jackson.core.json.JsonWriteContext,NO,,,NO_SUITE,
JacksonCore,7,MIO (EvoSuite SBST),com.fasterxml.jackson.core.json.JsonWriteContext,YES,JsonWriteContext_ESTest.java,2a04488d5fe04dc85a3912117537dc042beed0d24d664b0b8ed285f002ffc92d,READY,
JacksonCore,7,DeepSeek V4 Flash,com.fasterxml.jackson.core.json.JsonWriteContext,YES,JsonWriteContextDeepseekTest.java,1dc92a8f2920d82ec061d05b0197c179a3ccfc341228873fb31195fe4ce1b725,READY,
JacksonCore,7,Gemini 3.8 Flash,com.fasterxml.jackson.core.json.JsonWriteContext,YES,JsonWriteContextGeminiTest.java,9b8b1612908c15762a550fbec154bc44a0e6d9a778622c1b9bf0134eb8067e36,READY,
JacksonCore,8,IPO (Native IPO),com.fasterxml.jackson.core.util.TextBuffer,NO,,,NO_SUITE,
JacksonCore,8,MIO (EvoSuite SBST),com.fasterxml.jackson.core.util.TextBuffer,YES,TextBuffer_ESTest.java,4c45871e7418a52c4ebe1eec0b0a6ac1ee8bd9d683b7a705aee0400137ffe7be,READY,
JacksonCore,8,DeepSeek V4 Flash,com.fasterxml.jackson.core.util.TextBuffer,YES,TextBufferDeepseekTest.java,81ac520af3e2f5a5077e33b6578402045ff59a9cb1e20255cf7d0c590a5c380f,READY,
JacksonCore,8,Gemini 3.8 Flash,com.fasterxml.jackson.core.util.TextBuffer,YES,TextBufferGeminiTest.java,893504134d1bc62beb4c94ca63a77ce06c73483ca3076c5daddd5e55644c074e,READY,
JacksonCore,9,IPO (Native IPO),com.fasterxml.jackson.core.base.ParserMinimalBase;com.fasterxml.jackson.core.json.ReaderBasedJsonParser;com.fasterxml.jackson.core.json.UTF8StreamJsonParser,YES,UTF8StreamJsonParser_IPOTest.java,d6872c0094bdeed29520ef0c1f1f6dbf191f3ed699e06bcbbb58419a6a1af294,READY,
JacksonCore,9,MIO (EvoSuite SBST),com.fasterxml.jackson.core.base.ParserMinimalBase;com.fasterxml.jackson.core.json.ReaderBasedJsonParser;com.fasterxml.jackson.core.json.UTF8StreamJsonParser,YES,ParserMinimalBase_ESTest.java;ReaderBasedJsonParser_ESTest.java;UTF8StreamJsonParser_ESTest.java,7575af14789fb03c27527ee5ce643a628b37688bc737cbfe5b6255035909ee6c,READY,
JacksonCore,9,DeepSeek V4 Flash,com.fasterxml.jackson.core.base.ParserMinimalBase;com.fasterxml.jackson.core.json.ReaderBasedJsonParser;com.fasterxml.jackson.core.json.UTF8StreamJsonParser,YES,ParserMinimalBaseDeepseekTest.java;ReaderBasedJsonParserDeepseekTest.java;UTF8StreamJsonParserDeepseekTest.java,00d21801e8848d57d8d2ac229387c06f1e3eae206c9a8c664e07754852f4d304,READY,
JacksonCore,9,Gemini 3.8 Flash,com.fasterxml.jackson.core.base.ParserMinimalBase;com.fasterxml.jackson.core.json.ReaderBasedJsonParser;com.fasterxml.jackson.core.json.UTF8StreamJsonParser,YES,ParserMinimalBaseGeminiTest.java;ReaderBasedJsonParserGeminiTest.java;UTF8StreamJsonParserGeminiTest.java,4e618f451195390f4d3e03293f73c654b3ae8e22a552cb477eed8c8656f67c5a,READY,
JacksonCore,10,IPO (Native IPO),com.fasterxml.jackson.core.sym.ByteQuadsCanonicalizer,NO,,,NO_SUITE,
JacksonCore,10,MIO (EvoSuite SBST),com.fasterxml.jackson.core.sym.ByteQuadsCanonicalizer,YES,ByteQuadsCanonicalizer_ESTest.java,430e1792821d7536003afc4d8db67c16d9e7a47c0decd294e2c904f6d0906642,READY,
JacksonCore,10,DeepSeek V4 Flash,com.fasterxml.jackson.core.sym.ByteQuadsCanonicalizer,YES,ByteQuadsCanonicalizerDeepseekTest.java,2bacd1763b2858a8fa07a7e50ff44f816b8c125bf8cf04c75541b7948e6a3055,READY,
JacksonCore,10,Gemini 3.8 Flash,com.fasterxml.jackson.core.sym.ByteQuadsCanonicalizer,YES,ByteQuadsCanonicalizerGeminiTest.java,294b987144eb09533382e7c9cf678c88515ee28564effa3aa9b5e0e2a9809932,READY,
JacksonCore,11,IPO (Native IPO),com.fasterxml.jackson.core.sym.ByteQuadsCanonicalizer,NO,,,NO_SUITE,
JacksonCore,11,MIO (EvoSuite SBST),com.fasterxml.jackson.core.sym.ByteQuadsCanonicalizer,YES,ByteQuadsCanonicalizer_ESTest.java,f6585ab29060e6ffc87cd56b667f38eb8081e5855ecc6d1de19445a8d5fb81c9,READY,
JacksonCore,11,DeepSeek V4 Flash,com.fasterxml.jackson.core.sym.ByteQuadsCanonicalizer,YES,ByteQuadsCanonicalizerDeepseekTest.java,09e1961ea79413270c6e3e04e107cdf9d8461be8cebb79b11aabc74b1201c9fa,READY,
JacksonCore,11,Gemini 3.8 Flash,com.fasterxml.jackson.core.sym.ByteQuadsCanonicalizer,YES,ByteQuadsCanonicalizerGeminiTest.java,5e7ea9ea332862050acc0e202bcc170488c401dc66749e196e2dc64fac2d6234,READY,
JacksonCore,12,IPO (Native IPO),com.fasterxml.jackson.core.json.ReaderBasedJsonParser;com.fasterxml.jackson.core.json.UTF8StreamJsonParser,YES,UTF8StreamJsonParser_IPOTest.java,d6872c0094bdeed29520ef0c1f1f6dbf191f3ed699e06bcbbb58419a6a1af294,READY,
JacksonCore,12,MIO (EvoSuite SBST),com.fasterxml.jackson.core.json.ReaderBasedJsonParser;com.fasterxml.jackson.core.json.UTF8StreamJsonParser,YES,ReaderBasedJsonParser_ESTest.java;UTF8StreamJsonParser_ESTest.java,4b0a5eb6dda320b681099e964b3987f5fab3ac110f8632d5920b7b7dcb449ce3,READY,
JacksonCore,12,DeepSeek V4 Flash,com.fasterxml.jackson.core.json.ReaderBasedJsonParser;com.fasterxml.jackson.core.json.UTF8StreamJsonParser,YES,ReaderBasedJsonParserDeepseekTest.java;UTF8StreamJsonParserDeepseekTest.java,34f088f3a7548274c2cd1ad9ac5c1fc6e1acd7ec0721069fb3068ecc27c60031,READY,
JacksonCore,12,Gemini 3.8 Flash,com.fasterxml.jackson.core.json.ReaderBasedJsonParser;com.fasterxml.jackson.core.json.UTF8StreamJsonParser,YES,ReaderBasedJsonParserGeminiTest.java;UTF8StreamJsonParserGeminiTest.java,2768247b2cae6426fcb21085f39f60878b15d567c3108a1c590ac43b596107c9,READY,
JacksonCore,13,IPO (Native IPO),com.fasterxml.jackson.core.json.JsonGeneratorImpl,NO,,,NO_SUITE,
JacksonCore,13,MIO (EvoSuite SBST),com.fasterxml.jackson.core.json.JsonGeneratorImpl,YES,JsonGeneratorImpl_ESTest.java,06708e2d85b6e3aa928ef330a8e95e2d6f9006f0e6c10e55f7e0b782a5bfddf8,READY,
JacksonCore,13,DeepSeek V4 Flash,com.fasterxml.jackson.core.json.JsonGeneratorImpl,YES,JsonGeneratorImplDeepseekTest.java,ca57e04552a8088f09586b294ab2e801232b3d8e67ebef806a4402a0f933bb91,READY,
JacksonCore,13,Gemini 3.8 Flash,com.fasterxml.jackson.core.json.JsonGeneratorImpl,YES,JsonGeneratorImplGeminiTest.java,a49e8da23c7e13fb5e15cb936b69da1bb784f80138e0255b66a08ced691e0379,READY,
JacksonCore,14,IPO (Native IPO),com.fasterxml.jackson.core.io.IOContext,NO,,,NO_SUITE,
JacksonCore,14,MIO (EvoSuite SBST),com.fasterxml.jackson.core.io.IOContext,YES,IOContext_ESTest.java,1a02585705cdb3eeb6410e8fc07b26c0dcee501c44d824be5c0a3604049135e7,READY,
JacksonCore,14,DeepSeek V4 Flash,com.fasterxml.jackson.core.io.IOContext,YES,IOContextDeepseekTest.java,b543f5a0718a6c8498ee09278b716906a89d14f2d1528fc11cc3049a210e6b4f,READY,
JacksonCore,14,Gemini 3.8 Flash,com.fasterxml.jackson.core.io.IOContext,YES,IOContextGeminiTest.java,2381a9fbeb4abf7cd12204bf2ebcdef732e4dccece390f4463f0908edcd9b679,READY,
JacksonCore,15,IPO (Native IPO),com.fasterxml.jackson.core.filter.FilteringParserDelegate,NO,,,NO_SUITE,
JacksonCore,15,MIO (EvoSuite SBST),com.fasterxml.jackson.core.filter.FilteringParserDelegate,YES,FilteringParserDelegate_ESTest.java,dddc6986478067f3046cb59dc84845ec5f6dfe7fa7bd20f4cfac30edd3e689c3,READY,
JacksonCore,15,DeepSeek V4 Flash,com.fasterxml.jackson.core.filter.FilteringParserDelegate,YES,FilteringParserDelegateDeepseekTest.java,97ae2bf3c5b5665bf325318d324d547ed05536ebecd4ea4b469a31034fd7847f,READY,
JacksonCore,15,Gemini 3.8 Flash,com.fasterxml.jackson.core.filter.FilteringParserDelegate,YES,FilteringParserDelegateGeminiTest.java,04fe4f200ee73c10137caef8c9a154386435ceaeff830204e216fabee9df3e3c,READY,
JacksonCore,16,IPO (Native IPO),com.fasterxml.jackson.core.util.JsonParserSequence,NO,,,NO_SUITE,
JacksonCore,16,MIO (EvoSuite SBST),com.fasterxml.jackson.core.util.JsonParserSequence,YES,JsonParserSequence_ESTest.java,7c552600420001bb39d2620c5f07eae3746a881cf30ae27d82b3d7a7566cf748,READY,
JacksonCore,16,DeepSeek V4 Flash,com.fasterxml.jackson.core.util.JsonParserSequence,YES,JsonParserSequenceDeepseekTest.java,4ce9d1cef7d4d9d18c698bb7d529bd27b51f032b4e6e6f3ccb25ed39b8a6f8a8,READY,
JacksonCore,16,Gemini 3.8 Flash,com.fasterxml.jackson.core.util.JsonParserSequence,YES,JsonParserSequenceGeminiTest.java,e31cd31565105ea7fc89785df831dcd7885984167086882a26776a6f35b66eea,READY,
JacksonCore,17,IPO (Native IPO),com.fasterxml.jackson.core.json.UTF8JsonGenerator,NO,,,NO_SUITE,
JacksonCore,17,MIO (EvoSuite SBST),com.fasterxml.jackson.core.json.UTF8JsonGenerator,YES,UTF8JsonGenerator_ESTest.java,3b1c299bd81c9ef56a7b0e6f443c7e9fe796c4b5f856e8934529368cf835f49c,READY,
JacksonCore,17,DeepSeek V4 Flash,com.fasterxml.jackson.core.json.UTF8JsonGenerator,YES,UTF8JsonGeneratorDeepseekTest.java,e8bbf1233326861d82f79248f053a725f6c723cff84f9d44bad2633803d48388,READY,
JacksonCore,17,Gemini 3.8 Flash,com.fasterxml.jackson.core.json.UTF8JsonGenerator,YES,UTF8JsonGeneratorGeminiTest.java,26605744733325269c02d3d7cc2faa9c466ad68d39ae027dd155cae6e0dc4abc,READY,
JacksonCore,18,IPO (Native IPO),com.fasterxml.jackson.core.base.GeneratorBase;com.fasterxml.jackson.core.json.UTF8JsonGenerator;com.fasterxml.jackson.core.json.WriterBasedJsonGenerator,NO,,,NO_SUITE,
JacksonCore,18,MIO (EvoSuite SBST),com.fasterxml.jackson.core.base.GeneratorBase;com.fasterxml.jackson.core.json.UTF8JsonGenerator;com.fasterxml.jackson.core.json.WriterBasedJsonGenerator,YES,GeneratorBase_ESTest.java;UTF8JsonGenerator_ESTest.java;WriterBasedJsonGenerator_ESTest.java,c8ff2046e1b30fe02726a94f5bbbfdab9fb6018fba94611aa25a3dcf0b9b8310,READY,
JacksonCore,18,DeepSeek V4 Flash,com.fasterxml.jackson.core.base.GeneratorBase;com.fasterxml.jackson.core.json.UTF8JsonGenerator;com.fasterxml.jackson.core.json.WriterBasedJsonGenerator,YES,GeneratorBaseDeepseekTest.java;UTF8JsonGeneratorDeepseekTest.java;WriterBasedJsonGeneratorDeepseekTest.java,c0dff948905db898f3088a295cb44e8f9521db42791f155ec12601674ef7bb1b,READY,
JacksonCore,18,Gemini 3.8 Flash,com.fasterxml.jackson.core.base.GeneratorBase;com.fasterxml.jackson.core.json.UTF8JsonGenerator;com.fasterxml.jackson.core.json.WriterBasedJsonGenerator,YES,GeneratorBaseGeminiTest.java;UTF8JsonGeneratorGeminiTest.java;WriterBasedJsonGeneratorGeminiTest.java,728d1d78861b545640588ef4a16cfda1c0cecb72c5a5a5b49a8f17c3b02aafcd,READY,
JacksonCore,19,IPO (Native IPO),com.fasterxml.jackson.core.json.ReaderBasedJsonParser;com.fasterxml.jackson.core.json.UTF8StreamJsonParser,YES,UTF8StreamJsonParser_IPOTest.java,d6872c0094bdeed29520ef0c1f1f6dbf191f3ed699e06bcbbb58419a6a1af294,READY,
JacksonCore,19,MIO (EvoSuite SBST),com.fasterxml.jackson.core.json.ReaderBasedJsonParser;com.fasterxml.jackson.core.json.UTF8StreamJsonParser,YES,ReaderBasedJsonParser_ESTest.java;UTF8StreamJsonParser_ESTest.java,ca89db8df08b9762059deaa379eb3c668f73e2b0bafda2dfce669909bbf45e0d,READY,
JacksonCore,19,DeepSeek V4 Flash,com.fasterxml.jackson.core.json.ReaderBasedJsonParser;com.fasterxml.jackson.core.json.UTF8StreamJsonParser,YES,ReaderBasedJsonParserDeepseekTest.java;UTF8StreamJsonParserDeepseekTest.java,bb678ca868c2bd4eca9cdbb7093739d499aad5613f621c1652903919ccc32a9f,READY,
JacksonCore,19,Gemini 3.8 Flash,com.fasterxml.jackson.core.json.ReaderBasedJsonParser;com.fasterxml.jackson.core.json.UTF8StreamJsonParser,YES,ReaderBasedJsonParserGeminiTest.java;UTF8StreamJsonParserGeminiTest.java,522b3d13ccd02881f37c75e4dcfdf007cf3938c3d2b5d31da5793cbb484d32c9,READY,
JacksonCore,20,IPO (Native IPO),com.fasterxml.jackson.core.JsonGenerator,NO,,,NO_SUITE,
JacksonCore,20,MIO (EvoSuite SBST),com.fasterxml.jackson.core.JsonGenerator,YES,JsonGenerator_ESTest.java,0701f667bb8e99ffac4aaad378a450cee6eb28c0870157266140cc56054ab523,READY,
JacksonCore,20,DeepSeek V4 Flash,com.fasterxml.jackson.core.JsonGenerator,YES,JsonGeneratorDeepseekTest.java,e5b3185f513bbf257cdc1663bc2354e678ccb81cd6daa8761974d35f181c7b61,READY,
JacksonCore,20,Gemini 3.8 Flash,com.fasterxml.jackson.core.JsonGenerator,YES,JsonGeneratorGeminiTest.java,363e39485c21005f56b49136b282e7aba555771ef41a33c222bd7694a11942d6,READY,
JacksonCore,21,IPO (Native IPO),com.fasterxml.jackson.core.filter.FilteringParserDelegate,NO,,,NO_SUITE,
JacksonCore,21,MIO (EvoSuite SBST),com.fasterxml.jackson.core.filter.FilteringParserDelegate,YES,FilteringParserDelegate_ESTest.java,abba4af8e7eecb3902c9a1b8ffdc4926b894d29741c77bff29104c4f3196f65d,READY,
JacksonCore,21,DeepSeek V4 Flash,com.fasterxml.jackson.core.filter.FilteringParserDelegate,YES,FilteringParserDelegateDeepseekTest.java,00993f75bd90b1c73310126ee67198239617743bffdccd8bf7a2a8cad5fabb91,READY,
JacksonCore,21,Gemini 3.8 Flash,com.fasterxml.jackson.core.filter.FilteringParserDelegate,YES,FilteringParserDelegateGeminiTest.java,e4bff337b7c2f56a6908a5e17bc5bd6dc58e0365a76547e083bf167fffb7098f,READY,
JacksonCore,22,IPO (Native IPO),com.fasterxml.jackson.core.filter.FilteringParserDelegate,NO,,,NO_SUITE,
JacksonCore,22,MIO (EvoSuite SBST),com.fasterxml.jackson.core.filter.FilteringParserDelegate,YES,FilteringParserDelegate_ESTest.java,68cbd9b1e9657d1a2690d93d1bca58941aaf9422ad04576838ff33b0cd78d916,READY,
JacksonCore,22,DeepSeek V4 Flash,com.fasterxml.jackson.core.filter.FilteringParserDelegate,YES,FilteringParserDelegateDeepseekTest.java,6484aed7919d9cf0340cf8ad34059b75909bc2af79904b4c9a298d06e94451b5,READY,
JacksonCore,22,Gemini 3.8 Flash,com.fasterxml.jackson.core.filter.FilteringParserDelegate,YES,FilteringParserDelegateGeminiTest.java,e7b4ef4790f0a2b6a1051c296c6766b723b79d6839785f37b5ae8ff82f5c5e55,READY,
JacksonCore,23,IPO (Native IPO),com.fasterxml.jackson.core.util.DefaultPrettyPrinter,NO,,,NO_SUITE,
JacksonCore,23,MIO (EvoSuite SBST),com.fasterxml.jackson.core.util.DefaultPrettyPrinter,YES,DefaultPrettyPrinter_ESTest.java,39776c4e4dafbf4918e047c98f6bb3a4347c7065be9f2ec4768cbb2309f8b9b6,READY,
JacksonCore,23,DeepSeek V4 Flash,com.fasterxml.jackson.core.util.DefaultPrettyPrinter,YES,DefaultPrettyPrinterDeepseekTest.java,817c0baf46c8eb54721991cadecbda8379a62a7ec89c45a42d72b47f867dcbe7,READY,
JacksonCore,23,Gemini 3.8 Flash,com.fasterxml.jackson.core.util.DefaultPrettyPrinter,YES,DefaultPrettyPrinterGeminiTest.java,a75e9a704246ffea0b0cd74a45af8ef68cf6d035a8cec93dd63ec973be621aff,READY,
JacksonCore,24,IPO (Native IPO),com.fasterxml.jackson.core.base.ParserBase;com.fasterxml.jackson.core.base.ParserMinimalBase,NO,,,NO_SUITE,
JacksonCore,24,MIO (EvoSuite SBST),com.fasterxml.jackson.core.base.ParserBase;com.fasterxml.jackson.core.base.ParserMinimalBase,YES,ParserBase_ESTest.java;ParserMinimalBase_ESTest.java,8421d811bdf3922950b1e71d6652e7e38a3583de45f1e87a5727b3fb668e1a33,READY,
JacksonCore,24,DeepSeek V4 Flash,com.fasterxml.jackson.core.base.ParserBase;com.fasterxml.jackson.core.base.ParserMinimalBase,YES,ParserBaseDeepseekTest.java;ParserMinimalBaseDeepseekTest.java,e54ba0dc57c0a95753150fcf03f160a7c33c582e3bf9625f2bcd73d4e451af65,READY,
JacksonCore,24,Gemini 3.8 Flash,com.fasterxml.jackson.core.base.ParserBase;com.fasterxml.jackson.core.base.ParserMinimalBase,YES,ParserBaseGeminiTest.java;ParserMinimalBaseGeminiTest.java,4aa89a4f32f3d9afa728643dbd5ed9e0b2716eaf49e635dc8ea6193fbd523a03,READY,
JacksonCore,25,IPO (Native IPO),com.fasterxml.jackson.core.json.ReaderBasedJsonParser,NO,,,NO_SUITE,
JacksonCore,25,MIO (EvoSuite SBST),com.fasterxml.jackson.core.json.ReaderBasedJsonParser,YES,ReaderBasedJsonParser_ESTest.java,4cf6bdef753176103ce6ef457ac2efe6a9632a45e33eee11bc674b5a3ba15639,READY,
JacksonCore,25,DeepSeek V4 Flash,com.fasterxml.jackson.core.json.ReaderBasedJsonParser,NO,,,NO_SUITE,
JacksonCore,25,Gemini 3.8 Flash,com.fasterxml.jackson.core.json.ReaderBasedJsonParser,YES,ReaderBasedJsonParserGeminiTest.java,3bf2f1ee651d923f4a64d867a8e32d3b1ff2ec686eadf64880680549258e8348,READY,
JacksonCore,26,IPO (Native IPO),com.fasterxml.jackson.core.json.async.NonBlockingJsonParser,NO,,,NO_SUITE,
JacksonCore,26,MIO (EvoSuite SBST),com.fasterxml.jackson.core.json.async.NonBlockingJsonParser,YES,NonBlockingJsonParser_ESTest.java,adc66688a44c11965aae5f2bb742ba579d97a787357ceddea62e5e4c3cff3eaf,READY,
JacksonCore,26,DeepSeek V4 Flash,com.fasterxml.jackson.core.json.async.NonBlockingJsonParser,YES,NonBlockingJsonParserDeepseekTest.java,53f287e2e48cea66bb515dffe019a911a5ca39f6b3bf5c81e838ad783e3b1785,READY,
JacksonCore,26,Gemini 3.8 Flash,com.fasterxml.jackson.core.json.async.NonBlockingJsonParser,YES,NonBlockingJsonParserGeminiTest.java,06ea3cc6cead5388d238d8209596441f0764125a8dacc842a439e4c84cc4077e,READY,
JacksonDatabind,1,IPO (Native IPO),com.fasterxml.jackson.databind.ser.BeanPropertyWriter,NO,,,NO_SUITE,
JacksonDatabind,1,MIO (EvoSuite SBST),com.fasterxml.jackson.databind.ser.BeanPropertyWriter,YES,BeanPropertyWriter_ESTest.java,72d0d7ee0a51ddca4b2e23a5295b56e7988fe40e47e9638b33da8a6c417b3b36,READY,
JacksonDatabind,1,DeepSeek V4 Flash,com.fasterxml.jackson.databind.ser.BeanPropertyWriter,YES,BeanPropertyWriterDeepseekTest.java,4a0c19272fef3819475786c1b434ad10583397e3b48c6103ebfd455853f391ee,READY,
JacksonDatabind,1,Gemini 3.8 Flash,com.fasterxml.jackson.databind.ser.BeanPropertyWriter,YES,BeanPropertyWriterGeminiTest.java,2995945f8e20d50ac6ab127398b234c91ac64c7e4eb73952557f663ee02436ff,READY,
JacksonDatabind,2,IPO (Native IPO),com.fasterxml.jackson.databind.util.TokenBuffer,NO,,,NO_SUITE,
JacksonDatabind,2,MIO (EvoSuite SBST),com.fasterxml.jackson.databind.util.TokenBuffer,YES,TokenBuffer_ESTest.java,9967f0cf82bea28ca961c1e2a9473bebb4aabdaa9a62614cc811b096dd460fe6,READY,
JacksonDatabind,2,DeepSeek V4 Flash,com.fasterxml.jackson.databind.util.TokenBuffer,YES,TokenBufferDeepseekTest.java,aecaa5ff3ec682f8159297056449f0f6ef80cc829586e6146f3b01dcda092f9a,READY,
JacksonDatabind,2,Gemini 3.8 Flash,com.fasterxml.jackson.databind.util.TokenBuffer,YES,TokenBufferGeminiTest.java,f17906d9cfd4c1f3a0cec5129177e7539f4d58f8fb610e015ba526726b4ddb94,READY,
JacksonDatabind,3,IPO (Native IPO),com.fasterxml.jackson.databind.deser.std.StringArrayDeserializer,YES,StringArrayDeserializer_IPOTest.java,b4a5d081c4fb59324acc7ba1f33f85a431a3cbba6d02013931f315c1ced819f5,READY,
JacksonDatabind,3,MIO (EvoSuite SBST),com.fasterxml.jackson.databind.deser.std.StringArrayDeserializer,YES,StringArrayDeserializer_ESTest.java,d4f0290234a2381f2c13100d8bf99d80ec628e4d0cfe31b9d29c23bcc35be4b3,READY,
JacksonDatabind,3,DeepSeek V4 Flash,com.fasterxml.jackson.databind.deser.std.StringArrayDeserializer,YES,StringArrayDeserializerDeepseekTest.java,cead13339e4455a0fee746c016c5b81408098870a61334a5458f5bcd8ff6ef25,READY,
JacksonDatabind,3,Gemini 3.8 Flash,com.fasterxml.jackson.databind.deser.std.StringArrayDeserializer,YES,StringArrayDeserializerGeminiTest.java,1123bc59c65eb159bb316d7cee91ae5fe3c86eae34c6b3f06742ec4df6b727f9,READY,
JacksonDatabind,4,IPO (Native IPO),com.fasterxml.jackson.databind.deser.std.StringArrayDeserializer,YES,StringArrayDeserializer_IPOTest.java,9c17e56afa526754f72e6872aac2cac6fa5c99e5dbbe3a82939748430d1ab00f,READY,
JacksonDatabind,4,MIO (EvoSuite SBST),com.fasterxml.jackson.databind.deser.std.StringArrayDeserializer,YES,StringArrayDeserializer_ESTest.java,262873a1fc572999b41f9baee9e2045b6cddced315bdac5b70e435f1834b151f,READY,
JacksonDatabind,4,DeepSeek V4 Flash,com.fasterxml.jackson.databind.deser.std.StringArrayDeserializer,YES,StringArrayDeserializerDeepseekTest.java,5a83a03435d4be8cbf2d31359fa238d176b955b791004934ef4843f778e635b5,READY,
JacksonDatabind,4,Gemini 3.8 Flash,com.fasterxml.jackson.databind.deser.std.StringArrayDeserializer,YES,StringArrayDeserializerGeminiTest.java,bd3d4d85867e1f8dbaf5151d5d16a7b503379dff9c29ee675ee6ca3eeb6c7d4a,READY,
JacksonDatabind,5,IPO (Native IPO),com.fasterxml.jackson.databind.introspect.AnnotatedClass,NO,,,NO_SUITE,
JacksonDatabind,5,MIO (EvoSuite SBST),com.fasterxml.jackson.databind.introspect.AnnotatedClass,YES,AnnotatedClass_ESTest.java,181232612cfd0c536ca854326b914f885979732ae585a4657b71a967c7789511,READY,
JacksonDatabind,5,DeepSeek V4 Flash,com.fasterxml.jackson.databind.introspect.AnnotatedClass,YES,AnnotatedClassDeepseekTest.java,d474021bde3a2117579147f4b0c82a7da554eecac00df4455f8a530881441477,READY,
JacksonDatabind,5,Gemini 3.8 Flash,com.fasterxml.jackson.databind.introspect.AnnotatedClass,YES,AnnotatedClassGeminiTest.java,34aad9ff04d4fabac1023a38079991a5d26f22f0374848cc7c7cfb4824779d85,READY,
JacksonDatabind,6,IPO (Native IPO),com.fasterxml.jackson.databind.util.StdDateFormat,NO,,,NO_SUITE,
JacksonDatabind,6,MIO (EvoSuite SBST),com.fasterxml.jackson.databind.util.StdDateFormat,YES,StdDateFormat_ESTest.java,40ae36f8ab60ad4ce72f595c448ede13b582c95d1bffdefee6bd1d29927b92b7,READY,
JacksonDatabind,6,DeepSeek V4 Flash,com.fasterxml.jackson.databind.util.StdDateFormat,YES,StdDateFormatDeepseekTest.java,9de6dadac350058b281a63ec42d69cca75fcb6855de60ccd2dc969f98c18c453,READY,
JacksonDatabind,6,Gemini 3.8 Flash,com.fasterxml.jackson.databind.util.StdDateFormat,YES,StdDateFormatGeminiTest.java,ee7257725d04ed867bfb4f19483cb716a7e7588f851089ca4545626a3778950c,READY,
JacksonDatabind,7,IPO (Native IPO),com.fasterxml.jackson.databind.util.TokenBuffer,NO,,,NO_SUITE,
JacksonDatabind,7,MIO (EvoSuite SBST),com.fasterxml.jackson.databind.util.TokenBuffer,YES,TokenBuffer_ESTest.java,0f94a576dcdf8cc7573103e87b3d36cf12d3c684325ca3d569e73483a226e6d7,READY,
JacksonDatabind,7,DeepSeek V4 Flash,com.fasterxml.jackson.databind.util.TokenBuffer,YES,TokenBufferDeepseekTest.java,a6ebb46936877341d689a51dd6064963c88390469f4a07a3813b339f8480d2f0,READY,
JacksonDatabind,7,Gemini 3.8 Flash,com.fasterxml.jackson.databind.util.TokenBuffer,YES,TokenBufferGeminiTest.java,d479d2d6a0560c4a2bb598b286800aa697bf88713aff4b87a4a4c6c9b2207923,READY,
JacksonDatabind,8,IPO (Native IPO),com.fasterxml.jackson.databind.deser.impl.CreatorCollector,NO,,,NO_SUITE,
JacksonDatabind,8,MIO (EvoSuite SBST),com.fasterxml.jackson.databind.deser.impl.CreatorCollector,YES,CreatorCollector_ESTest.java,89ced1409ea08d25b8039a48a8c149fc8e60fc6f30f38126c6c9c9c18e9c9962,READY,
JacksonDatabind,8,DeepSeek V4 Flash,com.fasterxml.jackson.databind.deser.impl.CreatorCollector,YES,CreatorCollectorDeepseekTest.java,b4a2920b4e3231a224d21831a87a16f27b74055440c27129899195c436de3446,READY,
JacksonDatabind,8,Gemini 3.8 Flash,com.fasterxml.jackson.databind.deser.impl.CreatorCollector,YES,CreatorCollectorGeminiTest.java,9bb1014de6635aa634eb2f747c2d155240c07a662e7c0655e6d2d7b19a10445e,READY,
JacksonDatabind,9,IPO (Native IPO),com.fasterxml.jackson.databind.ser.std.StdKeySerializer,NO,,,NO_SUITE,
JacksonDatabind,9,MIO (EvoSuite SBST),com.fasterxml.jackson.databind.ser.std.StdKeySerializer,YES,StdKeySerializer_ESTest.java,d22786510a23105c64c3aa65f3252a1e75e5a027c36dc699b57fcc074349a177,READY,
JacksonDatabind,9,DeepSeek V4 Flash,com.fasterxml.jackson.databind.ser.std.StdKeySerializer,YES,StdKeySerializerDeepseekTest.java,ec7b21867b8e16e817dd861d9b4d6ef02f5f287486402773139fb61cb4f45b33,READY,
JacksonDatabind,9,Gemini 3.8 Flash,com.fasterxml.jackson.databind.ser.std.StdKeySerializer,YES,StdKeySerializerGeminiTest.java,35dc7d71998815b7ea18a417adecf2895f4b2cb7c507b345443d24b42b8cce20,READY,
JacksonDatabind,10,IPO (Native IPO),com.fasterxml.jackson.databind.ser.AnyGetterWriter;com.fasterxml.jackson.databind.ser.BeanSerializerFactory,NO,,,NO_SUITE,
JacksonDatabind,10,MIO (EvoSuite SBST),com.fasterxml.jackson.databind.ser.AnyGetterWriter;com.fasterxml.jackson.databind.ser.BeanSerializerFactory,YES,AnyGetterWriter_ESTest.java;BeanSerializerFactory_ESTest.java,9a9205919cbc918b2ffe5a2ef92e3357aa06df02339fb02f2ae0486166747740,READY,
JacksonDatabind,10,DeepSeek V4 Flash,com.fasterxml.jackson.databind.ser.AnyGetterWriter;com.fasterxml.jackson.databind.ser.BeanSerializerFactory,YES,AnyGetterWriterDeepseekTest.java;BeanSerializerFactoryDeepseekTest.java,5b5896ceb538bf4841f254cc75675d5360d255df8c59fff7ead36f0accd1eadd,READY,
JacksonDatabind,10,Gemini 3.8 Flash,com.fasterxml.jackson.databind.ser.AnyGetterWriter;com.fasterxml.jackson.databind.ser.BeanSerializerFactory,YES,AnyGetterWriterGeminiTest.java;BeanSerializerFactoryGeminiTest.java,5f3eb0ececff8fa06a619ec76fe2a7e635619e1d87bc5d6e69df408152f07188,READY,
JacksonDatabind,11,IPO (Native IPO),com.fasterxml.jackson.databind.type.TypeFactory,NO,,,NO_SUITE,
JacksonDatabind,11,MIO (EvoSuite SBST),com.fasterxml.jackson.databind.type.TypeFactory,YES,TypeFactory_ESTest.java,0b99b13e84c5f963d9ccc88c4232e2cd2b24aa66637981857a7bab3468772224,READY,
JacksonDatabind,11,DeepSeek V4 Flash,com.fasterxml.jackson.databind.type.TypeFactory,YES,TypeFactoryDeepseekTest.java,1c8bf78ea78181fb1ac023571beff0aff471c841380b086b9ffff209a43bddd6,READY,
JacksonDatabind,11,Gemini 3.8 Flash,com.fasterxml.jackson.databind.type.TypeFactory,YES,TypeFactoryGeminiTest.java,64648dbc82de3588fd23cdf4c3da1adee58e84c10f4c781f86f416aadaef6a50,READY,
JacksonDatabind,12,IPO (Native IPO),com.fasterxml.jackson.databind.deser.std.MapDeserializer,NO,,,NO_SUITE,
JacksonDatabind,12,MIO (EvoSuite SBST),com.fasterxml.jackson.databind.deser.std.MapDeserializer,YES,MapDeserializer_ESTest.java,1447c9806f195d63ab3c7a78072acce8cd9ab11d5b32c0062cfc862ae5355dfc,READY,
JacksonDatabind,12,DeepSeek V4 Flash,com.fasterxml.jackson.databind.deser.std.MapDeserializer,YES,MapDeserializerDeepseekTest.java,c9619fbdb6f9280059fb74562029b89d4d92b21d43189cea6d15491f03579536,READY,
JacksonDatabind,12,Gemini 3.8 Flash,com.fasterxml.jackson.databind.deser.std.MapDeserializer,YES,MapDeserializerGeminiTest.java,4a432c0b5d48d1c28cec4a0cc09a8d9342e943e53933ed519db27105827b71c8,READY,
JacksonDatabind,13,IPO (Native IPO),com.fasterxml.jackson.databind.deser.DefaultDeserializationContext;com.fasterxml.jackson.databind.deser.impl.ObjectIdValueProperty,NO,,,NO_SUITE,
JacksonDatabind,13,MIO (EvoSuite SBST),com.fasterxml.jackson.databind.deser.DefaultDeserializationContext;com.fasterxml.jackson.databind.deser.impl.ObjectIdValueProperty,YES,DefaultDeserializationContext_ESTest.java;ObjectIdValueProperty_ESTest.java,2d7ed4b61825598fc742abcb9360417467dc7c68b3bde6cabc2a299325bfd3a8,READY,
JacksonDatabind,13,DeepSeek V4 Flash,com.fasterxml.jackson.databind.deser.DefaultDeserializationContext;com.fasterxml.jackson.databind.deser.impl.ObjectIdValueProperty,YES,DefaultDeserializationContextDeepseekTest.java;ObjectIdValuePropertyDeepseekTest.java,d6f01a69a6f14046a1a95277a5f88f148b6d6b6404a7b4525832fbe4e8d78187,READY,
JacksonDatabind,13,Gemini 3.8 Flash,com.fasterxml.jackson.databind.deser.DefaultDeserializationContext;com.fasterxml.jackson.databind.deser.impl.ObjectIdValueProperty,YES,DefaultDeserializationContextGeminiTest.java;ObjectIdValuePropertyGeminiTest.java,661d55d4d9c9af808ec2d03a55acfcd6a83501b8efed36b9ae7203048eb8c4db,READY,
JacksonDatabind,14,IPO (Native IPO),com.fasterxml.jackson.databind.ObjectReader,NO,,,NO_SUITE,
JacksonDatabind,14,MIO (EvoSuite SBST),com.fasterxml.jackson.databind.ObjectReader,YES,ObjectReader_ESTest.java,a18f9f748b848727e72617bff5e1958dcaa48d15f9c04004225ed4739c950185,READY,
JacksonDatabind,14,DeepSeek V4 Flash,com.fasterxml.jackson.databind.ObjectReader,YES,ObjectReaderDeepseekTest.java,5dc775adf097375c397d71153089b942ef6ef1e26b7dd5ba1aa6984e0368de0f,READY,
JacksonDatabind,14,Gemini 3.8 Flash,com.fasterxml.jackson.databind.ObjectReader,YES,ObjectReaderGeminiTest.java,fbbb185085bca63885d99c853612e9d263567408a5ec0af991036a1def6f8924,READY,
JacksonDatabind,15,IPO (Native IPO),com.fasterxml.jackson.databind.JavaType;com.fasterxml.jackson.databind.ser.BeanSerializerFactory;com.fasterxml.jackson.databind.ser.std.BeanSerializerBase;com.fasterxml.jackson.databind.ser.std.StdDelegatingSerializer;com.fasterxml.jackson.databind.ser.std.StdSerializer,NO,,,NO_SUITE,
JacksonDatabind,15,MIO (EvoSuite SBST),com.fasterxml.jackson.databind.JavaType;com.fasterxml.jackson.databind.ser.BeanSerializerFactory;com.fasterxml.jackson.databind.ser.std.BeanSerializerBase;com.fasterxml.jackson.databind.ser.std.StdDelegatingSerializer;com.fasterxml.jackson.databind.ser.std.StdSerializer,YES,BeanSerializerBase_ESTest.java;BeanSerializerFactory_ESTest.java;JavaType_ESTest.java;StdDelegatingSerializer_ESTest.java;StdSerializer_ESTest.java,00a738279d681b265b904a6777d6ddfcc395c26c20eb1f9e5477dba1aafeb272,READY,
JacksonDatabind,15,DeepSeek V4 Flash,com.fasterxml.jackson.databind.JavaType;com.fasterxml.jackson.databind.ser.BeanSerializerFactory;com.fasterxml.jackson.databind.ser.std.BeanSerializerBase;com.fasterxml.jackson.databind.ser.std.StdDelegatingSerializer;com.fasterxml.jackson.databind.ser.std.StdSerializer,YES,BeanSerializerBaseDeepseekTest.java;BeanSerializerFactoryDeepseekTest.java;JavaTypeDeepseekTest.java;StdDelegatingSerializerDeepseekTest.java;StdSerializerDeepseekTest.java,f04288a6b3d2324eab1ab8f5770a731face167ca8b585f6fd2158e385f229d96,READY,
JacksonDatabind,15,Gemini 3.8 Flash,com.fasterxml.jackson.databind.JavaType;com.fasterxml.jackson.databind.ser.BeanSerializerFactory;com.fasterxml.jackson.databind.ser.std.BeanSerializerBase;com.fasterxml.jackson.databind.ser.std.StdDelegatingSerializer;com.fasterxml.jackson.databind.ser.std.StdSerializer,YES,BeanSerializerBaseGeminiTest.java;BeanSerializerFactoryGeminiTest.java;JavaTypeGeminiTest.java;StdDelegatingSerializerGeminiTest.java;StdSerializerGeminiTest.java,d9d35e7bc81334629e6c33aad2bda3097f99c1d575bba817123c14f4e6756fe2,READY,
JacksonDatabind,16,IPO (Native IPO),com.fasterxml.jackson.databind.introspect.AnnotationMap,NO,,,NO_SUITE,
JacksonDatabind,16,MIO (EvoSuite SBST),com.fasterxml.jackson.databind.introspect.AnnotationMap,YES,AnnotationMap_ESTest.java,84c3190bbb4835f0b9629f5dbf8226840062e9ec685efc1edd00a4d81c88cad2,READY,
JacksonDatabind,16,DeepSeek V4 Flash,com.fasterxml.jackson.databind.introspect.AnnotationMap,YES,AnnotationMapDeepseekTest.java,16de352b0e50735d6af31f92ff0e0084bdd78366ebc0a178bce0727171bd6800,READY,
JacksonDatabind,16,Gemini 3.8 Flash,com.fasterxml.jackson.databind.introspect.AnnotationMap,YES,AnnotationMapGeminiTest.java,661dc40d8146c800e77e1b61c478ab82e76bc018e5a2da912ce2c652f61ec870,READY,
JacksonDatabind,17,IPO (Native IPO),com.fasterxml.jackson.databind.ObjectMapper,NO,,,NO_SUITE,
JacksonDatabind,17,MIO (EvoSuite SBST),com.fasterxml.jackson.databind.ObjectMapper,YES,ObjectMapper_ESTest.java,0c6987bb71ffe869171117da93b733da0951621ed490604498e9c0f03cf05cb2,READY,
JacksonDatabind,17,DeepSeek V4 Flash,com.fasterxml.jackson.databind.ObjectMapper,YES,ObjectMapperDeepseekTest.java,cad42c2dbf091e7fcddb1f500eb92c0e7724fc00b8e229e19eaedcc404db75fb,READY,
JacksonDatabind,17,Gemini 3.8 Flash,com.fasterxml.jackson.databind.ObjectMapper,YES,ObjectMapperGeminiTest.java,56c5c5d05d786eda478f0bf68d44729a39cf84408a535c66c5ea0c923832238f,READY,
JacksonDatabind,18,IPO (Native IPO),com.fasterxml.jackson.databind.MappingIterator,NO,,,NO_SUITE,
JacksonDatabind,18,MIO (EvoSuite SBST),com.fasterxml.jackson.databind.MappingIterator,YES,MappingIterator_ESTest.java,6f4dba6c82907883fa5cb71c3fd73cd75981de5379eb816697e9e5d3ffc25e43,READY,
JacksonDatabind,18,DeepSeek V4 Flash,com.fasterxml.jackson.databind.MappingIterator,YES,MappingIteratorDeepseekTest.java,3e7b3e80b49bc4ddcedbe83d69f501d7c09ffd36197c4e045d68af28089c69a7,READY,
JacksonDatabind,18,Gemini 3.8 Flash,com.fasterxml.jackson.databind.MappingIterator,YES,MappingIteratorGeminiTest.java,3af3bb44977a44aca518516491f8a9e5bacb681d2c9f24e6cf83edd48ae518ea,READY,
JacksonDatabind,19,IPO (Native IPO),com.fasterxml.jackson.databind.type.TypeFactory,NO,,,NO_SUITE,
JacksonDatabind,19,MIO (EvoSuite SBST),com.fasterxml.jackson.databind.type.TypeFactory,YES,TypeFactory_ESTest.java,2748872acaea04d534a41e5da66bddc115a75880b246ecdd724d0db169e863f8,READY,
JacksonDatabind,19,DeepSeek V4 Flash,com.fasterxml.jackson.databind.type.TypeFactory,YES,TypeFactoryDeepseekTest.java,2b7c2d9a8f610fb16c2ad7b229509a84fb13eb8819819a344f559cdd40a198a1,READY,
JacksonDatabind,19,Gemini 3.8 Flash,com.fasterxml.jackson.databind.type.TypeFactory,YES,TypeFactoryGeminiTest.java,7cdb289bad0c041f0174328094710610b9463f894e50b4ce7ba129ceed4b4608,READY,
JacksonDatabind,20,IPO (Native IPO),com.fasterxml.jackson.databind.node.ObjectNode,NO,,,NO_SUITE,
JacksonDatabind,20,MIO (EvoSuite SBST),com.fasterxml.jackson.databind.node.ObjectNode,YES,ObjectNode_ESTest.java,cb16addcf2b5a8fa4d2e62f6e4c8ac3f0ff0fac679fe51464d4cec4afce23eca,READY,
JacksonDatabind,20,DeepSeek V4 Flash,com.fasterxml.jackson.databind.node.ObjectNode,YES,ObjectNodeDeepseekTest.java,b16f0616537e40c7be667512297ef89d2a9c93d09aed5ed5fe71e646b6c72756,READY,
JacksonDatabind,20,Gemini 3.8 Flash,com.fasterxml.jackson.databind.node.ObjectNode,YES,ObjectNodeGeminiTest.java,2e0ec2332371a68ab54f2150c34ae53635d058ab071371743f69c019f19e5a3e,READY,
JacksonDatabind,21,IPO (Native IPO),com.fasterxml.jackson.databind.introspect.JacksonAnnotationIntrospector,NO,,,NO_SUITE,
JacksonDatabind,21,MIO (EvoSuite SBST),com.fasterxml.jackson.databind.introspect.JacksonAnnotationIntrospector,YES,JacksonAnnotationIntrospector_ESTest.java,ec141b20f72d9a521a7f1b4e954fd1d407181877a618fba63f74a77d2c228e18,READY,
JacksonDatabind,21,DeepSeek V4 Flash,com.fasterxml.jackson.databind.introspect.JacksonAnnotationIntrospector,YES,JacksonAnnotationIntrospectorDeepseekTest.java,eb1403349eaed886222716e0612d877407d35c034b82aa5896d213a080b31ac4,READY,
JacksonDatabind,21,Gemini 3.8 Flash,com.fasterxml.jackson.databind.introspect.JacksonAnnotationIntrospector,YES,JacksonAnnotationIntrospectorGeminiTest.java,329fbeb897937583ec5525053b13f680ac9b970844f3142d7829c562825c0d32,READY,
JacksonDatabind,22,IPO (Native IPO),com.fasterxml.jackson.databind.ser.BasicSerializerFactory;com.fasterxml.jackson.databind.ser.BeanSerializerFactory,NO,,,NO_SUITE,
JacksonDatabind,22,MIO (EvoSuite SBST),com.fasterxml.jackson.databind.ser.BasicSerializerFactory;com.fasterxml.jackson.databind.ser.BeanSerializerFactory,YES,BasicSerializerFactory_ESTest.java;BeanSerializerFactory_ESTest.java,1c7a29d8b971b77f809467f75c858227d34b4e4eaa9ed4c09c3d88c5add50d66,READY,
JacksonDatabind,22,DeepSeek V4 Flash,com.fasterxml.jackson.databind.ser.BasicSerializerFactory;com.fasterxml.jackson.databind.ser.BeanSerializerFactory,YES,BasicSerializerFactoryDeepseekTest.java;BeanSerializerFactoryDeepseekTest.java,4bd669f90b748522ef227218eae3bee39f4b35cd5e4fc6008013536257141d37,READY,
JacksonDatabind,22,Gemini 3.8 Flash,com.fasterxml.jackson.databind.ser.BasicSerializerFactory;com.fasterxml.jackson.databind.ser.BeanSerializerFactory,YES,BasicSerializerFactoryGeminiTest.java;BeanSerializerFactoryGeminiTest.java,e6af2cc6fa3ccd1584f2aa70a9c7058de795bce77abba740efe30e8d3ab5c263,READY,
JacksonDatabind,23,IPO (Native IPO),com.fasterxml.jackson.databind.ser.std.NumberSerializers,NO,,,NO_SUITE,
JacksonDatabind,23,MIO (EvoSuite SBST),com.fasterxml.jackson.databind.ser.std.NumberSerializers,YES,NumberSerializers_ESTest.java,b93a6498a07c0f5cdc6225f813e24848345b5cefbe4239908b8af959b9518639,READY,
JacksonDatabind,23,DeepSeek V4 Flash,com.fasterxml.jackson.databind.ser.std.NumberSerializers,YES,NumberSerializersDeepseekTest.java,0c3291212750152e78d430af25119625e118da8e7183fdd398204cd78a8f6a4f,READY,
JacksonDatabind,23,Gemini 3.8 Flash,com.fasterxml.jackson.databind.ser.std.NumberSerializers,YES,NumberSerializersGeminiTest.java,0992a75bf4ae472b7f8cca451e4f3eeb7431ab66006d0409c419c9d46e3632e4,READY,
JacksonDatabind,24,IPO (Native IPO),com.fasterxml.jackson.databind.cfg.BaseSettings,NO,,,NO_SUITE,
JacksonDatabind,24,MIO (EvoSuite SBST),com.fasterxml.jackson.databind.cfg.BaseSettings,NO,,,NO_SUITE,
JacksonDatabind,24,DeepSeek V4 Flash,com.fasterxml.jackson.databind.cfg.BaseSettings,YES,BaseSettingsDeepseekTest.java,ac050dd439ba0cd41d7fdb32d3e74e05727832b3797dc46bcedc0567ced41ffe,READY,
JacksonDatabind,24,Gemini 3.8 Flash,com.fasterxml.jackson.databind.cfg.BaseSettings,YES,BaseSettingsGeminiTest.java,a1a46f0185d303592bf772f5a050eb2ba90c1ac23ba946de16c712ad55817e42,READY,
JacksonDatabind,25,IPO (Native IPO),com.fasterxml.jackson.databind.deser.BasicDeserializerFactory;com.fasterxml.jackson.databind.deser.DeserializerCache;com.fasterxml.jackson.databind.jsontype.impl.TypeDeserializerBase;com.fasterxml.jackson.databind.module.SimpleAbstractTypeResolver,NO,,,NO_SUITE,
JacksonDatabind,25,MIO (EvoSuite SBST),com.fasterxml.jackson.databind.deser.BasicDeserializerFactory;com.fasterxml.jackson.databind.deser.DeserializerCache;com.fasterxml.jackson.databind.jsontype.impl.TypeDeserializerBase;com.fasterxml.jackson.databind.module.SimpleAbstractTypeResolver,YES,BasicDeserializerFactory_ESTest.java;DeserializerCache_ESTest.java;SimpleAbstractTypeResolver_ESTest.java;TypeDeserializerBase_ESTest.java,c01120d9dadaf715f5a8a9f6ef2ea636b5e79263250809e0ff8cda7f97e978d1,READY,
JacksonDatabind,25,DeepSeek V4 Flash,com.fasterxml.jackson.databind.deser.BasicDeserializerFactory;com.fasterxml.jackson.databind.deser.DeserializerCache;com.fasterxml.jackson.databind.jsontype.impl.TypeDeserializerBase;com.fasterxml.jackson.databind.module.SimpleAbstractTypeResolver,YES,BasicDeserializerFactoryDeepseekTest.java;DeserializerCacheDeepseekTest.java;SimpleAbstractTypeResolverDeepseekTest.java;TypeDeserializerBaseDeepseekTest.java,b6592ef20d8da1c653733710c696bafe1845ac79607d22a7a9faea0c2fa1a7c5,READY,
JacksonDatabind,25,Gemini 3.8 Flash,com.fasterxml.jackson.databind.deser.BasicDeserializerFactory;com.fasterxml.jackson.databind.deser.DeserializerCache;com.fasterxml.jackson.databind.jsontype.impl.TypeDeserializerBase;com.fasterxml.jackson.databind.module.SimpleAbstractTypeResolver,YES,BasicDeserializerFactoryGeminiTest.java;DeserializerCacheGeminiTest.java;SimpleAbstractTypeResolverGeminiTest.java;TypeDeserializerBaseGeminiTest.java,9adb8f4233bc1b5e4ffa6ed84233e6512f88e049835d62da3be01f6860b056eb,READY,
JacksonDatabind,26,IPO (Native IPO),com.fasterxml.jackson.databind.ser.BeanPropertyWriter,NO,,,NO_SUITE,
JacksonDatabind,26,MIO (EvoSuite SBST),com.fasterxml.jackson.databind.ser.BeanPropertyWriter,YES,BeanPropertyWriter_ESTest.java,f2299b74102a44913256b7c67aae5ea9b891d75333ce21f98bf06e5d21e0e897,READY,
JacksonDatabind,26,DeepSeek V4 Flash,com.fasterxml.jackson.databind.ser.BeanPropertyWriter,YES,BeanPropertyWriterDeepseekTest.java,14755e8cf5cd8811d1fe6784b754e916d6141e1bde07eda694bf1e7e6615b1c2,READY,
JacksonDatabind,26,Gemini 3.8 Flash,com.fasterxml.jackson.databind.ser.BeanPropertyWriter,YES,BeanPropertyWriterGeminiTest.java,b4169a9576cf6a52fab8599fafad139175de3a59808a1226b3f47e63b77e2d52,READY,
JacksonDatabind,27,IPO (Native IPO),com.fasterxml.jackson.databind.deser.BeanDeserializer,NO,,,NO_SUITE,
JacksonDatabind,27,MIO (EvoSuite SBST),com.fasterxml.jackson.databind.deser.BeanDeserializer,YES,BeanDeserializer_ESTest.java,a7f90335821052a6ca65fa2ee2ad92c8889d46e1b096f3bc5fd7384167699964,READY,
JacksonDatabind,27,DeepSeek V4 Flash,com.fasterxml.jackson.databind.deser.BeanDeserializer,YES,BeanDeserializerDeepseekTest.java,e32ff990781360c47d086cf91809c43b88632dbefaf717c9fd4b7e617ad4355e,READY,
JacksonDatabind,27,Gemini 3.8 Flash,com.fasterxml.jackson.databind.deser.BeanDeserializer,YES,BeanDeserializerGeminiTest.java,44fb4491726aa03fd509608e3a0093f0963d91b67e2754e44b6d682f64dd40ae,READY,
JacksonDatabind,28,IPO (Native IPO),com.fasterxml.jackson.databind.deser.std.JsonNodeDeserializer,NO,,,NO_SUITE,
JacksonDatabind,28,MIO (EvoSuite SBST),com.fasterxml.jackson.databind.deser.std.JsonNodeDeserializer,YES,JsonNodeDeserializer_ESTest.java,71b0ab8edfda9efa69337bc31166cd3bb7b2067b3004f7ca6fb4dcbb99bc6fea,READY,
JacksonDatabind,28,DeepSeek V4 Flash,com.fasterxml.jackson.databind.deser.std.JsonNodeDeserializer,YES,JsonNodeDeserializerDeepseekTest.java,bc2a92f67e4a4cd24a1206d68ba93581d91f112fcc0aa71ad8620d6d1f28204b,READY,
JacksonDatabind,28,Gemini 3.8 Flash,com.fasterxml.jackson.databind.deser.std.JsonNodeDeserializer,YES,JsonNodeDeserializerGeminiTest.java,92d248bedba0d59249967ff43574b20f08ecfdcfd9e93a4144e2fa47f692c044,READY,
JacksonDatabind,29,IPO (Native IPO),com.fasterxml.jackson.databind.deser.impl.ExternalTypeHandler,NO,,,NO_SUITE,
JacksonDatabind,29,MIO (EvoSuite SBST),com.fasterxml.jackson.databind.deser.impl.ExternalTypeHandler,YES,ExternalTypeHandler_ESTest.java,d61f93f23842d20ecb4488e94b958aa72cb758b3e29513a879de0de16bf6126a,READY,
JacksonDatabind,29,DeepSeek V4 Flash,com.fasterxml.jackson.databind.deser.impl.ExternalTypeHandler,YES,ExternalTypeHandlerDeepseekTest.java,02ddae82356dfaf31a695ff02fe7f1dae5a1fe2816d945cbe3ea53746d7a29a6,READY,
JacksonDatabind,29,Gemini 3.8 Flash,com.fasterxml.jackson.databind.deser.impl.ExternalTypeHandler,YES,ExternalTypeHandlerGeminiTest.java,f495bbd4384f805a30e5cd8e1265acfaa6f33bf21ad6dfc85247ab6b4bd821ea,READY,
JacksonDatabind,30,IPO (Native IPO),com.fasterxml.jackson.databind.ObjectMapper;com.fasterxml.jackson.databind.util.TokenBuffer,YES,TokenBuffer_IPOTest.java,2fbcc6d48c0220dfd61c89b46e338b067924a4430717f9e72b7e9cd2f6210604,READY,
JacksonDatabind,30,MIO (EvoSuite SBST),com.fasterxml.jackson.databind.ObjectMapper;com.fasterxml.jackson.databind.util.TokenBuffer,YES,ObjectMapper_ESTest.java;TokenBuffer_ESTest.java;TokenBuffer_ESTest.java,0fa4fbeb8363fee8bc0a6c13f071390af9adeed3495ed2d246ef3be852abaef9,READY,
JacksonDatabind,30,DeepSeek V4 Flash,com.fasterxml.jackson.databind.ObjectMapper;com.fasterxml.jackson.databind.util.TokenBuffer,YES,ObjectMapperDeepseekTest.java;TokenBufferDeepseekTest.java,a4d0a148408790ab6930f6ac9ed21a17e51914c31bd20a3672854089d92d7090,READY,
JacksonDatabind,30,Gemini 3.8 Flash,com.fasterxml.jackson.databind.ObjectMapper;com.fasterxml.jackson.databind.util.TokenBuffer,YES,ObjectMapperGeminiTest.java;TokenBufferGeminiTest.java,26953c0642ba1a4f0fa1682ef0e9c35b88271135ecb813f0e04bf3b19a2fe2ae,READY,
JacksonDatabind,31,IPO (Native IPO),com.fasterxml.jackson.databind.util.TokenBuffer,YES,TokenBuffer_IPOTest.java,2fbcc6d48c0220dfd61c89b46e338b067924a4430717f9e72b7e9cd2f6210604,READY,
JacksonDatabind,31,MIO (EvoSuite SBST),com.fasterxml.jackson.databind.util.TokenBuffer,YES,TokenBuffer_ESTest.java;TokenBuffer_ESTest.java,48f5e56c562ac527a45e30789beeeb74cedd0b23cdf1a96ca70a89d77afa507a,READY,
JacksonDatabind,31,DeepSeek V4 Flash,com.fasterxml.jackson.databind.util.TokenBuffer,YES,TokenBufferDeepseekTest.java,601b3866a97e1a05b2d006cd16e31927b700cf62426cfc0aeef90bf3d2885ada,READY,
JacksonDatabind,31,Gemini 3.8 Flash,com.fasterxml.jackson.databind.util.TokenBuffer,YES,TokenBufferGeminiTest.java,7a8f8dc243bd19ee4102086817a15aee27fad0fc0276ce0618928c9a22e04dd7,READY,
JacksonDatabind,32,IPO (Native IPO),com.fasterxml.jackson.databind.deser.std.UntypedObjectDeserializer,YES,UntypedObjectDeserializer_IPOTest.java,85384d529efd0bff62c4dbd6f1884f040f72e26bff2863064ed921b4869889d9,READY,
JacksonDatabind,32,MIO (EvoSuite SBST),com.fasterxml.jackson.databind.deser.std.UntypedObjectDeserializer,YES,UntypedObjectDeserializer_ESTest.java,7995aaec1e11da4fc8be98d9c0ecbacfde97943dd86603b0af7f9a9a987e27a2,READY,
JacksonDatabind,32,DeepSeek V4 Flash,com.fasterxml.jackson.databind.deser.std.UntypedObjectDeserializer,YES,UntypedObjectDeserializerDeepseekTest.java,c284666165f3c4939de09a3cb9ea7674fda2b44352801e8fb45794f6e7850bbb,READY,
JacksonDatabind,32,Gemini 3.8 Flash,com.fasterxml.jackson.databind.deser.std.UntypedObjectDeserializer,YES,UntypedObjectDeserializerGeminiTest.java,03251e4200ecce3a00927382ea6d1ba0429faa39b1c9d9340f27bb9bd38acbf3,READY,
JacksonDatabind,33,IPO (Native IPO),com.fasterxml.jackson.databind.introspect.JacksonAnnotationIntrospector,NO,,,NO_SUITE,
JacksonDatabind,33,MIO (EvoSuite SBST),com.fasterxml.jackson.databind.introspect.JacksonAnnotationIntrospector,YES,JacksonAnnotationIntrospector_ESTest.java,c2f6a12bcd7047964555829a308f6aac6fde42295200a1fe610821e6ab1370aa,READY,
JacksonDatabind,33,DeepSeek V4 Flash,com.fasterxml.jackson.databind.introspect.JacksonAnnotationIntrospector,YES,JacksonAnnotationIntrospectorDeepseekTest.java,7807fd184a5ae15f51cb8c19d7feac8fbd32d98748b67dc81786987c895c8157,READY,
JacksonDatabind,33,Gemini 3.8 Flash,com.fasterxml.jackson.databind.introspect.JacksonAnnotationIntrospector,YES,JacksonAnnotationIntrospectorGeminiTest.java,76364f2c73795ae4dff3e9d7bc10691e781c990c04164ee093ba91b713b092f7,READY,
JacksonDatabind,34,IPO (Native IPO),com.fasterxml.jackson.databind.ser.std.NumberSerializer,NO,,,NO_SUITE,
JacksonDatabind,34,MIO (EvoSuite SBST),com.fasterxml.jackson.databind.ser.std.NumberSerializer,YES,NumberSerializer_ESTest.java,71e67cc6eea0244481ed578718a9fafe2eeb26da40f14f2c21a8eff3d01beed2,READY,
JacksonDatabind,34,DeepSeek V4 Flash,com.fasterxml.jackson.databind.ser.std.NumberSerializer,YES,NumberSerializerDeepseekTest.java,f139f270aee2ae9d8c9754bfe7236663e127131a18b54ac59df40bcc77e5ad7f,READY,
JacksonDatabind,34,Gemini 3.8 Flash,com.fasterxml.jackson.databind.ser.std.NumberSerializer,YES,NumberSerializerGeminiTest.java,49b13c7509d973b4bfa303f937ee1b40e12502a4bfabad835e977342d5ceebec,READY,
JacksonDatabind,35,IPO (Native IPO),com.fasterxml.jackson.databind.jsontype.impl.AsWrapperTypeDeserializer,NO,,,NO_SUITE,
JacksonDatabind,35,MIO (EvoSuite SBST),com.fasterxml.jackson.databind.jsontype.impl.AsWrapperTypeDeserializer,YES,AsWrapperTypeDeserializer_ESTest.java,a9b5e24c4cbf02684c4157f15d1db3d587158863741b0d3d3c8c21d095f7070c,READY,
JacksonDatabind,35,DeepSeek V4 Flash,com.fasterxml.jackson.databind.jsontype.impl.AsWrapperTypeDeserializer,YES,AsWrapperTypeDeserializerDeepseekTest.java,567dc798d0daa869f5174e4b4e8dc9979f792cecafcddd06a32ae5b706297668,READY,
JacksonDatabind,35,Gemini 3.8 Flash,com.fasterxml.jackson.databind.jsontype.impl.AsWrapperTypeDeserializer,YES,AsWrapperTypeDeserializerGeminiTest.java,a4685d408acb5b22b8e7f8ea5bd8d5e0562c3b0fc3abe9cb0516881ddcb2eb39,READY,
JacksonDatabind,36,IPO (Native IPO),com.fasterxml.jackson.databind.util.StdDateFormat,NO,,,NO_SUITE,
JacksonDatabind,36,MIO (EvoSuite SBST),com.fasterxml.jackson.databind.util.StdDateFormat,YES,StdDateFormat_ESTest.java,9b659d1916a47755472586f98af15a5c4c78b2e37104bc4017f2e335fac51577,READY,
JacksonDatabind,36,DeepSeek V4 Flash,com.fasterxml.jackson.databind.util.StdDateFormat,YES,StdDateFormatDeepseekTest.java,1f93a0629cf933ffe1876c6273272766bc569b076204c97f04e2d3f7dcbcdde2,READY,
JacksonDatabind,36,Gemini 3.8 Flash,com.fasterxml.jackson.databind.util.StdDateFormat,YES,StdDateFormatGeminiTest.java,5c8ddde95971dc722e9d804607d212f86245713f8ff81fefbca4758bac57cd90,READY,
JacksonDatabind,37,IPO (Native IPO),com.fasterxml.jackson.databind.type.SimpleType,YES,SimpleType_IPOTest.java,f9cc2828053b5820dc5138b7dabcd900ff57e9e1a719158e3976d10a5ce9a841,READY,
JacksonDatabind,37,MIO (EvoSuite SBST),com.fasterxml.jackson.databind.type.SimpleType,YES,SimpleType_ESTest.java,e11000541671d26f1e73810573f1ebf49df9c62ee515939283c9dd17a5f68e54,READY,
JacksonDatabind,37,DeepSeek V4 Flash,com.fasterxml.jackson.databind.type.SimpleType,YES,SimpleTypeDeepseekTest.java,b4c6174ee92ac2cb72a94de5f01c9b38dee82b7f4b5ecde0a04506144ecca70b,READY,
JacksonDatabind,37,Gemini 3.8 Flash,com.fasterxml.jackson.databind.type.SimpleType,YES,SimpleTypeGeminiTest.java,6f60e3f442136f25a388e25110b92dbce7f8649e2d8b8809f669d24374dbf275,READY,
JacksonDatabind,38,IPO (Native IPO),com.fasterxml.jackson.databind.type.CollectionType;com.fasterxml.jackson.databind.type.MapType;com.fasterxml.jackson.databind.type.SimpleType,YES,SimpleType_IPOTest.java,f9cc2828053b5820dc5138b7dabcd900ff57e9e1a719158e3976d10a5ce9a841,READY,
JacksonDatabind,38,MIO (EvoSuite SBST),com.fasterxml.jackson.databind.type.CollectionType;com.fasterxml.jackson.databind.type.MapType;com.fasterxml.jackson.databind.type.SimpleType,YES,CollectionType_ESTest.java;MapType_ESTest.java;SimpleType_ESTest.java,612f0ea92e58aae31a446cecfb67f90fb21d71fd869081b9ab82c8740221a1e3,READY,
JacksonDatabind,38,DeepSeek V4 Flash,com.fasterxml.jackson.databind.type.CollectionType;com.fasterxml.jackson.databind.type.MapType;com.fasterxml.jackson.databind.type.SimpleType,YES,CollectionTypeDeepseekTest.java;MapTypeDeepseekTest.java;SimpleTypeDeepseekTest.java,4e5dc6ca4c4ddf2d05b90c6e1077c093792a999a5e3ea550b81904ffa0ff1fc8,READY,
JacksonDatabind,38,Gemini 3.8 Flash,com.fasterxml.jackson.databind.type.CollectionType;com.fasterxml.jackson.databind.type.MapType;com.fasterxml.jackson.databind.type.SimpleType,YES,CollectionTypeGeminiTest.java;MapTypeGeminiTest.java;SimpleTypeGeminiTest.java,f5099818e35db3f0ffa2b686ff79d0cec096060808021f9b3efe9157850c92a8,READY,
JacksonDatabind,39,IPO (Native IPO),com.fasterxml.jackson.databind.deser.std.NullifyingDeserializer,NO,,,NO_SUITE,
JacksonDatabind,39,MIO (EvoSuite SBST),com.fasterxml.jackson.databind.deser.std.NullifyingDeserializer,YES,NullifyingDeserializer_ESTest.java,be4e97c0c37bc21002ee5e3df2ed5ad9a9030221bffd250b68d67a2c0a395518,READY,
JacksonDatabind,39,DeepSeek V4 Flash,com.fasterxml.jackson.databind.deser.std.NullifyingDeserializer,YES,NullifyingDeserializerDeepseekTest.java,547bdca044fde1b8e4c4b621f498ccc4fc459e4246d65fcab9635f1b68c3b13c,READY,
JacksonDatabind,39,Gemini 3.8 Flash,com.fasterxml.jackson.databind.deser.std.NullifyingDeserializer,YES,NullifyingDeserializerGeminiTest.java,4257f78d1f7a45dd7cec3e21a8da53b0e35f414dc7774a43bacd639c09815670,READY,
JacksonDatabind,40,IPO (Native IPO),com.fasterxml.jackson.databind.deser.std.NumberDeserializers,NO,,,NO_SUITE,
JacksonDatabind,40,MIO (EvoSuite SBST),com.fasterxml.jackson.databind.deser.std.NumberDeserializers,YES,NumberDeserializers_ESTest.java,317e0439af8541a8a07a9abccdd7eb9907e0433a91655b09d18cff8bd4f06448,READY,
JacksonDatabind,40,DeepSeek V4 Flash,com.fasterxml.jackson.databind.deser.std.NumberDeserializers,YES,NumberDeserializersDeepseekTest.java,28e55218adee8201803111063f2a08406d1d6e1744a69fb51a263d6eccc70197,READY,
JacksonDatabind,40,Gemini 3.8 Flash,com.fasterxml.jackson.databind.deser.std.NumberDeserializers,YES,NumberDeserializersGeminiTest.java,d661abd13dd8398cd7f18e749ad1bbecb76684f4c1f64e8951a3c76a08574f4e,READY,
JacksonDatabind,41,IPO (Native IPO),com.fasterxml.jackson.databind.type.TypeFactory,NO,,,NO_SUITE,
JacksonDatabind,41,MIO (EvoSuite SBST),com.fasterxml.jackson.databind.type.TypeFactory,YES,TypeFactory_ESTest.java,b3fb58fb842ac5bf6202cea68a9a204c557f7d56cc0b70c5a3fae1aa33c94afe,READY,
JacksonDatabind,41,DeepSeek V4 Flash,com.fasterxml.jackson.databind.type.TypeFactory,YES,TypeFactoryDeepseekTest.java,7a6a7661117a3947905c457ae6842f96451e11715671a9e4c1883da436ed91f9,READY,
JacksonDatabind,41,Gemini 3.8 Flash,com.fasterxml.jackson.databind.type.TypeFactory,YES,TypeFactoryGeminiTest.java,f982bc20c37e0c28bdca03932ca6554500e4893d04427ab612db2835bb02780a,READY,
JacksonDatabind,42,IPO (Native IPO),com.fasterxml.jackson.databind.deser.std.FromStringDeserializer,NO,,,NO_SUITE,
JacksonDatabind,42,MIO (EvoSuite SBST),com.fasterxml.jackson.databind.deser.std.FromStringDeserializer,YES,FromStringDeserializer_ESTest.java,a08619f2eed0f2b4a472e07747d45bfabae901cf1a01bb34a7a30dc02bdbcfd2,READY,
JacksonDatabind,42,DeepSeek V4 Flash,com.fasterxml.jackson.databind.deser.std.FromStringDeserializer,YES,FromStringDeserializerDeepseekTest.java,baf85c7657e957689ded2ffa36b78ee329bb25e18a5135dfcd2895fb3f88f9bb,READY,
JacksonDatabind,42,Gemini 3.8 Flash,com.fasterxml.jackson.databind.deser.std.FromStringDeserializer,YES,FromStringDeserializerGeminiTest.java,4cbf830a1e5717a4d56f1fb8f0627c9701e29725021d6e0cb7f7b7ad09154764,READY,
JacksonDatabind,43,IPO (Native IPO),com.fasterxml.jackson.databind.deser.impl.ObjectIdValueProperty,NO,,,NO_SUITE,
JacksonDatabind,43,MIO (EvoSuite SBST),com.fasterxml.jackson.databind.deser.impl.ObjectIdValueProperty,YES,ObjectIdValueProperty_ESTest.java,64010df47038e4b7864f1ea3bb008e07dad3d2d28a371742d88b40b8f194bc04,READY,
JacksonDatabind,43,DeepSeek V4 Flash,com.fasterxml.jackson.databind.deser.impl.ObjectIdValueProperty,YES,ObjectIdValuePropertyDeepseekTest.java,a846cd803dbf44ba522ca9c20940b6392caffe21641ed5f4cabf3bfc77a9c4ed,READY,
JacksonDatabind,43,Gemini 3.8 Flash,com.fasterxml.jackson.databind.deser.impl.ObjectIdValueProperty,YES,ObjectIdValuePropertyGeminiTest.java,c287390b968a314b6826c759ac10a15058d1f9f8c708f9e51acfe70f5a3ff5db,READY,
JacksonDatabind,44,IPO (Native IPO),com.fasterxml.jackson.databind.type.SimpleType,YES,SimpleType_IPOTest.java,f9cc2828053b5820dc5138b7dabcd900ff57e9e1a719158e3976d10a5ce9a841,READY,
JacksonDatabind,44,MIO (EvoSuite SBST),com.fasterxml.jackson.databind.type.SimpleType,YES,SimpleType_ESTest.java,6c754375c70b38812a08da0ae52650fc03c9a5afb046e0620b76e0d3442cd1f1,READY,
JacksonDatabind,44,DeepSeek V4 Flash,com.fasterxml.jackson.databind.type.SimpleType,YES,SimpleTypeDeepseekTest.java,0a75b4a17b25396aa9951e89d0e71004001c6ff7441c06d657a3645c843ad69d,READY,
JacksonDatabind,44,Gemini 3.8 Flash,com.fasterxml.jackson.databind.type.SimpleType,YES,SimpleTypeGeminiTest.java,c0e356ebf157f5d92791775aafb88bc7c012742b8d6d19343518a5ffc149976e,READY,
JacksonDatabind,45,IPO (Native IPO),com.fasterxml.jackson.databind.ser.std.DateTimeSerializerBase,NO,,,NO_SUITE,
JacksonDatabind,45,MIO (EvoSuite SBST),com.fasterxml.jackson.databind.ser.std.DateTimeSerializerBase,YES,DateTimeSerializerBase_ESTest.java,f9815bc3a0be80719e16d750acb51556e2ccdb59c139b9f9b5028e6c933c929a,READY,
JacksonDatabind,45,DeepSeek V4 Flash,com.fasterxml.jackson.databind.ser.std.DateTimeSerializerBase,YES,DateTimeSerializerBaseDeepseekTest.java,ef78818aa81b1cbff8198ab2230aa1763ea0e55c0c9782f7d8438f8351a63eb5,READY,
JacksonDatabind,45,Gemini 3.8 Flash,com.fasterxml.jackson.databind.ser.std.DateTimeSerializerBase,YES,DateTimeSerializerBaseGeminiTest.java,3b4476a203534b7dfee3ec128900ebb5622b3a4e6967a675db27ea5c98685534,READY,
JacksonDatabind,46,IPO (Native IPO),com.fasterxml.jackson.databind.type.ReferenceType,YES,ReferenceType_IPOTest.java,4cb8a51f26ce03396acdc1647b906fcf64596b5dea310a01e37542f1f45ee836,READY,
JacksonDatabind,46,MIO (EvoSuite SBST),com.fasterxml.jackson.databind.type.ReferenceType,YES,ReferenceType_ESTest.java,38f5d1ae0fdab6ed5c621c0e14a320bf6ec52c301ed2687fc343e1b3eb0f36ae,READY,
JacksonDatabind,46,DeepSeek V4 Flash,com.fasterxml.jackson.databind.type.ReferenceType,YES,ReferenceTypeDeepseekTest.java,6fff2a7f65ae5b08f562a1bfa3a5cb09285c86528591cc6e7f42fbc3a615e12a,READY,
JacksonDatabind,46,Gemini 3.8 Flash,com.fasterxml.jackson.databind.type.ReferenceType,YES,ReferenceTypeGeminiTest.java,7abfa0a1f1659d0fa3806f6e2e054a7fb6e9a4dcbd714ad11d73a45c5e9fd78d,READY,
JacksonDatabind,47,IPO (Native IPO),com.fasterxml.jackson.databind.AnnotationIntrospector,NO,,,NO_SUITE,
JacksonDatabind,47,MIO (EvoSuite SBST),com.fasterxml.jackson.databind.AnnotationIntrospector,YES,AnnotationIntrospector_ESTest.java,81abf9d87acb57a3827ea54177df78d7ac3aa121c29c2d104dedb6a4d4ba0941,READY,
JacksonDatabind,47,DeepSeek V4 Flash,com.fasterxml.jackson.databind.AnnotationIntrospector,YES,AnnotationIntrospectorDeepseekTest.java,870b7f2a2986be6f79b958ce11b40716092046ce794498cceff6b5d5d2c32d6d,READY,
JacksonDatabind,47,Gemini 3.8 Flash,com.fasterxml.jackson.databind.AnnotationIntrospector,YES,AnnotationIntrospectorGeminiTest.java,5adad29ec05b4a3c09420812fd82b06d1a449fc51acc21aae3fe62630f416505,READY,
JacksonDatabind,48,IPO (Native IPO),com.fasterxml.jackson.databind.DeserializationConfig;com.fasterxml.jackson.databind.SerializationConfig,NO,,,NO_SUITE,
JacksonDatabind,48,MIO (EvoSuite SBST),com.fasterxml.jackson.databind.DeserializationConfig;com.fasterxml.jackson.databind.SerializationConfig,YES,DeserializationConfig_ESTest.java;SerializationConfig_ESTest.java,b4caf5f761c0813717f44ef266f438da6b63078fcce588520aa390c57456273b,READY,
JacksonDatabind,48,DeepSeek V4 Flash,com.fasterxml.jackson.databind.DeserializationConfig;com.fasterxml.jackson.databind.SerializationConfig,YES,DeserializationConfigDeepseekTest.java;SerializationConfigDeepseekTest.java,18c6b663072f64410ba0819430d1608e84792a988f2bfc5abb92a3981d364a6e,READY,
JacksonDatabind,48,Gemini 3.8 Flash,com.fasterxml.jackson.databind.DeserializationConfig;com.fasterxml.jackson.databind.SerializationConfig,YES,DeserializationConfigGeminiTest.java;SerializationConfigGeminiTest.java,501fce2a1b993bf9c96a6720ecc102dbe8d84fab10a26800fdc5bb914af447b5,READY,
JacksonDatabind,49,IPO (Native IPO),com.fasterxml.jackson.databind.ser.impl.WritableObjectId,NO,,,NO_SUITE,
JacksonDatabind,49,MIO (EvoSuite SBST),com.fasterxml.jackson.databind.ser.impl.WritableObjectId,YES,WritableObjectId_ESTest.java,f9643be7dc774ec90e01543f7ce7eaea04de796080424fbdaad227b712efd411,READY,
JacksonDatabind,49,DeepSeek V4 Flash,com.fasterxml.jackson.databind.ser.impl.WritableObjectId,YES,WritableObjectIdDeepseekTest.java,d91569472be71912933efca8ffa4bafb98e0d602119700c89f2503daf5914737,READY,
JacksonDatabind,49,Gemini 3.8 Flash,com.fasterxml.jackson.databind.ser.impl.WritableObjectId,YES,WritableObjectIdGeminiTest.java,f4e0240728c4301071e46c93acdc8bef0efef0803ff4080c2ee353f573e0d657,READY,
JacksonDatabind,50,IPO (Native IPO),com.fasterxml.jackson.databind.deser.BeanDeserializer,NO,,,NO_SUITE,
JacksonDatabind,50,MIO (EvoSuite SBST),com.fasterxml.jackson.databind.deser.BeanDeserializer,YES,BeanDeserializer_ESTest.java,c98924e266b49c0e528afc4ffdb57d3df4270cc61949f0406b2bdf268742967f,READY,
JacksonDatabind,50,DeepSeek V4 Flash,com.fasterxml.jackson.databind.deser.BeanDeserializer,YES,BeanDeserializerDeepseekTest.java,337dae3b979f44e9b96cd61da39346570d4d7123fed6c6088b3888a5ca58f119,READY,
JacksonDatabind,50,Gemini 3.8 Flash,com.fasterxml.jackson.databind.deser.BeanDeserializer,YES,BeanDeserializerGeminiTest.java,c3b2d2d6a63e52f253467751cec594bef259b78ef3420f047390add4033079ce,READY,
JacksonDatabind,51,IPO (Native IPO),com.fasterxml.jackson.databind.jsontype.impl.TypeDeserializerBase,NO,,,NO_SUITE,
JacksonDatabind,51,MIO (EvoSuite SBST),com.fasterxml.jackson.databind.jsontype.impl.TypeDeserializerBase,YES,TypeDeserializerBase_ESTest.java,4bc32f8821d0dc2e488679ad5aabbcb722facfdf1c001248519bc46fedd4e0e0,READY,
JacksonDatabind,51,DeepSeek V4 Flash,com.fasterxml.jackson.databind.jsontype.impl.TypeDeserializerBase,YES,TypeDeserializerBaseDeepseekTest.java,108ef7f82248c3117b1162086fc60a7e6a7f0410d7e5ce7385b85c8fec6db91c,READY,
JacksonDatabind,51,Gemini 3.8 Flash,com.fasterxml.jackson.databind.jsontype.impl.TypeDeserializerBase,YES,TypeDeserializerBaseGeminiTest.java,670751cfd0e1a52a9d8d3917cd8bda98136d32b19e1b1ab9f1ccc1f731947d56,READY,
JacksonDatabind,52,IPO (Native IPO),com.fasterxml.jackson.databind.deser.BeanDeserializerBase;com.fasterxml.jackson.databind.deser.impl.ExternalTypeHandler,NO,,,NO_SUITE,
JacksonDatabind,52,MIO (EvoSuite SBST),com.fasterxml.jackson.databind.deser.BeanDeserializerBase;com.fasterxml.jackson.databind.deser.impl.ExternalTypeHandler,YES,BeanDeserializerBase_ESTest.java;ExternalTypeHandler_ESTest.java,d76a94cbaffc95cbbd70a079d64d54185c0d544a432400b6d35be5e06ef2baa9,READY,
JacksonDatabind,52,DeepSeek V4 Flash,com.fasterxml.jackson.databind.deser.BeanDeserializerBase;com.fasterxml.jackson.databind.deser.impl.ExternalTypeHandler,YES,BeanDeserializerBaseDeepseekTest.java;ExternalTypeHandlerDeepseekTest.java,8b0b7648dc8f5574b9952f848b614e388d376d752059828794ca1d2c0b321a46,READY,
JacksonDatabind,52,Gemini 3.8 Flash,com.fasterxml.jackson.databind.deser.BeanDeserializerBase;com.fasterxml.jackson.databind.deser.impl.ExternalTypeHandler,YES,BeanDeserializerBaseGeminiTest.java;ExternalTypeHandlerGeminiTest.java,47fb70e32450d88f779f5fffa44a2d3015a92a0a31f8da621262a9261240fa1a,READY,
JacksonDatabind,53,IPO (Native IPO),com.fasterxml.jackson.databind.type.TypeBindings;com.fasterxml.jackson.databind.type.TypeFactory,YES,TypeBindings_IPOTest.java,11cf10cf57a78498044dbddcc6abc926cb66c540fe1d7c0b967cc67754eab8cb,READY,
JacksonDatabind,53,MIO (EvoSuite SBST),com.fasterxml.jackson.databind.type.TypeBindings;com.fasterxml.jackson.databind.type.TypeFactory,YES,TypeBindings_ESTest.java;TypeFactory_ESTest.java,9c3b557a2d758ca0fb685fc679fae3d586cac1241e9e87f2f02d709c2bec4b19,READY,
JacksonDatabind,53,DeepSeek V4 Flash,com.fasterxml.jackson.databind.type.TypeBindings;com.fasterxml.jackson.databind.type.TypeFactory,YES,TypeBindingsDeepseekTest.java;TypeFactoryDeepseekTest.java,80a4758008d047620de0e83bde00080c25ba4e4e808a879f62f8aebf523094ab,READY,
JacksonDatabind,53,Gemini 3.8 Flash,com.fasterxml.jackson.databind.type.TypeBindings;com.fasterxml.jackson.databind.type.TypeFactory,YES,TypeBindingsGeminiTest.java;TypeFactoryGeminiTest.java,dd5c0e67244a2526df03661c880ee22e2a5adcb44dcf79e077cdef31af56b803,READY,
JacksonDatabind,54,IPO (Native IPO),com.fasterxml.jackson.databind.ser.PropertyBuilder,NO,,,NO_SUITE,
JacksonDatabind,54,MIO (EvoSuite SBST),com.fasterxml.jackson.databind.ser.PropertyBuilder,YES,PropertyBuilder_ESTest.java,b708467559c9dea309c0c629e3215353532c671e9a9a275d5990b88d9510fc64,READY,
JacksonDatabind,54,DeepSeek V4 Flash,com.fasterxml.jackson.databind.ser.PropertyBuilder,YES,PropertyBuilderDeepseekTest.java,58a1cfdb7372951ad488022e894005c8bc5a52f7d0276fb2c3666def612aaf42,READY,
JacksonDatabind,54,Gemini 3.8 Flash,com.fasterxml.jackson.databind.ser.PropertyBuilder,YES,PropertyBuilderGeminiTest.java,13e040398b0efb6d888d3c81b7fa5efe43359bb7f5384b27c216a9cbafd7234b,READY,
JacksonDatabind,55,IPO (Native IPO),com.fasterxml.jackson.databind.ser.std.StdKeySerializers,NO,,,NO_SUITE,
JacksonDatabind,55,MIO (EvoSuite SBST),com.fasterxml.jackson.databind.ser.std.StdKeySerializers,YES,StdKeySerializers_ESTest.java,05f3f271f83e808bb0f4a19059fd537adaa1df954c4c8ac29e212821f1a79d42,READY,
JacksonDatabind,55,DeepSeek V4 Flash,com.fasterxml.jackson.databind.ser.std.StdKeySerializers,YES,StdKeySerializersDeepseekTest.java,32e50e8514e828e28f387910bd27fecf6ba4fb99b253321dfcca242ae5c53f98,READY,
JacksonDatabind,55,Gemini 3.8 Flash,com.fasterxml.jackson.databind.ser.std.StdKeySerializers,YES,StdKeySerializersGeminiTest.java,855920df52b5d42cbcd5554632fc119f32b7767e97952873a463784c82cf75d3,READY,
JacksonDatabind,56,IPO (Native IPO),com.fasterxml.jackson.databind.deser.std.FromStringDeserializer,NO,,,NO_SUITE,
JacksonDatabind,56,MIO (EvoSuite SBST),com.fasterxml.jackson.databind.deser.std.FromStringDeserializer,YES,FromStringDeserializer_ESTest.java,faaf338a9734562b9fa247515ce8b9be5b2010dfc7272e12f2f98cece5d5353f,READY,
JacksonDatabind,56,DeepSeek V4 Flash,com.fasterxml.jackson.databind.deser.std.FromStringDeserializer,YES,FromStringDeserializerDeepseekTest.java,ffc16ad50782da7a560b1609af6bbcbf5751800eea739909d707cbb411edb0e7,READY,
JacksonDatabind,56,Gemini 3.8 Flash,com.fasterxml.jackson.databind.deser.std.FromStringDeserializer,YES,FromStringDeserializerGeminiTest.java,19f9a0a20e1731a686f0323b6172626423500fe622b69a9185a68ea6061ada3d,READY,
JacksonDatabind,57,IPO (Native IPO),com.fasterxml.jackson.databind.ObjectReader,NO,,,NO_SUITE,
JacksonDatabind,57,MIO (EvoSuite SBST),com.fasterxml.jackson.databind.ObjectReader,YES,ObjectReader_ESTest.java,383a82c0a561694b1612a76a6bd6dfdffdfe4644c38d5ba5e3e4082c35daf0a5,READY,
JacksonDatabind,57,DeepSeek V4 Flash,com.fasterxml.jackson.databind.ObjectReader,YES,ObjectReaderDeepseekTest.java,ff934405f2f24d382ba5f60d1cc731576bd417e4cacd7bc0b93904524a57b00e,READY,
JacksonDatabind,57,Gemini 3.8 Flash,com.fasterxml.jackson.databind.ObjectReader,YES,ObjectReaderGeminiTest.java,c38c1a43c2dd9656168e9c7ba035187755683c4fc1fe48845b60392c56eec50a,READY,
JacksonDatabind,58,IPO (Native IPO),com.fasterxml.jackson.databind.deser.BeanDeserializerFactory,NO,,,NO_SUITE,
JacksonDatabind,58,MIO (EvoSuite SBST),com.fasterxml.jackson.databind.deser.BeanDeserializerFactory,YES,BeanDeserializerFactory_ESTest.java,c41cf94f669bcf99c5f12cde111c0d2e9d3c2b1dcd1e662caf23e3c8fb616b00,READY,
JacksonDatabind,58,DeepSeek V4 Flash,com.fasterxml.jackson.databind.deser.BeanDeserializerFactory,YES,BeanDeserializerFactoryDeepseekTest.java,d8572fe1a9cc6438579f4013d43faa376379750f247dc0c4b28201179391e918,READY,
JacksonDatabind,58,Gemini 3.8 Flash,com.fasterxml.jackson.databind.deser.BeanDeserializerFactory,YES,BeanDeserializerFactoryGeminiTest.java,d38d1e8bb17e1c7b6d6e9ae4270b0625f06fa9fb3e84ca9208eb5f4b105fcd7d,READY,
JacksonDatabind,59,IPO (Native IPO),com.fasterxml.jackson.databind.JavaType;com.fasterxml.jackson.databind.type.CollectionLikeType;com.fasterxml.jackson.databind.type.MapLikeType;com.fasterxml.jackson.databind.type.TypeFactory,NO,,,NO_SUITE,
JacksonDatabind,59,MIO (EvoSuite SBST),com.fasterxml.jackson.databind.JavaType;com.fasterxml.jackson.databind.type.CollectionLikeType;com.fasterxml.jackson.databind.type.MapLikeType;com.fasterxml.jackson.databind.type.TypeFactory,YES,CollectionLikeType_ESTest.java;JavaType_ESTest.java;MapLikeType_ESTest.java;TypeFactory_ESTest.java,a20d8dfd3e45343366a3d1b7978c398de05c5f73a17f70299982a239ed0dbade,READY,
JacksonDatabind,59,DeepSeek V4 Flash,com.fasterxml.jackson.databind.JavaType;com.fasterxml.jackson.databind.type.CollectionLikeType;com.fasterxml.jackson.databind.type.MapLikeType;com.fasterxml.jackson.databind.type.TypeFactory,YES,CollectionLikeTypeDeepseekTest.java;JavaTypeDeepseekTest.java;MapLikeTypeDeepseekTest.java;TypeFactoryDeepseekTest.java,2598d764f9325f6e33cb9d815c089b46b9f6c4bec536416080010baa22b85c60,READY,
JacksonDatabind,59,Gemini 3.8 Flash,com.fasterxml.jackson.databind.JavaType;com.fasterxml.jackson.databind.type.CollectionLikeType;com.fasterxml.jackson.databind.type.MapLikeType;com.fasterxml.jackson.databind.type.TypeFactory,YES,CollectionLikeTypeGeminiTest.java;JavaTypeGeminiTest.java;MapLikeTypeGeminiTest.java;TypeFactoryGeminiTest.java,51b27367e821bc70628dec5008cc8a245cc91ccfb760d164bdc72220627fbdad,READY,
JacksonDatabind,60,IPO (Native IPO),com.fasterxml.jackson.databind.ser.std.JsonValueSerializer,NO,,,NO_SUITE,
JacksonDatabind,60,MIO (EvoSuite SBST),com.fasterxml.jackson.databind.ser.std.JsonValueSerializer,YES,JsonValueSerializer_ESTest.java,5b227cc0a78f4886f37233c1a4db678b32fc69a365f21c700c3a6fa789727502,READY,
JacksonDatabind,60,DeepSeek V4 Flash,com.fasterxml.jackson.databind.ser.std.JsonValueSerializer,YES,JsonValueSerializerDeepseekTest.java,dce5b036c2c41d6671743c992666dbbff705e1ced60c4c4f820630b816f86abf,READY,
JacksonDatabind,60,Gemini 3.8 Flash,com.fasterxml.jackson.databind.ser.std.JsonValueSerializer,YES,JsonValueSerializerGeminiTest.java,a2aab565584b9b28b9b4a89a9dbbb9ce11d63747067612cda066c85da5d2ec68,READY,
JacksonDatabind,61,IPO (Native IPO),com.fasterxml.jackson.databind.ObjectMapper;com.fasterxml.jackson.databind.jsontype.impl.StdTypeResolverBuilder,NO,,,NO_SUITE,
JacksonDatabind,61,MIO (EvoSuite SBST),com.fasterxml.jackson.databind.ObjectMapper;com.fasterxml.jackson.databind.jsontype.impl.StdTypeResolverBuilder,YES,ObjectMapper_ESTest.java;StdTypeResolverBuilder_ESTest.java,386605e6a089f1ea1f30df71884023172e6f8beced3acbfe658b653ca4887ee9,READY,
JacksonDatabind,61,DeepSeek V4 Flash,com.fasterxml.jackson.databind.ObjectMapper;com.fasterxml.jackson.databind.jsontype.impl.StdTypeResolverBuilder,YES,ObjectMapperDeepseekTest.java;StdTypeResolverBuilderDeepseekTest.java,bad83026130bae0cedcd138062d8d1818feee214562272a3a5861909890e4a1a,READY,
JacksonDatabind,61,Gemini 3.8 Flash,com.fasterxml.jackson.databind.ObjectMapper;com.fasterxml.jackson.databind.jsontype.impl.StdTypeResolverBuilder,YES,ObjectMapperGeminiTest.java;StdTypeResolverBuilderGeminiTest.java,f0728b1d1ad47c6b0dd5e34eb437f77de42ba0465f846c3e349238c44db9bda7,READY,
JacksonDatabind,62,IPO (Native IPO),com.fasterxml.jackson.databind.deser.std.CollectionDeserializer,NO,,,NO_SUITE,
JacksonDatabind,62,MIO (EvoSuite SBST),com.fasterxml.jackson.databind.deser.std.CollectionDeserializer,YES,CollectionDeserializer_ESTest.java,45d624f6917f42f2a9d5fac55ebaa5fdd208f67bbe09d46631477109400ad621,READY,
JacksonDatabind,62,DeepSeek V4 Flash,com.fasterxml.jackson.databind.deser.std.CollectionDeserializer,YES,CollectionDeserializerDeepseekTest.java,3ae72afb6a65d87e81e95552f3f711787c379dfc74b4415e0fd0d73bc783d6a0,READY,
JacksonDatabind,62,Gemini 3.8 Flash,com.fasterxml.jackson.databind.deser.std.CollectionDeserializer,YES,CollectionDeserializerGeminiTest.java,a9b07bb1be949ee6a23f77a29d97bd43b6baaf81ec8298695993b9047305ebd8,READY,
JacksonDatabind,63,IPO (Native IPO),com.fasterxml.jackson.databind.JsonMappingException,NO,,,NO_SUITE,
JacksonDatabind,63,MIO (EvoSuite SBST),com.fasterxml.jackson.databind.JsonMappingException,YES,JsonMappingException_ESTest.java,b9df0c59b582792dc221a154f0480367a5bce8277e8fcc797f7ea7102beb31ef,READY,
JacksonDatabind,63,DeepSeek V4 Flash,com.fasterxml.jackson.databind.JsonMappingException,YES,JsonMappingExceptionDeepseekTest.java,9cecb12aa0c6e223b01f79a51a5ff288a5dc3687b183b41e47d66b3126058374,READY,
JacksonDatabind,63,Gemini 3.8 Flash,com.fasterxml.jackson.databind.JsonMappingException,YES,JsonMappingExceptionGeminiTest.java,4d9e9e36272bc8a9c1df33b4c1cb8df15b597c809d0f37619fa483cc2f7e7414,READY,
JacksonDatabind,64,IPO (Native IPO),com.fasterxml.jackson.databind.ser.PropertyBuilder,NO,,,NO_SUITE,
JacksonDatabind,64,MIO (EvoSuite SBST),com.fasterxml.jackson.databind.ser.PropertyBuilder,YES,PropertyBuilder_ESTest.java,5bfab5f4b2b40948471ebb9ed6a3f24771f0fb9958bcd9ff2f50b582e91c20cb,READY,
JacksonDatabind,64,DeepSeek V4 Flash,com.fasterxml.jackson.databind.ser.PropertyBuilder,YES,PropertyBuilderDeepseekTest.java,9975cf38ad00a87bdbb54bb220fec52255d73bbfe2a46bf151abc7813980be17,READY,
JacksonDatabind,64,Gemini 3.8 Flash,com.fasterxml.jackson.databind.ser.PropertyBuilder,YES,PropertyBuilderGeminiTest.java,f5500d58e2b2f61d24abf873ebbdab9449a47046e73e55354ec1d90fd4e99b66,READY,
JacksonDatabind,66,IPO (Native IPO),com.fasterxml.jackson.databind.deser.std.StdKeyDeserializer,YES,StdKeyDeserializer_IPOTest.java,88e1e65e1a5599f78e12fdec6156f8eb3224d4186438e7aa6862b4085679aa84,READY,
JacksonDatabind,66,MIO (EvoSuite SBST),com.fasterxml.jackson.databind.deser.std.StdKeyDeserializer,YES,StdKeyDeserializer_ESTest.java,f7dfadfebbda7da740516d757dcc3425d9d2b0e91a6a5e78fbd42747b660d999,READY,
JacksonDatabind,66,DeepSeek V4 Flash,com.fasterxml.jackson.databind.deser.std.StdKeyDeserializer,YES,StdKeyDeserializerDeepseekTest.java,ba8982a177340b08edd390e2bbb56cd4d12a04de2a810c44ddf7277cb0672581,READY,
JacksonDatabind,66,Gemini 3.8 Flash,com.fasterxml.jackson.databind.deser.std.StdKeyDeserializer,YES,StdKeyDeserializerGeminiTest.java,f8bf498189d08efd73a7242d302cab018d74b3cef96b34c7f5da5384d1dfb5b7,READY,
JacksonDatabind,67,IPO (Native IPO),com.fasterxml.jackson.databind.deser.BasicDeserializerFactory,NO,,,NO_SUITE,
JacksonDatabind,67,MIO (EvoSuite SBST),com.fasterxml.jackson.databind.deser.BasicDeserializerFactory,YES,BasicDeserializerFactory_ESTest.java,715e3588116f8b9d747bb5e478d16c6aa2619a39476b6fb6445800500643f27e,READY,
JacksonDatabind,67,DeepSeek V4 Flash,com.fasterxml.jackson.databind.deser.BasicDeserializerFactory,YES,BasicDeserializerFactoryDeepseekTest.java,6273d1ea9e25054ba741c91f99c53019f47af5e6079bd288c37852f622999b7c,READY,
JacksonDatabind,67,Gemini 3.8 Flash,com.fasterxml.jackson.databind.deser.BasicDeserializerFactory,YES,BasicDeserializerFactoryGeminiTest.java,64973d29a57e97a50138167e6f710a7976c056ed1cb78c531d0d2b72719d90e6,READY,
JacksonDatabind,68,IPO (Native IPO),com.fasterxml.jackson.databind.deser.BeanDeserializerBase,NO,,,NO_SUITE,
JacksonDatabind,68,MIO (EvoSuite SBST),com.fasterxml.jackson.databind.deser.BeanDeserializerBase,YES,BeanDeserializerBase_ESTest.java,3deb3c1a7722b0e6739b3f7f06a518e78e808dfb0a6bc7d547031ce7d198408a,READY,
JacksonDatabind,68,DeepSeek V4 Flash,com.fasterxml.jackson.databind.deser.BeanDeserializerBase,YES,BeanDeserializerBaseDeepseekTest.java,5068c3820a06ecd5548db9b44c4186df4d012c03e499881373b8c32e59ceb020,READY,
JacksonDatabind,68,Gemini 3.8 Flash,com.fasterxml.jackson.databind.deser.BeanDeserializerBase,YES,BeanDeserializerBaseGeminiTest.java,1ebba6b62440e0f78ee4ea445f5acca30a824ca5eb09e6bfbbafa35d594c35e0,READY,
JacksonDatabind,69,IPO (Native IPO),com.fasterxml.jackson.databind.deser.impl.CreatorCollector,NO,,,NO_SUITE,
JacksonDatabind,69,MIO (EvoSuite SBST),com.fasterxml.jackson.databind.deser.impl.CreatorCollector,YES,CreatorCollector_ESTest.java,6d5a7e3191b99cd908f18bf5de1b17e7cc0122cdb59da0c52650c036b5a1a395,READY,
JacksonDatabind,69,DeepSeek V4 Flash,com.fasterxml.jackson.databind.deser.impl.CreatorCollector,YES,CreatorCollectorDeepseekTest.java,fe9d0e8f23b286ecf63e8fe242cd48be102cd6da85707f7ea0317c3588e1822f,READY,
JacksonDatabind,69,Gemini 3.8 Flash,com.fasterxml.jackson.databind.deser.impl.CreatorCollector,YES,CreatorCollectorGeminiTest.java,1d0a188aaaf0343662f411d3e0fa9b3c0b0a856c6bba9ed98a68d575f61edc16,READY,
JacksonDatabind,70,IPO (Native IPO),com.fasterxml.jackson.databind.deser.impl.BeanPropertyMap,NO,,,NO_SUITE,
JacksonDatabind,70,MIO (EvoSuite SBST),com.fasterxml.jackson.databind.deser.impl.BeanPropertyMap,YES,BeanPropertyMap_ESTest.java,1b790cfca146265e3e6ed33c597dd1d806dfb0cb2bc36091136f10b4cea28752,READY,
JacksonDatabind,70,DeepSeek V4 Flash,com.fasterxml.jackson.databind.deser.impl.BeanPropertyMap,YES,BeanPropertyMapDeepseekTest.java,a79c69be0b7f9a65a1c6744ff5d0bb97cc628a0c87f7ea4458892ff2753afb9f,READY,
JacksonDatabind,70,Gemini 3.8 Flash,com.fasterxml.jackson.databind.deser.impl.BeanPropertyMap,YES,BeanPropertyMapGeminiTest.java,c92368786a2bdc9d0a015900f8422e5d3f2039054979d2099283b59135cce4d6,READY,
JacksonDatabind,71,IPO (Native IPO),com.fasterxml.jackson.databind.deser.std.StdKeyDeserializer,YES,StdKeyDeserializer_IPOTest.java,88e1e65e1a5599f78e12fdec6156f8eb3224d4186438e7aa6862b4085679aa84,READY,
JacksonDatabind,71,MIO (EvoSuite SBST),com.fasterxml.jackson.databind.deser.std.StdKeyDeserializer,YES,StdKeyDeserializer_ESTest.java,e9cc62083d2775ad80af8de44b8ba506e6d27cab8622b1030aa3d81d6f09fe6d,READY,
JacksonDatabind,71,DeepSeek V4 Flash,com.fasterxml.jackson.databind.deser.std.StdKeyDeserializer,YES,StdKeyDeserializerDeepseekTest.java,ec2e5e0b56dd88af97071fee74e8df8aa9008fa73070cfda30d8d467c46727a7,READY,
JacksonDatabind,71,Gemini 3.8 Flash,com.fasterxml.jackson.databind.deser.std.StdKeyDeserializer,YES,StdKeyDeserializerGeminiTest.java,476712278fcea37b83fc27d8bf471188a0ea4f97a5f478d82e73555bd2646eee,READY,
JacksonDatabind,72,IPO (Native IPO),com.fasterxml.jackson.databind.deser.impl.InnerClassProperty,NO,,,NO_SUITE,
JacksonDatabind,72,MIO (EvoSuite SBST),com.fasterxml.jackson.databind.deser.impl.InnerClassProperty,YES,InnerClassProperty_ESTest.java,e818d7b07271669073780aef934b3f8dc644c6e60e817adef4731d1b8ff262e4,READY,
JacksonDatabind,72,DeepSeek V4 Flash,com.fasterxml.jackson.databind.deser.impl.InnerClassProperty,YES,InnerClassPropertyDeepseekTest.java,3bd01eed0f41d8ff0d1eb1ac8b45135540015801829018b06320e8593b88a398,READY,
JacksonDatabind,72,Gemini 3.8 Flash,com.fasterxml.jackson.databind.deser.impl.InnerClassProperty,YES,InnerClassPropertyGeminiTest.java,a0cce9ac4582dd2c629ef7065e49ca652218291239aede2b6888934bed8fa43d,READY,
JacksonDatabind,73,IPO (Native IPO),com.fasterxml.jackson.databind.introspect.POJOPropertiesCollector;com.fasterxml.jackson.databind.introspect.POJOPropertyBuilder,NO,,,NO_SUITE,
JacksonDatabind,73,MIO (EvoSuite SBST),com.fasterxml.jackson.databind.introspect.POJOPropertiesCollector;com.fasterxml.jackson.databind.introspect.POJOPropertyBuilder,YES,POJOPropertyBuilder_ESTest.java,c5edefa68cb8815ed503de69476a77848a193b6d18194d80744dc12df711beb7,READY,
JacksonDatabind,73,DeepSeek V4 Flash,com.fasterxml.jackson.databind.introspect.POJOPropertiesCollector;com.fasterxml.jackson.databind.introspect.POJOPropertyBuilder,YES,POJOPropertiesCollectorDeepseekTest.java;POJOPropertyBuilderDeepseekTest.java,3f5b5f86310b38d4c615fa99f3779c06725c44e57fe371d23646753dc51db40f,READY,
JacksonDatabind,73,Gemini 3.8 Flash,com.fasterxml.jackson.databind.introspect.POJOPropertiesCollector;com.fasterxml.jackson.databind.introspect.POJOPropertyBuilder,YES,POJOPropertiesCollectorGeminiTest.java;POJOPropertyBuilderGeminiTest.java,265f57fafcd20794e073499eb97136e32d5e677480dac12ef887c7605f43ce53,READY,
JacksonDatabind,74,IPO (Native IPO),com.fasterxml.jackson.databind.jsontype.impl.AsPropertyTypeDeserializer,NO,,,NO_SUITE,
JacksonDatabind,74,MIO (EvoSuite SBST),com.fasterxml.jackson.databind.jsontype.impl.AsPropertyTypeDeserializer,YES,AsPropertyTypeDeserializer_ESTest.java,be59e6fc2c86165eb29dfbdba2c18f3d94d0b6dfd8bfa45dcf7d05a3faf2aa7b,READY,
JacksonDatabind,74,DeepSeek V4 Flash,com.fasterxml.jackson.databind.jsontype.impl.AsPropertyTypeDeserializer,YES,AsPropertyTypeDeserializerDeepseekTest.java,48a963867928c78e4f8f4a4a454e7669e5c4d57c26bae608c8d6e85c6dc2965c,READY,
JacksonDatabind,74,Gemini 3.8 Flash,com.fasterxml.jackson.databind.jsontype.impl.AsPropertyTypeDeserializer,YES,AsPropertyTypeDeserializerGeminiTest.java,f7821cb6ca1f77d7dd94a9acb1217aa078982aa34794cebfc5f0d0e281038338,READY,
JacksonDatabind,75,IPO (Native IPO),com.fasterxml.jackson.databind.ser.std.EnumSerializer,NO,,,NO_SUITE,
JacksonDatabind,75,MIO (EvoSuite SBST),com.fasterxml.jackson.databind.ser.std.EnumSerializer,YES,EnumSerializer_ESTest.java,e83c905403d8da81f4adefbd4bfa27e1d8eb0c604cf3ee9d6d9b9c9af57811fa,READY,
JacksonDatabind,75,DeepSeek V4 Flash,com.fasterxml.jackson.databind.ser.std.EnumSerializer,YES,EnumSerializerDeepseekTest.java,ed33f18ba596bc969719e60637b437dd11c1635cb37f51a2c18d873e1736d720,READY,
JacksonDatabind,75,Gemini 3.8 Flash,com.fasterxml.jackson.databind.ser.std.EnumSerializer,YES,EnumSerializerGeminiTest.java,37efa066e8f063183f71ac2d4e663872f20df638bb3415beaeb235c466c8312c,READY,
JacksonDatabind,76,IPO (Native IPO),com.fasterxml.jackson.databind.deser.BuilderBasedDeserializer,NO,,,NO_SUITE,
JacksonDatabind,76,MIO (EvoSuite SBST),com.fasterxml.jackson.databind.deser.BuilderBasedDeserializer,YES,BuilderBasedDeserializer_ESTest.java,c58a766c43230ff48d7cf135a2b8bafc3c007e58128d620caeeea62c3dd7ebd3,READY,
JacksonDatabind,76,DeepSeek V4 Flash,com.fasterxml.jackson.databind.deser.BuilderBasedDeserializer,YES,BuilderBasedDeserializerDeepseekTest.java,24c86770bf89fa7806b61feb8499b0a1ffb2a1941744f3cad410af5b1a13228f,READY,
JacksonDatabind,76,Gemini 3.8 Flash,com.fasterxml.jackson.databind.deser.BuilderBasedDeserializer,YES,BuilderBasedDeserializerGeminiTest.java,7a0829367fe16cb286c19d3fa8be23fb460049365288cd5eab771fb275a410c9,READY,
JacksonDatabind,77,IPO (Native IPO),com.fasterxml.jackson.databind.deser.BeanDeserializerFactory,NO,,,NO_SUITE,
JacksonDatabind,77,MIO (EvoSuite SBST),com.fasterxml.jackson.databind.deser.BeanDeserializerFactory,YES,BeanDeserializerFactory_ESTest.java,0bb80f1736245b80272c3801452092051ae75eb9fc44ca4edaa1171137cda376,READY,
JacksonDatabind,77,DeepSeek V4 Flash,com.fasterxml.jackson.databind.deser.BeanDeserializerFactory,YES,BeanDeserializerFactoryDeepseekTest.java,ce761715fd5fc3dd19eac0b23bf0b4207ee8c41aa87985675fb47e8eb04db8fc,READY,
JacksonDatabind,77,Gemini 3.8 Flash,com.fasterxml.jackson.databind.deser.BeanDeserializerFactory,YES,BeanDeserializerFactoryGeminiTest.java,c7fef9e1b3654d31a07cdf5ecbc668cfcf30a9c4521f4c6445f7eecf66d15e75,READY,
JacksonDatabind,78,IPO (Native IPO),com.fasterxml.jackson.databind.deser.BeanDeserializerFactory,NO,,,NO_SUITE,
JacksonDatabind,78,MIO (EvoSuite SBST),com.fasterxml.jackson.databind.deser.BeanDeserializerFactory,YES,BeanDeserializerFactory_ESTest.java,34e07609fa132939810e0a2866a692cee52adaba4d34c9a136d89154756dbbf2,READY,
JacksonDatabind,78,DeepSeek V4 Flash,com.fasterxml.jackson.databind.deser.BeanDeserializerFactory,YES,BeanDeserializerFactoryDeepseekTest.java,0cafbb2bbfbb44f0c1ce46e231e1817c9041a32d9ef9821c12c966f018de7b00,READY,
JacksonDatabind,78,Gemini 3.8 Flash,com.fasterxml.jackson.databind.deser.BeanDeserializerFactory,YES,BeanDeserializerFactoryGeminiTest.java,8216e7d82c9a7704f753947de1fa772ae118dd6175163ec9613dc25ca4a4ce59,READY,
JacksonDatabind,79,IPO (Native IPO),com.fasterxml.jackson.databind.introspect.JacksonAnnotationIntrospector;com.fasterxml.jackson.databind.introspect.ObjectIdInfo;com.fasterxml.jackson.databind.ser.std.BeanSerializerBase,NO,,,NO_SUITE,
JacksonDatabind,79,MIO (EvoSuite SBST),com.fasterxml.jackson.databind.introspect.JacksonAnnotationIntrospector;com.fasterxml.jackson.databind.introspect.ObjectIdInfo;com.fasterxml.jackson.databind.ser.std.BeanSerializerBase,YES,BeanSerializerBase_ESTest.java;JacksonAnnotationIntrospector_ESTest.java;ObjectIdInfo_ESTest.java,7cc28755aada641528122bea1112222404501daaad6a5c92f8672aefe5f2d06e,READY,
JacksonDatabind,79,DeepSeek V4 Flash,com.fasterxml.jackson.databind.introspect.JacksonAnnotationIntrospector;com.fasterxml.jackson.databind.introspect.ObjectIdInfo;com.fasterxml.jackson.databind.ser.std.BeanSerializerBase,YES,BeanSerializerBaseDeepseekTest.java;JacksonAnnotationIntrospectorDeepseekTest.java;ObjectIdInfoDeepseekTest.java,6d177ee46dc0e7ca0a20a5dfce2ae3bb1f5d0f8f26aff0f245ec0b7815f6a493,READY,
JacksonDatabind,79,Gemini 3.8 Flash,com.fasterxml.jackson.databind.introspect.JacksonAnnotationIntrospector;com.fasterxml.jackson.databind.introspect.ObjectIdInfo;com.fasterxml.jackson.databind.ser.std.BeanSerializerBase,YES,BeanSerializerBaseGeminiTest.java;JacksonAnnotationIntrospectorGeminiTest.java;ObjectIdInfoGeminiTest.java,29541920320a3ac242c84796b89923ec9b84a9c97d78d871b35c66e5e650b89d,READY,
JacksonDatabind,80,IPO (Native IPO),com.fasterxml.jackson.databind.jsontype.impl.StdSubtypeResolver,NO,,,NO_SUITE,
JacksonDatabind,80,MIO (EvoSuite SBST),com.fasterxml.jackson.databind.jsontype.impl.StdSubtypeResolver,YES,StdSubtypeResolver_ESTest.java,41f434ae143eadd67a80b16800c05fbf28a8e665bb879d84def7a657e2df236f,READY,
JacksonDatabind,80,DeepSeek V4 Flash,com.fasterxml.jackson.databind.jsontype.impl.StdSubtypeResolver,YES,StdSubtypeResolverDeepseekTest.java,57ddd3fcfba2b376797ad468446e578bc61974063e4e3443024c4c99d358c4a2,READY,
JacksonDatabind,80,Gemini 3.8 Flash,com.fasterxml.jackson.databind.jsontype.impl.StdSubtypeResolver,YES,StdSubtypeResolverGeminiTest.java,71b394194c4a4638730d55153116b4ad50f1a40056a0e09befc31ed4a73293c8,READY,
JacksonDatabind,81,IPO (Native IPO),com.fasterxml.jackson.databind.introspect.JacksonAnnotationIntrospector,NO,,,NO_SUITE,
JacksonDatabind,81,MIO (EvoSuite SBST),com.fasterxml.jackson.databind.introspect.JacksonAnnotationIntrospector,YES,JacksonAnnotationIntrospector_ESTest.java,2d2849b1fda5911d9b1ccdc619e0183f60b02f543be49dfb67c92b62f387d3a2,READY,
JacksonDatabind,81,DeepSeek V4 Flash,com.fasterxml.jackson.databind.introspect.JacksonAnnotationIntrospector,YES,JacksonAnnotationIntrospectorDeepseekTest.java,4eff1427b4663a97ec7eb8a88d77f89ddcab17805021f521fc2351529671b72c,READY,
JacksonDatabind,81,Gemini 3.8 Flash,com.fasterxml.jackson.databind.introspect.JacksonAnnotationIntrospector,YES,JacksonAnnotationIntrospectorGeminiTest.java,c862678cd419062aae373f691f90c08ab3d40e314827c05440e8f845acc31a06,READY,
JacksonDatabind,82,IPO (Native IPO),com.fasterxml.jackson.databind.deser.BeanDeserializerFactory,NO,,,NO_SUITE,
JacksonDatabind,82,MIO (EvoSuite SBST),com.fasterxml.jackson.databind.deser.BeanDeserializerFactory,YES,BeanDeserializerFactory_ESTest.java,36ceffcbc06568fea8e666497807a4a2e21d94f60452b5e1ee6769f7e6e7a296,READY,
JacksonDatabind,82,DeepSeek V4 Flash,com.fasterxml.jackson.databind.deser.BeanDeserializerFactory,YES,BeanDeserializerFactoryDeepseekTest.java,bdddbfd80aeb9649d4b6ca80790d6170602f884bd5ce7933835d81207d33c260,READY,
JacksonDatabind,82,Gemini 3.8 Flash,com.fasterxml.jackson.databind.deser.BeanDeserializerFactory,YES,BeanDeserializerFactoryGeminiTest.java,3fbe53f2e782ea7d9dce72a8227b1909944dffec6222e2aab46f3c0e32bb6528,READY,
JacksonDatabind,83,IPO (Native IPO),com.fasterxml.jackson.databind.deser.std.FromStringDeserializer,NO,,,NO_SUITE,
JacksonDatabind,83,MIO (EvoSuite SBST),com.fasterxml.jackson.databind.deser.std.FromStringDeserializer,YES,FromStringDeserializer_ESTest.java,2a93615ec06e9409c280483d57c45936634310188028cdbc47264bf868d4d93f,READY,
JacksonDatabind,83,DeepSeek V4 Flash,com.fasterxml.jackson.databind.deser.std.FromStringDeserializer,YES,FromStringDeserializerDeepseekTest.java,10147649ad38eec1d2b18a7d34d565147da655158b916690f1341dc1fcf473d0,READY,
JacksonDatabind,83,Gemini 3.8 Flash,com.fasterxml.jackson.databind.deser.std.FromStringDeserializer,YES,FromStringDeserializerGeminiTest.java,7ef01e409d739c2b65fcebf3f7cb8caa1b4f5b9efbe05793bbbf3a16ccb52b68,READY,
JacksonDatabind,84,IPO (Native IPO),com.fasterxml.jackson.databind.type.ResolvedRecursiveType,NO,,,NO_SUITE,
JacksonDatabind,84,MIO (EvoSuite SBST),com.fasterxml.jackson.databind.type.ResolvedRecursiveType,YES,ResolvedRecursiveType_ESTest.java,d703f315b03b677b559fba813c2e4121e9c3b630e0dd5c15ec82635de01db0e4,READY,
JacksonDatabind,84,DeepSeek V4 Flash,com.fasterxml.jackson.databind.type.ResolvedRecursiveType,YES,ResolvedRecursiveTypeDeepseekTest.java,24e68f4f44e67da05e18335c33f341e67d1e948432c5f1f2162457af518aa4d0,READY,
JacksonDatabind,84,Gemini 3.8 Flash,com.fasterxml.jackson.databind.type.ResolvedRecursiveType,YES,ResolvedRecursiveTypeGeminiTest.java,b221d0af097f68d89658394c7751f8edc88f7987db3a0e60d966af08eb5c9215,READY,
JacksonDatabind,85,IPO (Native IPO),com.fasterxml.jackson.databind.ser.std.DateTimeSerializerBase,NO,,,NO_SUITE,
JacksonDatabind,85,MIO (EvoSuite SBST),com.fasterxml.jackson.databind.ser.std.DateTimeSerializerBase,YES,DateTimeSerializerBase_ESTest.java,42d3ff82703264c5e25015f277a3a71a9cf496bc40a11c9a9037276adfdde596,READY,
JacksonDatabind,85,DeepSeek V4 Flash,com.fasterxml.jackson.databind.ser.std.DateTimeSerializerBase,YES,DateTimeSerializerBaseDeepseekTest.java,3156e172159a21577aa36224284ce038542c61fc77b6338e590fafeb89c4fbe8,READY,
JacksonDatabind,85,Gemini 3.8 Flash,com.fasterxml.jackson.databind.ser.std.DateTimeSerializerBase,YES,DateTimeSerializerBaseGeminiTest.java,c67ca1bf99c3229dff46de9c18f56a432b8acbfa0fdfaccee66d30af2e563c36,READY,
JacksonDatabind,86,IPO (Native IPO),com.fasterxml.jackson.databind.type.ResolvedRecursiveType,NO,,,NO_SUITE,
JacksonDatabind,86,MIO (EvoSuite SBST),com.fasterxml.jackson.databind.type.ResolvedRecursiveType,YES,ResolvedRecursiveType_ESTest.java,728bd839c08cac86e436c396387856fd434b3f1b7884b827c6bedcc3700ba05d,READY,
JacksonDatabind,86,DeepSeek V4 Flash,com.fasterxml.jackson.databind.type.ResolvedRecursiveType,YES,ResolvedRecursiveTypeDeepseekTest.java,de3af698c186b1739512ee8438b20c38871bb25b02794339aba52eb6b216c161,READY,
JacksonDatabind,86,Gemini 3.8 Flash,com.fasterxml.jackson.databind.type.ResolvedRecursiveType,YES,ResolvedRecursiveTypeGeminiTest.java,ee135f5281ddad3d789536a1e7838ecfd234ce98f0ac582a28ebc932d59271a0,READY,
JacksonDatabind,87,IPO (Native IPO),com.fasterxml.jackson.databind.util.StdDateFormat,NO,,,NO_SUITE,
JacksonDatabind,87,MIO (EvoSuite SBST),com.fasterxml.jackson.databind.util.StdDateFormat,YES,StdDateFormat_ESTest.java,7c14837922d8e6d2987cf73513e6a6e8a3f71ecc54a77968970be29ecfe5cc66,READY,
JacksonDatabind,87,DeepSeek V4 Flash,com.fasterxml.jackson.databind.util.StdDateFormat,YES,StdDateFormatDeepseekTest.java,1859016a907fa08b7dc10c28f202f00219535d5a4fecb3bce1381afb78cb2a6f,READY,
JacksonDatabind,87,Gemini 3.8 Flash,com.fasterxml.jackson.databind.util.StdDateFormat,YES,StdDateFormatGeminiTest.java,a033ac3d9b0ad6e2d8c902ba2b9f04ccbc22f67cec07c99fb1d356c3eb13e959,READY,
JacksonDatabind,88,IPO (Native IPO),com.fasterxml.jackson.databind.jsontype.impl.ClassNameIdResolver,NO,,,NO_SUITE,
JacksonDatabind,88,MIO (EvoSuite SBST),com.fasterxml.jackson.databind.jsontype.impl.ClassNameIdResolver,YES,ClassNameIdResolver_ESTest.java,944c0f94b7b09f8821794e7ecc1bbc203c1d2dd79a333f8426472351cb45a63f,READY,
JacksonDatabind,88,DeepSeek V4 Flash,com.fasterxml.jackson.databind.jsontype.impl.ClassNameIdResolver,YES,ClassNameIdResolverDeepseekTest.java,5959b1a5b53ac3ff81ae46fa05d5ac982237f17c8f884127491397f205c39abe,READY,
JacksonDatabind,88,Gemini 3.8 Flash,com.fasterxml.jackson.databind.jsontype.impl.ClassNameIdResolver,YES,ClassNameIdResolverGeminiTest.java,261bf999416a2a1e588e261d884fa7b197e68c01480721fe3d0db1201d11d5ab,READY,
JacksonDatabind,90,IPO (Native IPO),com.fasterxml.jackson.databind.deser.ValueInstantiator;com.fasterxml.jackson.databind.deser.std.StdValueInstantiator,YES,StdValueInstantiator_IPOTest.java,59cf67431156f23006ff46d6abe7ec292fb38ed23dcb3865c8eff556f0e05f56,READY,
JacksonDatabind,90,MIO (EvoSuite SBST),com.fasterxml.jackson.databind.deser.ValueInstantiator;com.fasterxml.jackson.databind.deser.std.StdValueInstantiator,YES,StdValueInstantiator_ESTest.java;ValueInstantiator_ESTest.java,b0849bb5e5a6a3b76db006d77d37a660611769eaad674fc9eca3cf256247db66,READY,
JacksonDatabind,90,DeepSeek V4 Flash,com.fasterxml.jackson.databind.deser.ValueInstantiator;com.fasterxml.jackson.databind.deser.std.StdValueInstantiator,YES,StdValueInstantiatorDeepseekTest.java;ValueInstantiatorDeepseekTest.java,e4c1551b0819d0c7904aa325d04a38c8afd9c05d23c9ef4334ee32470928c76e,READY,
JacksonDatabind,90,Gemini 3.8 Flash,com.fasterxml.jackson.databind.deser.ValueInstantiator;com.fasterxml.jackson.databind.deser.std.StdValueInstantiator,YES,StdValueInstantiatorGeminiTest.java;ValueInstantiatorGeminiTest.java,4fd711bf25400e1b6d05cfe13c50bfc012411663d10b1ad8deaa58d30baf8abb,READY,
JacksonDatabind,91,IPO (Native IPO),com.fasterxml.jackson.databind.deser.DeserializerCache,NO,,,NO_SUITE,
JacksonDatabind,91,MIO (EvoSuite SBST),com.fasterxml.jackson.databind.deser.DeserializerCache,YES,DeserializerCache_ESTest.java,618c758c34dac4d86fcac834efd3482387e60f73e8163479d0a39c231b535e32,READY,
JacksonDatabind,91,DeepSeek V4 Flash,com.fasterxml.jackson.databind.deser.DeserializerCache,YES,DeserializerCacheDeepseekTest.java,25a1f4bf25de04b585f9f80db28f0488b5a675f2da2bcb2ec5ac812860ebb687,READY,
JacksonDatabind,91,Gemini 3.8 Flash,com.fasterxml.jackson.databind.deser.DeserializerCache,YES,DeserializerCacheGeminiTest.java,bda170dc2eac47c6026b0c7a43b66b0946ad093e99de83d5564703bb9b12df53,READY,
JacksonDatabind,92,IPO (Native IPO),com.fasterxml.jackson.databind.deser.BeanDeserializerFactory,NO,,,NO_SUITE,
JacksonDatabind,92,MIO (EvoSuite SBST),com.fasterxml.jackson.databind.deser.BeanDeserializerFactory,YES,BeanDeserializerFactory_ESTest.java,01f8f10420c2b75997ed27a1d0f7f7d640e911592c9a44b03596db7337188c1b,READY,
JacksonDatabind,92,DeepSeek V4 Flash,com.fasterxml.jackson.databind.deser.BeanDeserializerFactory,YES,BeanDeserializerFactoryDeepseekTest.java,d167e13481fbad38908c87a5ed3cde1e9f6d077b5147571d1019522748b74033,READY,
JacksonDatabind,92,Gemini 3.8 Flash,com.fasterxml.jackson.databind.deser.BeanDeserializerFactory,YES,BeanDeserializerFactoryGeminiTest.java,c8d7a937fb4d21d9bdd0527ce4a8d77312e6e96695722324a80ceaf3190388b3,READY,
JacksonDatabind,93,IPO (Native IPO),com.fasterxml.jackson.databind.jsontype.impl.SubTypeValidator,NO,,,NO_SUITE,
JacksonDatabind,93,MIO (EvoSuite SBST),com.fasterxml.jackson.databind.jsontype.impl.SubTypeValidator,YES,SubTypeValidator_ESTest.java,d598c0443919df82f9a13897e7151e846964a0df201b60af95ff5f328f6892e2,READY,
JacksonDatabind,93,DeepSeek V4 Flash,com.fasterxml.jackson.databind.jsontype.impl.SubTypeValidator,YES,SubTypeValidatorDeepseekTest.java,992104e0a5e18ff35cf05e207195f16eca15cd502b3103e134fbef64c584b68f,READY,
JacksonDatabind,93,Gemini 3.8 Flash,com.fasterxml.jackson.databind.jsontype.impl.SubTypeValidator,YES,SubTypeValidatorGeminiTest.java,7c5108c095b3c7f21a523446f1b70c75447a85ef56b255d5e4c166b132abb889,READY,
JacksonDatabind,94,IPO (Native IPO),com.fasterxml.jackson.databind.jsontype.impl.SubTypeValidator,NO,,,NO_SUITE,
JacksonDatabind,94,MIO (EvoSuite SBST),com.fasterxml.jackson.databind.jsontype.impl.SubTypeValidator,YES,SubTypeValidator_ESTest.java,774c7bf5128182d03b56378b422ddfeb7948d17a3c834897f5bcc70a8c0a6dab,READY,
JacksonDatabind,94,DeepSeek V4 Flash,com.fasterxml.jackson.databind.jsontype.impl.SubTypeValidator,YES,SubTypeValidatorDeepseekTest.java,ae3d9f29f210531253fbfed534b01a68f38dc4d04f342843c18dde317f63ad57,READY,
JacksonDatabind,94,Gemini 3.8 Flash,com.fasterxml.jackson.databind.jsontype.impl.SubTypeValidator,YES,SubTypeValidatorGeminiTest.java,470419f6b581fc4f2db385d3954b1397ba3a241db50502348fb1a00a531e935f,READY,
JacksonDatabind,95,IPO (Native IPO),com.fasterxml.jackson.databind.type.TypeFactory;com.fasterxml.jackson.databind.type.TypeParser,NO,,,NO_SUITE,
JacksonDatabind,95,MIO (EvoSuite SBST),com.fasterxml.jackson.databind.type.TypeFactory;com.fasterxml.jackson.databind.type.TypeParser,YES,TypeFactory_ESTest.java;TypeParser_ESTest.java,2160aa619c28e65cbc55eef4bc6c53c66d8f0d1a632505a46b1ea59829968ef5,READY,
JacksonDatabind,95,DeepSeek V4 Flash,com.fasterxml.jackson.databind.type.TypeFactory;com.fasterxml.jackson.databind.type.TypeParser,YES,TypeFactoryDeepseekTest.java;TypeParserDeepseekTest.java,66bff3ca5ef8651075615a1fdf173c397482fe33f213356475f2680d47913a1c,READY,
JacksonDatabind,95,Gemini 3.8 Flash,com.fasterxml.jackson.databind.type.TypeFactory;com.fasterxml.jackson.databind.type.TypeParser,YES,TypeFactoryGeminiTest.java;TypeParserGeminiTest.java,15f2e0254726cc4fe8801957f11ab8d12f658d55d14d3526d234994100b12615,READY,
JacksonDatabind,96,IPO (Native IPO),com.fasterxml.jackson.databind.deser.BasicDeserializerFactory,NO,,,NO_SUITE,
JacksonDatabind,96,MIO (EvoSuite SBST),com.fasterxml.jackson.databind.deser.BasicDeserializerFactory,YES,BasicDeserializerFactory_ESTest.java,494a2648667dfec4873fed4c67bcc00077c8f8c8440daa5a10010e45fd47b222,READY,
JacksonDatabind,96,DeepSeek V4 Flash,com.fasterxml.jackson.databind.deser.BasicDeserializerFactory,YES,BasicDeserializerFactoryDeepseekTest.java,1609b36a24b90e3b3b803474f76ca07a8ab981248c4f6dccee208c7ed58312b9,READY,
JacksonDatabind,96,Gemini 3.8 Flash,com.fasterxml.jackson.databind.deser.BasicDeserializerFactory,YES,BasicDeserializerFactoryGeminiTest.java,171bb46227af198e5b9ead1e286b8e2990032a910b29b08bd2128e120bb13965,READY,
JacksonDatabind,97,IPO (Native IPO),com.fasterxml.jackson.databind.node.POJONode,NO,,,NO_SUITE,
JacksonDatabind,97,MIO (EvoSuite SBST),com.fasterxml.jackson.databind.node.POJONode,YES,POJONode_ESTest.java,4d28e242143c7af03497587d65177460e6e14354b2a2101b041a69f45c8fa78a,READY,
JacksonDatabind,97,DeepSeek V4 Flash,com.fasterxml.jackson.databind.node.POJONode,YES,POJONodeDeepseekTest.java,f8fd2a34c72455bcc8bcbbcb0cea1ba48b2a71aec41f0c93f7dead2c20a87e5e,READY,
JacksonDatabind,97,Gemini 3.8 Flash,com.fasterxml.jackson.databind.node.POJONode,YES,POJONodeGeminiTest.java,f3d5fb0d0335c53bf5b4845c5b13d7b3ad253f3a909ef30ef03e4ecf77451c55,READY,
JacksonDatabind,98,IPO (Native IPO),com.fasterxml.jackson.databind.deser.impl.ExternalTypeHandler,NO,,,NO_SUITE,
JacksonDatabind,98,MIO (EvoSuite SBST),com.fasterxml.jackson.databind.deser.impl.ExternalTypeHandler,YES,ExternalTypeHandler_ESTest.java,03cf1e8cabdf02bba15f66b9d55ce711f5e235588d9f21bbe0921e65680f04b1,READY,
JacksonDatabind,98,DeepSeek V4 Flash,com.fasterxml.jackson.databind.deser.impl.ExternalTypeHandler,YES,ExternalTypeHandlerDeepseekTest.java,664685f26ecdf35def02b2621fa8b6659f70e078e8e978107fb6c90ed8edbcc4,READY,
JacksonDatabind,98,Gemini 3.8 Flash,com.fasterxml.jackson.databind.deser.impl.ExternalTypeHandler,YES,ExternalTypeHandlerGeminiTest.java,447a991a46266fce9ec1d867cb8cbc9be3acd0da1c841e728a984564f52ccd3f,READY,
JacksonDatabind,99,IPO (Native IPO),com.fasterxml.jackson.databind.type.ReferenceType,NO,,,NO_SUITE,
JacksonDatabind,99,MIO (EvoSuite SBST),com.fasterxml.jackson.databind.type.ReferenceType,YES,ReferenceType_ESTest.java,92cbcc4e1115b21ce8ad4a5215204099ea791e2ea81b7a1c8ff70ef574b7e329,READY,
JacksonDatabind,99,DeepSeek V4 Flash,com.fasterxml.jackson.databind.type.ReferenceType,YES,ReferenceTypeDeepseekTest.java,4a9d13e72382952ead11905f4e16b9b78d7ffd7eeb653f7f0a0ba88819e2bd02,READY,
JacksonDatabind,99,Gemini 3.8 Flash,com.fasterxml.jackson.databind.type.ReferenceType,YES,ReferenceTypeGeminiTest.java,780a805425de621aea1b8192e703bb2e9f27907285cc612ad9138020da17a6b2,READY,
JacksonDatabind,100,IPO (Native IPO),com.fasterxml.jackson.databind.node.TreeTraversingParser,NO,,,NO_SUITE,
JacksonDatabind,100,MIO (EvoSuite SBST),com.fasterxml.jackson.databind.node.TreeTraversingParser,YES,TreeTraversingParser_ESTest.java,d0cd7fa3867bfb65b6110d541ad8220a03ab56b4fc044c1cc69026c09b11853c,READY,
JacksonDatabind,100,DeepSeek V4 Flash,com.fasterxml.jackson.databind.node.TreeTraversingParser,YES,TreeTraversingParserDeepseekTest.java,bba11105b5992c728f3bffda55025b6160558c49e12c2cc3f4f15036ce345adc,READY,
JacksonDatabind,100,Gemini 3.8 Flash,com.fasterxml.jackson.databind.node.TreeTraversingParser,YES,TreeTraversingParserGeminiTest.java,96f613ff3359e6fa7a388216b5f698bd8aa49bcd3becebe123334f39bf3aaadd,READY,
JacksonDatabind,101,IPO (Native IPO),com.fasterxml.jackson.databind.deser.BeanDeserializer,NO,,,NO_SUITE,
JacksonDatabind,101,MIO (EvoSuite SBST),com.fasterxml.jackson.databind.deser.BeanDeserializer,YES,BeanDeserializer_ESTest.java,31d012a9149f0b7249207d636aaef73b4b0c7f4621c8998780e1f841df8431b2,READY,
JacksonDatabind,101,DeepSeek V4 Flash,com.fasterxml.jackson.databind.deser.BeanDeserializer,YES,BeanDeserializerDeepseekTest.java,e233e436fadfebf62a72993c83fb07c2457b59c44471f2f9d7625e177b0bdce5,READY,
JacksonDatabind,101,Gemini 3.8 Flash,com.fasterxml.jackson.databind.deser.BeanDeserializer,YES,BeanDeserializerGeminiTest.java,53de61aed9262bc7859456206e09f34bc79c8f26726d19f54f09e7a7fd2e8beb,READY,
JacksonDatabind,102,IPO (Native IPO),com.fasterxml.jackson.databind.ser.std.DateTimeSerializerBase,NO,,,NO_SUITE,
JacksonDatabind,102,MIO (EvoSuite SBST),com.fasterxml.jackson.databind.ser.std.DateTimeSerializerBase,YES,DateTimeSerializerBase_ESTest.java,2204fec7eec20bec452151550bb06bbca38e4a2854768920b13014adbe037044,READY,
JacksonDatabind,102,DeepSeek V4 Flash,com.fasterxml.jackson.databind.ser.std.DateTimeSerializerBase,YES,DateTimeSerializerBaseDeepseekTest.java,773b36414c56089cd7637a926d3ef392396ce4d4b95c28c11b21bb9802a8c48b,READY,
JacksonDatabind,102,Gemini 3.8 Flash,com.fasterxml.jackson.databind.ser.std.DateTimeSerializerBase,YES,DateTimeSerializerBaseGeminiTest.java,bd7ffb9050dcc0a8aeae1d87c6bb5038367c8b5dd5e09809adb4f609d58c0134,READY,
JacksonDatabind,103,IPO (Native IPO),com.fasterxml.jackson.databind.DatabindContext;com.fasterxml.jackson.databind.DeserializationContext;com.fasterxml.jackson.databind.JsonMappingException;com.fasterxml.jackson.databind.SerializerProvider;com.fasterxml.jackson.databind.deser.BasicDeserializerFactory;com.fasterxml.jackson.databind.deser.BeanDeserializerFactory;com.fasterxml.jackson.databind.deser.DeserializerCache;com.fasterxml.jackson.databind.deser.SettableAnyProperty;com.fasterxml.jackson.databind.deser.SettableBeanProperty;com.fasterxml.jackson.databind.deser.std.StdDeserializer;com.fasterxml.jackson.databind.deser.std.StdKeyDeserializer;com.fasterxml.jackson.databind.deser.std.StdValueInstantiator;com.fasterxml.jackson.databind.introspect.BasicBeanDescription;com.fasterxml.jackson.databind.ser.DefaultSerializerProvider;com.fasterxml.jackson.databind.ser.PropertyBuilder;com.fasterxml.jackson.databind.util.ClassUtil,YES,StdDeserializer_IPOTest.java;StdKeyDeserializer_IPOTest.java;StdValueInstantiator_IPOTest.java,631634eb97191a30d2c24bfbb78bac30ea901c0cb96f4216279a0d70257dcf93,READY,
JacksonDatabind,103,MIO (EvoSuite SBST),com.fasterxml.jackson.databind.DatabindContext;com.fasterxml.jackson.databind.DeserializationContext;com.fasterxml.jackson.databind.JsonMappingException;com.fasterxml.jackson.databind.SerializerProvider;com.fasterxml.jackson.databind.deser.BasicDeserializerFactory;com.fasterxml.jackson.databind.deser.BeanDeserializerFactory;com.fasterxml.jackson.databind.deser.DeserializerCache;com.fasterxml.jackson.databind.deser.SettableAnyProperty;com.fasterxml.jackson.databind.deser.SettableBeanProperty;com.fasterxml.jackson.databind.deser.std.StdDeserializer;com.fasterxml.jackson.databind.deser.std.StdKeyDeserializer;com.fasterxml.jackson.databind.deser.std.StdValueInstantiator;com.fasterxml.jackson.databind.introspect.BasicBeanDescription;com.fasterxml.jackson.databind.ser.DefaultSerializerProvider;com.fasterxml.jackson.databind.ser.PropertyBuilder;com.fasterxml.jackson.databind.util.ClassUtil,YES,BasicBeanDescription_ESTest.java;BasicDeserializerFactory_ESTest.java;BeanDeserializerFactory_ESTest.java;ClassUtil_ESTest.java;DatabindContext_ESTest.java;DefaultSerializerProvider_ESTest.java;DeserializationContext_ESTest.java;DeserializerCache_ESTest.java;JsonMappingException_ESTest.java;PropertyBuilder_ESTest.java;SerializerProvider_ESTest.java;SettableAnyProperty_ESTest.java;SettableBeanProperty_ESTest.java;StdDeserializer_ESTest.java;StdKeyDeserializer_ESTest.java;StdValueInstantiator_ESTest.java,309c10441987fefe42711da66d69e5fbb0a0b71a950d2f656041385267d14724,READY,
JacksonDatabind,103,DeepSeek V4 Flash,com.fasterxml.jackson.databind.DatabindContext;com.fasterxml.jackson.databind.DeserializationContext;com.fasterxml.jackson.databind.JsonMappingException;com.fasterxml.jackson.databind.SerializerProvider;com.fasterxml.jackson.databind.deser.BasicDeserializerFactory;com.fasterxml.jackson.databind.deser.BeanDeserializerFactory;com.fasterxml.jackson.databind.deser.DeserializerCache;com.fasterxml.jackson.databind.deser.SettableAnyProperty;com.fasterxml.jackson.databind.deser.SettableBeanProperty;com.fasterxml.jackson.databind.deser.std.StdDeserializer;com.fasterxml.jackson.databind.deser.std.StdKeyDeserializer;com.fasterxml.jackson.databind.deser.std.StdValueInstantiator;com.fasterxml.jackson.databind.introspect.BasicBeanDescription;com.fasterxml.jackson.databind.ser.DefaultSerializerProvider;com.fasterxml.jackson.databind.ser.PropertyBuilder;com.fasterxml.jackson.databind.util.ClassUtil,YES,BasicBeanDescriptionDeepseekTest.java;BasicDeserializerFactoryDeepseekTest.java;BeanDeserializerFactoryDeepseekTest.java;ClassUtilDeepseekTest.java;DatabindContextDeepseekTest.java;DefaultSerializerProviderDeepseekTest.java;DeserializationContextDeepseekTest.java;DeserializerCacheDeepseekTest.java;JsonMappingExceptionDeepseekTest.java;PropertyBuilderDeepseekTest.java;SerializerProviderDeepseekTest.java;SettableAnyPropertyDeepseekTest.java;SettableBeanPropertyDeepseekTest.java;StdDeserializerDeepseekTest.java;StdKeyDeserializerDeepseekTest.java;StdValueInstantiatorDeepseekTest.java,db18e9b741ef4980474a6aed0106c08371b644b36bb2d3b3393ad432629a4221,READY,
JacksonDatabind,103,Gemini 3.8 Flash,com.fasterxml.jackson.databind.DatabindContext;com.fasterxml.jackson.databind.DeserializationContext;com.fasterxml.jackson.databind.JsonMappingException;com.fasterxml.jackson.databind.SerializerProvider;com.fasterxml.jackson.databind.deser.BasicDeserializerFactory;com.fasterxml.jackson.databind.deser.BeanDeserializerFactory;com.fasterxml.jackson.databind.deser.DeserializerCache;com.fasterxml.jackson.databind.deser.SettableAnyProperty;com.fasterxml.jackson.databind.deser.SettableBeanProperty;com.fasterxml.jackson.databind.deser.std.StdDeserializer;com.fasterxml.jackson.databind.deser.std.StdKeyDeserializer;com.fasterxml.jackson.databind.deser.std.StdValueInstantiator;com.fasterxml.jackson.databind.introspect.BasicBeanDescription;com.fasterxml.jackson.databind.ser.DefaultSerializerProvider;com.fasterxml.jackson.databind.ser.PropertyBuilder;com.fasterxml.jackson.databind.util.ClassUtil,YES,BasicBeanDescriptionGeminiTest.java;BasicDeserializerFactoryGeminiTest.java;BeanDeserializerFactoryGeminiTest.java;ClassUtilGeminiTest.java;DatabindContextGeminiTest.java;DefaultSerializerProviderGeminiTest.java;DeserializationContextGeminiTest.java;DeserializerCacheGeminiTest.java;JsonMappingExceptionGeminiTest.java;PropertyBuilderGeminiTest.java;SerializerProviderGeminiTest.java;SettableAnyPropertyGeminiTest.java;SettableBeanPropertyGeminiTest.java;StdDeserializerGeminiTest.java;StdKeyDeserializerGeminiTest.java;StdValueInstantiatorGeminiTest.java,8ae12e301adddf7d5f2cc3aa80a2f2154e9fa2880106d82911e1c6c76d0bf69e,READY,
JacksonDatabind,104,IPO (Native IPO),com.fasterxml.jackson.databind.util.StdDateFormat,NO,,,NO_SUITE,
JacksonDatabind,104,MIO (EvoSuite SBST),com.fasterxml.jackson.databind.util.StdDateFormat,YES,StdDateFormat_ESTest.java,ff1e538d6a310cbaa90fe5808408ea23196d6d37ddd7bcf807e9d591d7c22137,READY,
JacksonDatabind,104,DeepSeek V4 Flash,com.fasterxml.jackson.databind.util.StdDateFormat,YES,StdDateFormatDeepseekTest.java,d2f705fb120e3eb8b36ae61af8f2fcaa54aa2103525328aca99bb5805b85729d,READY,
JacksonDatabind,104,Gemini 3.8 Flash,com.fasterxml.jackson.databind.util.StdDateFormat,YES,StdDateFormatGeminiTest.java,181bfb701a8e1a6de1926d24a86da4e887b11a61c7093a584047339a64391789,READY,
JacksonDatabind,105,IPO (Native IPO),com.fasterxml.jackson.databind.deser.std.JdkDeserializers,NO,,,NO_SUITE,
JacksonDatabind,105,MIO (EvoSuite SBST),com.fasterxml.jackson.databind.deser.std.JdkDeserializers,YES,JdkDeserializers_ESTest.java,4447e7166a83852f0b0a07cc089184d14e82abb2af54253b918c728f530205d4,READY,
JacksonDatabind,105,DeepSeek V4 Flash,com.fasterxml.jackson.databind.deser.std.JdkDeserializers,YES,JdkDeserializersDeepseekTest.java,9fdaddb0d6cf2a1552f227213de3f8f55524156eaec179f04672e0f2e1cb5d98,READY,
JacksonDatabind,105,Gemini 3.8 Flash,com.fasterxml.jackson.databind.deser.std.JdkDeserializers,YES,JdkDeserializersGeminiTest.java,91917950bbd955d59a2d31fa72b4b7c542cba7ebc71d1344884404f2664a256c,READY,
JacksonDatabind,106,IPO (Native IPO),com.fasterxml.jackson.databind.node.TreeTraversingParser,NO,,,NO_SUITE,
JacksonDatabind,106,MIO (EvoSuite SBST),com.fasterxml.jackson.databind.node.TreeTraversingParser,YES,TreeTraversingParser_ESTest.java,5f1b0c15d7d36484297786a9a067cb6ff3e6e6cf59b8d7615a66fc7d188ebcae,READY,
JacksonDatabind,106,DeepSeek V4 Flash,com.fasterxml.jackson.databind.node.TreeTraversingParser,YES,TreeTraversingParserDeepseekTest.java,95c92aa5fb204ec2b3586bfaff28e7c078e35bab65a124765acd95a0b75d1a21,READY,
JacksonDatabind,106,Gemini 3.8 Flash,com.fasterxml.jackson.databind.node.TreeTraversingParser,YES,TreeTraversingParserGeminiTest.java,cf32d2c2f59bfad6395435325c193e7f1f14dce205c6d7453d023031a98418bb,READY,
JacksonDatabind,107,IPO (Native IPO),com.fasterxml.jackson.databind.jsontype.impl.TypeDeserializerBase,NO,,,NO_SUITE,
JacksonDatabind,107,MIO (EvoSuite SBST),com.fasterxml.jackson.databind.jsontype.impl.TypeDeserializerBase,YES,TypeDeserializerBase_ESTest.java,e116827df65bca33889f6c010613d5501271b35cbaad2f92133f3a48d4028454,READY,
JacksonDatabind,107,DeepSeek V4 Flash,com.fasterxml.jackson.databind.jsontype.impl.TypeDeserializerBase,YES,TypeDeserializerBaseDeepseekTest.java,b6d7505ca04a6780eba903e086c048960d84801b43adb231370c8bf2af2e35ce,READY,
JacksonDatabind,107,Gemini 3.8 Flash,com.fasterxml.jackson.databind.jsontype.impl.TypeDeserializerBase,YES,TypeDeserializerBaseGeminiTest.java,6b40f4035796206374527ac9b5d58a709767dd65685ac0f22dfec037c6253639,READY,
JacksonDatabind,108,IPO (Native IPO),com.fasterxml.jackson.databind.ObjectReader,NO,,,NO_SUITE,
JacksonDatabind,108,MIO (EvoSuite SBST),com.fasterxml.jackson.databind.ObjectReader,YES,ObjectReader_ESTest.java,f134a26ff85d3febfc6aea7a1d18856845d9d1ba80e45813c1f6b74df0bf7237,READY,
JacksonDatabind,108,DeepSeek V4 Flash,com.fasterxml.jackson.databind.ObjectReader,YES,ObjectReaderDeepseekTest.java,7ce6b073d571f8797d4e5db6493dfd17b0249d0074d176a5decc06811008993c,READY,
JacksonDatabind,108,Gemini 3.8 Flash,com.fasterxml.jackson.databind.ObjectReader,YES,ObjectReaderGeminiTest.java,100a290de9db779b20630bfc65dfcc0d53b00e5a4321882356c50823d193323e,READY,
JacksonDatabind,109,IPO (Native IPO),com.fasterxml.jackson.databind.ser.std.NumberSerializer;com.fasterxml.jackson.databind.ser.std.NumberSerializers,NO,,,NO_SUITE,
JacksonDatabind,109,MIO (EvoSuite SBST),com.fasterxml.jackson.databind.ser.std.NumberSerializer;com.fasterxml.jackson.databind.ser.std.NumberSerializers,YES,NumberSerializers_ESTest.java;NumberSerializer_ESTest.java,663ba225d798b16d7c0c45a10bc931bd09352b20d512ea33db469f0f8da8f76b,READY,
JacksonDatabind,109,DeepSeek V4 Flash,com.fasterxml.jackson.databind.ser.std.NumberSerializer;com.fasterxml.jackson.databind.ser.std.NumberSerializers,YES,NumberSerializerDeepseekTest.java;NumberSerializersDeepseekTest.java,23a50f8f7fcc53c077fb978a066910dcefdfff5e861c4ccae1bc0efc3fc3cb9f,READY,
JacksonDatabind,109,Gemini 3.8 Flash,com.fasterxml.jackson.databind.ser.std.NumberSerializer;com.fasterxml.jackson.databind.ser.std.NumberSerializers,YES,NumberSerializerGeminiTest.java;NumberSerializersGeminiTest.java,4afa410a12051189ec43be54e4fad998c4427bec5a2b24b5cb73ff319526c139,READY,
JacksonDatabind,110,IPO (Native IPO),com.fasterxml.jackson.databind.deser.impl.JavaUtilCollectionsDeserializers,NO,,,NO_SUITE,
JacksonDatabind,110,MIO (EvoSuite SBST),com.fasterxml.jackson.databind.deser.impl.JavaUtilCollectionsDeserializers,YES,JavaUtilCollectionsDeserializers_ESTest.java,0523ac664bdd2c258f514723f16816913536e3926acca943cf71ab01fc091550,READY,
JacksonDatabind,110,DeepSeek V4 Flash,com.fasterxml.jackson.databind.deser.impl.JavaUtilCollectionsDeserializers,YES,JavaUtilCollectionsDeserializersDeepseekTest.java,e5ccd1d348047fc39ad3d13f2684e5fa82f90df9fbb9cf505e6ba0504220cf0a,READY,
JacksonDatabind,110,Gemini 3.8 Flash,com.fasterxml.jackson.databind.deser.impl.JavaUtilCollectionsDeserializers,YES,JavaUtilCollectionsDeserializersGeminiTest.java,c7734ddb2e8cb23c4f4cd606beca794f8087074531ef4daf64cce5ce1962243c,READY,
JacksonDatabind,111,IPO (Native IPO),com.fasterxml.jackson.databind.deser.CreatorProperty;com.fasterxml.jackson.databind.deser.impl.FieldProperty;com.fasterxml.jackson.databind.deser.impl.MethodProperty;com.fasterxml.jackson.databind.deser.impl.ObjectIdReferenceProperty;com.fasterxml.jackson.databind.deser.impl.ObjectIdValueProperty;com.fasterxml.jackson.databind.deser.impl.SetterlessProperty;com.fasterxml.jackson.databind.deser.std.AtomicReferenceDeserializer,NO,,,NO_SUITE,
JacksonDatabind,111,MIO (EvoSuite SBST),com.fasterxml.jackson.databind.deser.CreatorProperty;com.fasterxml.jackson.databind.deser.impl.FieldProperty;com.fasterxml.jackson.databind.deser.impl.MethodProperty;com.fasterxml.jackson.databind.deser.impl.ObjectIdReferenceProperty;com.fasterxml.jackson.databind.deser.impl.ObjectIdValueProperty;com.fasterxml.jackson.databind.deser.impl.SetterlessProperty;com.fasterxml.jackson.databind.deser.std.AtomicReferenceDeserializer,YES,AtomicReferenceDeserializer_ESTest.java;CreatorProperty_ESTest.java;FieldProperty_ESTest.java;MethodProperty_ESTest.java;ObjectIdReferenceProperty_ESTest.java;ObjectIdValueProperty_ESTest.java;SetterlessProperty_ESTest.java,8b5ea9cc670412dd4008c82f29bee9e741c38a2afade855b7a6745ef57e2fd74,READY,
JacksonDatabind,111,DeepSeek V4 Flash,com.fasterxml.jackson.databind.deser.CreatorProperty;com.fasterxml.jackson.databind.deser.impl.FieldProperty;com.fasterxml.jackson.databind.deser.impl.MethodProperty;com.fasterxml.jackson.databind.deser.impl.ObjectIdReferenceProperty;com.fasterxml.jackson.databind.deser.impl.ObjectIdValueProperty;com.fasterxml.jackson.databind.deser.impl.SetterlessProperty;com.fasterxml.jackson.databind.deser.std.AtomicReferenceDeserializer,YES,AtomicReferenceDeserializerDeepseekTest.java;CreatorPropertyDeepseekTest.java;FieldPropertyDeepseekTest.java;MethodPropertyDeepseekTest.java;ObjectIdReferencePropertyDeepseekTest.java;ObjectIdValuePropertyDeepseekTest.java;SetterlessPropertyDeepseekTest.java,e96ed15d81304fc5de4dba7d9cb2a702c3ec48f5b4696910b1f530f1abc1a9de,READY,
JacksonDatabind,111,Gemini 3.8 Flash,com.fasterxml.jackson.databind.deser.CreatorProperty;com.fasterxml.jackson.databind.deser.impl.FieldProperty;com.fasterxml.jackson.databind.deser.impl.MethodProperty;com.fasterxml.jackson.databind.deser.impl.ObjectIdReferenceProperty;com.fasterxml.jackson.databind.deser.impl.ObjectIdValueProperty;com.fasterxml.jackson.databind.deser.impl.SetterlessProperty;com.fasterxml.jackson.databind.deser.std.AtomicReferenceDeserializer,YES,AtomicReferenceDeserializerGeminiTest.java;CreatorPropertyGeminiTest.java;FieldPropertyGeminiTest.java;MethodPropertyGeminiTest.java;ObjectIdReferencePropertyGeminiTest.java;ObjectIdValuePropertyGeminiTest.java;SetterlessPropertyGeminiTest.java,a82ff18973259b31d583689b8238bcc51105444927907d60da3cf42cf19b8655,READY,
JacksonDatabind,112,IPO (Native IPO),com.fasterxml.jackson.databind.deser.std.StringCollectionDeserializer,NO,,,NO_SUITE,
JacksonDatabind,112,MIO (EvoSuite SBST),com.fasterxml.jackson.databind.deser.std.StringCollectionDeserializer,YES,StringCollectionDeserializer_ESTest.java,95ddfbceb2f57c89ee31a5602fdcef856546709a43e18d34037c1c3dfa195429,READY,
JacksonDatabind,112,DeepSeek V4 Flash,com.fasterxml.jackson.databind.deser.std.StringCollectionDeserializer,YES,StringCollectionDeserializerDeepseekTest.java,399cdd16f5fcc10c4b4d3f590dc38cbf5a53d2147af01d310cdbece11ad28671,READY,
JacksonDatabind,112,Gemini 3.8 Flash,com.fasterxml.jackson.databind.deser.std.StringCollectionDeserializer,YES,StringCollectionDeserializerGeminiTest.java,23d11b9f2de7859b40e321543bfd63cfbb4afcabf065632d6add419a404f36e4,READY,
JacksonXml,1,IPO (Native IPO),com.fasterxml.jackson.dataformat.xml.deser.FromXmlParser,NO,,,NO_SUITE,
JacksonXml,1,MIO (EvoSuite SBST),com.fasterxml.jackson.dataformat.xml.deser.FromXmlParser,YES,FromXmlParser_ESTest.java,a656d99f15684b75643201387a1321ef435618f2e297d2bcf2c906d355feec7b,READY,
JacksonXml,1,DeepSeek V4 Flash,com.fasterxml.jackson.dataformat.xml.deser.FromXmlParser,YES,FromXmlParserDeepseekTest.java,18511cfb73e53e9984601aa794f94baecaca1896feeec59997a1d29f44a6a90b,READY,
JacksonXml,1,Gemini 3.8 Flash,com.fasterxml.jackson.dataformat.xml.deser.FromXmlParser,YES,FromXmlParserGeminiTest.java,6e18ea83b0aa777302a56fc9eadad3b6c5f9abdd00109f0e8c58562a63e4e2d0,READY,
JacksonXml,2,IPO (Native IPO),com.fasterxml.jackson.dataformat.xml.deser.XmlTokenStream,NO,,,NO_SUITE,
JacksonXml,2,MIO (EvoSuite SBST),com.fasterxml.jackson.dataformat.xml.deser.XmlTokenStream,YES,XmlTokenStream_ESTest.java,2441a1e1d243c1da63e1762e904d2cba5db97793a773b81f18551b6dd142115d,READY,
JacksonXml,2,DeepSeek V4 Flash,com.fasterxml.jackson.dataformat.xml.deser.XmlTokenStream,YES,XmlTokenStreamDeepseekTest.java,303ec1862b74b4912ba37afc385435965f285e44698a926f560365bf087ef913,READY,
JacksonXml,2,Gemini 3.8 Flash,com.fasterxml.jackson.dataformat.xml.deser.XmlTokenStream,YES,XmlTokenStreamGeminiTest.java,619f54f918f6b1b639c36855fd3b885f4a65e679283997275fcbe415be1506f6,READY,
JacksonXml,3,IPO (Native IPO),com.fasterxml.jackson.dataformat.xml.deser.FromXmlParser,NO,,,NO_SUITE,
JacksonXml,3,MIO (EvoSuite SBST),com.fasterxml.jackson.dataformat.xml.deser.FromXmlParser,YES,FromXmlParser_ESTest.java,f00574e5e58465094a5c3d848087556c7c6e5be344b447605f00e2741c70c0b0,READY,
JacksonXml,3,DeepSeek V4 Flash,com.fasterxml.jackson.dataformat.xml.deser.FromXmlParser,YES,FromXmlParserDeepseekTest.java,bf1d15333afe5d52f006448af77c114cb1a8345449596dc22fd1600535139077,READY,
JacksonXml,3,Gemini 3.8 Flash,com.fasterxml.jackson.dataformat.xml.deser.FromXmlParser,YES,FromXmlParserGeminiTest.java,807b0bafcb2405336d7237ffb2b03466b4ff1cadca17591054a07d3773040aee,READY,
JacksonXml,4,IPO (Native IPO),com.fasterxml.jackson.dataformat.xml.ser.XmlSerializerProvider,NO,,,NO_SUITE,
JacksonXml,4,MIO (EvoSuite SBST),com.fasterxml.jackson.dataformat.xml.ser.XmlSerializerProvider,YES,XmlSerializerProvider_ESTest.java,c0eb837e3f8ce969ff8d38eb0bb1fa2a6af63a8bc6fd393aadfd9d9b9fd0148d,READY,
JacksonXml,4,DeepSeek V4 Flash,com.fasterxml.jackson.dataformat.xml.ser.XmlSerializerProvider,YES,XmlSerializerProviderDeepseekTest.java,2797e61b3295d446f7d3658741e8a1115d7d3b458db16763f3df82d6692be177,READY,
JacksonXml,4,Gemini 3.8 Flash,com.fasterxml.jackson.dataformat.xml.ser.XmlSerializerProvider,YES,XmlSerializerProviderGeminiTest.java,2b740cf7fe9dcef5f4dcbd4104bd8972212c00919fbaf142f9f3ec1021ba59a7,READY,
JacksonXml,5,IPO (Native IPO),com.fasterxml.jackson.dataformat.xml.ser.XmlSerializerProvider,NO,,,NO_SUITE,
JacksonXml,5,MIO (EvoSuite SBST),com.fasterxml.jackson.dataformat.xml.ser.XmlSerializerProvider,YES,XmlSerializerProvider_ESTest.java,355ae5af3edc143b9c2a439ac73105e10c051a27f9789872e38c080495dabdb6,READY,
JacksonXml,5,DeepSeek V4 Flash,com.fasterxml.jackson.dataformat.xml.ser.XmlSerializerProvider,YES,XmlSerializerProviderDeepseekTest.java,0f3eebb304554090160d0fcf3e169ac562a1525a067f163302f6915198dea025,READY,
JacksonXml,5,Gemini 3.8 Flash,com.fasterxml.jackson.dataformat.xml.ser.XmlSerializerProvider,YES,XmlSerializerProviderGeminiTest.java,1930c655ae8c363e1eda1f12b57c9a238198eff6d0e23b8825c3e378c41da84a,READY,
JacksonXml,6,IPO (Native IPO),com.fasterxml.jackson.dataformat.xml.ser.ToXmlGenerator,NO,,,NO_SUITE,
JacksonXml,6,MIO (EvoSuite SBST),com.fasterxml.jackson.dataformat.xml.ser.ToXmlGenerator,YES,ToXmlGenerator_ESTest.java,bfab28a79f0e9c8f75f8c623625f5a690c95fe046ee2176db87c1922e83f7edd,READY,
JacksonXml,6,DeepSeek V4 Flash,com.fasterxml.jackson.dataformat.xml.ser.ToXmlGenerator,YES,ToXmlGeneratorDeepseekTest.java,31563f9f37883cd9cc985e529290a2d0e9b0ba625585885449c06def8defc938,READY,
JacksonXml,6,Gemini 3.8 Flash,com.fasterxml.jackson.dataformat.xml.ser.ToXmlGenerator,YES,ToXmlGeneratorGeminiTest.java,133ddad550bb90f8cbcaf6844a1b58dc5511d5c3b1e76eb384665fceae5adfd1,READY,
Jsoup,1,IPO (Native IPO),org.jsoup.nodes.Document,YES,Document_IPOTest.java,153a289a169f3c143b681b241ba24a73a9d3e3427abe2c708022f761e8413467,READY,
Jsoup,1,MIO (EvoSuite SBST),org.jsoup.nodes.Document,YES,Document_ESTest.java,436f4e53fe11263a8118029e6e4c99bdb6173b248844d5dc4eeda6a56903784f,READY,
Jsoup,1,DeepSeek V4 Flash,org.jsoup.nodes.Document,YES,DocumentDeepseekTest.java,38d2e8ee74cac49b4210327ce968799b6846c0d69b52d0b1af362899e3081566,READY,
Jsoup,1,Gemini 3.8 Flash,org.jsoup.nodes.Document,YES,DocumentGeminiTest.java,4b780b9459919b93e0ccf1078948c82120de935a576bd8b69d2a8f5925131bbd,READY,
Jsoup,2,IPO (Native IPO),org.jsoup.parser.Parser,YES,Parser_IPOTest.java,9c7e8f853db5ee5dd509af57dd5526d0de5156cefe4b62ffc44e0a3957490367,READY,
Jsoup,2,MIO (EvoSuite SBST),org.jsoup.parser.Parser,YES,Parser_ESTest.java,ac0b112a6fa435a434083e5e359ae963c5b7a0a39997cbd40f9b31795135a8a2,READY,
Jsoup,2,DeepSeek V4 Flash,org.jsoup.parser.Parser,YES,ParserDeepseekTest.java,c60056140e4dd6ebc2d42b6fda9dfffcab0a3f2954da605af380aae9abd4c2f5,READY,
Jsoup,2,Gemini 3.8 Flash,org.jsoup.parser.Parser,YES,ParserGeminiTest.java,12b6f251c9d006634d012d8b3a3699522c21bcb4ec79eac0c24a3d47d81b3e2b,READY,
Jsoup,3,IPO (Native IPO),org.jsoup.nodes.Element;org.jsoup.parser.Parser;org.jsoup.parser.Tag,YES,Element_IPOTest.java;Parser_IPOTest.java;Tag_IPOTest.java,4a1293c802339be55d0150887e840dbfc9cad0699fa35e1d6edebc1e715a0cfb,READY,
Jsoup,3,MIO (EvoSuite SBST),org.jsoup.nodes.Element;org.jsoup.parser.Parser;org.jsoup.parser.Tag,YES,Element_ESTest.java;Parser_ESTest.java;Tag_ESTest.java,18ebbf8e221cd0e090c8748a70d87f66f99fdc5da30ea473f676c8d138a2463f,READY,
Jsoup,3,DeepSeek V4 Flash,org.jsoup.nodes.Element;org.jsoup.parser.Parser;org.jsoup.parser.Tag,YES,ElementDeepseekTest.java;ParserDeepseekTest.java;TagDeepseekTest.java,328d22bdc9d0142058432bd2eab7195feabf9807fba5a43c9c5e062fd30ccba7,READY,
Jsoup,3,Gemini 3.8 Flash,org.jsoup.nodes.Element;org.jsoup.parser.Parser;org.jsoup.parser.Tag,YES,ElementGeminiTest.java;ParserGeminiTest.java;TagGeminiTest.java,b9f42c17330bb050c0f52fbddccfeee6947201bd6c103df02af0b59abd47043d,READY,
Jsoup,4,IPO (Native IPO),org.jsoup.nodes.Entities,NO,,,NO_SUITE,
Jsoup,4,MIO (EvoSuite SBST),org.jsoup.nodes.Entities,YES,Entities_ESTest.java,ab7203c8b846a603b3a75edade43b9ee831c40cf81c859359d3d774fc4808561,READY,
Jsoup,4,DeepSeek V4 Flash,org.jsoup.nodes.Entities,YES,EntitiesDeepseekTest.java,fd1cb8c763b0a293aec465d5997b382bbb398c11b0f376c1a804f7ae6685a26b,READY,
Jsoup,4,Gemini 3.8 Flash,org.jsoup.nodes.Entities,YES,EntitiesGeminiTest.java,4b6a627da9c397624cb2b35893c875a33508692eda5a58a204933da964b172dc,READY,
Jsoup,5,IPO (Native IPO),org.jsoup.parser.Parser,YES,Parser_IPOTest.java,48c2948235f4ddf317950be672ff2b4736f5b934f186b347b863fa6feeda6852,READY,
Jsoup,5,MIO (EvoSuite SBST),org.jsoup.parser.Parser,YES,Parser_ESTest.java,97965d2e537165d274f5e1a07ab51076a1a24a338398f91fc6aec66185165245,READY,
Jsoup,5,DeepSeek V4 Flash,org.jsoup.parser.Parser,YES,ParserDeepseekTest.java,2f1f6e3acb8730bc894ed4868e8722271de1eb28f43191f78901ba54774ff553,READY,
Jsoup,5,Gemini 3.8 Flash,org.jsoup.parser.Parser,YES,ParserGeminiTest.java,3f30f4fbb7648236b9a21d1282c3d05be56863ca7b4a16995df96b2095ea7900,READY,
Jsoup,6,IPO (Native IPO),org.jsoup.nodes.Entities,NO,,,NO_SUITE,
Jsoup,6,MIO (EvoSuite SBST),org.jsoup.nodes.Entities,YES,Entities_ESTest.java,cd26ab0f33f6c6df33865f135853d1489e47bf92e3187371644eb1eb543db922,READY,
Jsoup,6,DeepSeek V4 Flash,org.jsoup.nodes.Entities,YES,EntitiesDeepseekTest.java,48119282268c9f399c8732e8070ebbe2ffdf23035e1f492139fa9840a3c4d180,READY,
Jsoup,6,Gemini 3.8 Flash,org.jsoup.nodes.Entities,YES,EntitiesGeminiTest.java,0959bc2d1f791cd2630f67286023f2bc86b34167b555bb264dec9c443a5e56fc,READY,
Jsoup,7,IPO (Native IPO),org.jsoup.nodes.Document,NO,,,NO_SUITE,
Jsoup,7,MIO (EvoSuite SBST),org.jsoup.nodes.Document,YES,Document_ESTest.java,d9b2aa8bb6fa8372f2cdaba2a78c11f3c9eb314633f82766738a18cc35448009,READY,
Jsoup,7,DeepSeek V4 Flash,org.jsoup.nodes.Document,YES,DocumentDeepseekTest.java,3ccbec58ed850c100c2323f0375c554053b414f47220cbb07560a62fea095bd3,READY,
Jsoup,7,Gemini 3.8 Flash,org.jsoup.nodes.Document,YES,DocumentGeminiTest.java,6e98a7db09f8b761f847c31e39644fe3b36ae9fd36b35bd7aaca3c1b549452ae,READY,
Jsoup,8,IPO (Native IPO),org.jsoup.nodes.Node,NO,,,NO_SUITE,
Jsoup,8,MIO (EvoSuite SBST),org.jsoup.nodes.Node,YES,Node_ESTest.java,1bce00c94ad5acfbf05042bf974b92a2adb46d7a0380930e878c2a9cfb44a505,READY,
Jsoup,8,DeepSeek V4 Flash,org.jsoup.nodes.Node,YES,NodeDeepseekTest.java,10819704fdfc87447d271eeeb017c1be4d6ef3a924641aa0e5de0ca27cf64c28,READY,
Jsoup,8,Gemini 3.8 Flash,org.jsoup.nodes.Node,YES,NodeGeminiTest.java,994202a45243af9097834a97a6ea8d445cc88af0c3e08551004daf76e94a9e47,READY,
Jsoup,9,IPO (Native IPO),org.jsoup.nodes.Entities,NO,,,NO_SUITE,
Jsoup,9,MIO (EvoSuite SBST),org.jsoup.nodes.Entities,YES,Entities_ESTest.java,92ba0ce83599c386a82dfc3849408fd5ccab4a6444d3025c4f95f1677c38bfc5,READY,
Jsoup,9,DeepSeek V4 Flash,org.jsoup.nodes.Entities,YES,EntitiesDeepseekTest.java,7692d345b07e3cff1b78f6a33b2e91942df48fdaebdaf3745760dd9c5e10afa8,READY,
Jsoup,9,Gemini 3.8 Flash,org.jsoup.nodes.Entities,YES,EntitiesGeminiTest.java,30f472dc5e411014be15467975f954d3378ee4bc0bb9c1b27df03418abe6a3f8,READY,
Jsoup,10,IPO (Native IPO),org.jsoup.nodes.Node,NO,,,NO_SUITE,
Jsoup,10,MIO (EvoSuite SBST),org.jsoup.nodes.Node,YES,Node_ESTest.java,fe097b6e2991798bb5296e2858a6f908d2faaecbb81009c54ed4c11d90a76a51,READY,
Jsoup,10,DeepSeek V4 Flash,org.jsoup.nodes.Node,YES,NodeDeepseekTest.java,e66c7c4e9e2e9bd7dae26b4ef8a1080af62ac3f201e5626fd36ddcc3052e0461,READY,
Jsoup,10,Gemini 3.8 Flash,org.jsoup.nodes.Node,YES,NodeGeminiTest.java,0a6b60c7e6a083f77c4047632d7b2dbfca7054543f463025cd149c8d380826e8,READY,
Jsoup,11,IPO (Native IPO),org.jsoup.select.Selector,YES,Selector_IPOTest.java,ba05918e4b152f920ca14850888f1ef3bbcae391ef4ece5c828261f75c5cefa2,READY,
Jsoup,11,MIO (EvoSuite SBST),org.jsoup.select.Selector,YES,Selector_ESTest.java,05d3150403dbde485fa2446cb5c1c8503d3fbfa386dcc35769a019f2947e3b39,READY,
Jsoup,11,DeepSeek V4 Flash,org.jsoup.select.Selector,YES,SelectorDeepseekTest.java,c7863f17f88ea91b76a1bcfd9af6cd5a6d0cec4c92fedc7c1f00fa5d35a6afab,READY,
Jsoup,11,Gemini 3.8 Flash,org.jsoup.select.Selector,YES,SelectorGeminiTest.java,ef05e218230dbe2f317db10ff120aa368913a87add00a55aeee59cdabe407be5,READY,
Jsoup,12,IPO (Native IPO),org.jsoup.select.Selector,YES,Selector_IPOTest.java,ba05918e4b152f920ca14850888f1ef3bbcae391ef4ece5c828261f75c5cefa2,READY,
Jsoup,12,MIO (EvoSuite SBST),org.jsoup.select.Selector,YES,Selector_ESTest.java,ed36d40d9bb1491f659eb7323bf5ab5a2d6530cfe9a84b832070d44aa1aad875,READY,
Jsoup,12,DeepSeek V4 Flash,org.jsoup.select.Selector,YES,SelectorDeepseekTest.java,21f501cfacd5d5fcf7bc3597aefa7a491c91ba434bbc0f947c6d77d54d0ec524,READY,
Jsoup,12,Gemini 3.8 Flash,org.jsoup.select.Selector,YES,SelectorGeminiTest.java,d36f46a2672055ada3a65104436ddf1be5ed60bd47a92fda05e7418be2522197,READY,
Jsoup,13,IPO (Native IPO),org.jsoup.nodes.Node,NO,,,NO_SUITE,
Jsoup,13,MIO (EvoSuite SBST),org.jsoup.nodes.Node,YES,Node_ESTest.java,21e77f765f80ba0abbda7fd9d803c1d0e78486c80787df3daa0bb1de7857c4fa,READY,
Jsoup,13,DeepSeek V4 Flash,org.jsoup.nodes.Node,YES,NodeDeepseekTest.java,9ea74620db10d4d218a3d0862e2a768af3ac80417d412bb76718af804852f96b,READY,
Jsoup,13,Gemini 3.8 Flash,org.jsoup.nodes.Node,YES,NodeGeminiTest.java,4f09186db73165ec9ab2c1dc4b616a8ae8dec6f312e9eacadc7952252a989cd2,READY,
Jsoup,14,IPO (Native IPO),org.jsoup.parser.Tokeniser;org.jsoup.parser.TokeniserState,NO,,,NO_SUITE,
Jsoup,14,MIO (EvoSuite SBST),org.jsoup.parser.Tokeniser;org.jsoup.parser.TokeniserState,YES,TokeniserState_ESTest.java;Tokeniser_ESTest.java,5da9081d476ce5f329c41dd4599bae5ff26245b5e293ebaea3fcb1805242e9d3,READY,
Jsoup,14,DeepSeek V4 Flash,org.jsoup.parser.Tokeniser;org.jsoup.parser.TokeniserState,YES,TokeniserDeepseekTest.java;TokeniserStateDeepseekTest.java,c2a1f06addf07a1091f19b690968fd676f0005a6f8a39accf78bf2edfd18a3e3,READY,
Jsoup,14,Gemini 3.8 Flash,org.jsoup.parser.Tokeniser;org.jsoup.parser.TokeniserState,YES,TokeniserGeminiTest.java;TokeniserStateGeminiTest.java,5dcdd8e79bdf793d1daf7a26e458275f9b88eaf7be6ac0ba6c86a9fea9488391,READY,
Jsoup,15,IPO (Native IPO),org.jsoup.parser.TreeBuilderState,NO,,,NO_SUITE,
Jsoup,15,MIO (EvoSuite SBST),org.jsoup.parser.TreeBuilderState,YES,TreeBuilderState_ESTest.java,f893bcc85e939c86e384544a09e3adfb286f4a1407e62aeddf31eae50c638292,READY,
Jsoup,15,DeepSeek V4 Flash,org.jsoup.parser.TreeBuilderState,YES,TreeBuilderStateDeepseekTest.java,857313bd0f035da81fa3d65e085b5f5e924bfdd97d8e049507b9e4fa0b85a31f,READY,
Jsoup,15,Gemini 3.8 Flash,org.jsoup.parser.TreeBuilderState,YES,TreeBuilderStateGeminiTest.java,a7d115e67f21c532339147d4b68fe1eb9049ccc31ea06ffe1fab96c4b63085c1,READY,
Jsoup,16,IPO (Native IPO),org.jsoup.nodes.DocumentType,YES,DocumentType_IPOTest.java,3d4764b43dde6811dfc8f8cac419d650d3a1caccfe9289e076b691636bcc1430,READY,
Jsoup,16,MIO (EvoSuite SBST),org.jsoup.nodes.DocumentType,YES,DocumentType_ESTest.java,b26461d86666f8f6e633fa0e353e71580d61a8c931ca26653dff702d275a9e77,READY,
Jsoup,16,DeepSeek V4 Flash,org.jsoup.nodes.DocumentType,YES,DocumentTypeDeepseekTest.java,78c2eecb16bbbee32d5eed2744da5127c926cf53a7b91fd8ecef63c6a1a747d8,READY,
Jsoup,16,Gemini 3.8 Flash,org.jsoup.nodes.DocumentType,YES,DocumentTypeGeminiTest.java,ea479f8c9e7b6ed415e189d924cc1b3c0d0d66063c29cb098cfb8879bb68c261,READY,
Jsoup,17,IPO (Native IPO),org.jsoup.parser.TreeBuilderState,NO,,,NO_SUITE,
Jsoup,17,MIO (EvoSuite SBST),org.jsoup.parser.TreeBuilderState,YES,TreeBuilderState_ESTest.java,bef4c99541f900970cf428ec5f07784d3dfbb119151f9b7b350cedb7cd0a8fad,READY,
Jsoup,17,DeepSeek V4 Flash,org.jsoup.parser.TreeBuilderState,YES,TreeBuilderStateDeepseekTest.java,0608375cbce8753d96679bcdcab9f548c73632b52474c8b17a3a871ed49e15ae,READY,
Jsoup,17,Gemini 3.8 Flash,org.jsoup.parser.TreeBuilderState,YES,TreeBuilderStateGeminiTest.java,876240d8378dc5e3d32193dba00a178aa571c7a257ad828dc262132c56359703,READY,
Jsoup,18,IPO (Native IPO),org.jsoup.parser.CharacterReader,NO,,,NO_SUITE,
Jsoup,18,MIO (EvoSuite SBST),org.jsoup.parser.CharacterReader,YES,CharacterReader_ESTest.java,8a72847208203f0c107ec3639149309ee38164e7c8d521325566b9afdaf3547e,READY,
Jsoup,18,DeepSeek V4 Flash,org.jsoup.parser.CharacterReader,YES,CharacterReaderDeepseekTest.java,445a7259bac13b37e7f38dfdfbfb2ae5105fdd64d32a0e25e08e48019b605430,READY,
Jsoup,18,Gemini 3.8 Flash,org.jsoup.parser.CharacterReader,YES,CharacterReaderGeminiTest.java,2aabedb676de289b06453bd45c81703700c1fefa5d6078812656e08ab977cbe9,READY,
Jsoup,19,IPO (Native IPO),org.jsoup.safety.Whitelist,NO,,,NO_SUITE,
Jsoup,19,MIO (EvoSuite SBST),org.jsoup.safety.Whitelist,YES,Whitelist_ESTest.java,dc8e8835528707106b20c2f4a47d59ea20e4dfbc6aa7ab9d6ab115548f0c458c,READY,
Jsoup,19,DeepSeek V4 Flash,org.jsoup.safety.Whitelist,YES,WhitelistDeepseekTest.java,1c397ac059b7a3c91027bf37f509833dd4aa06eff829badd4ab44098ddde6349,READY,
Jsoup,19,Gemini 3.8 Flash,org.jsoup.safety.Whitelist,YES,WhitelistGeminiTest.java,05dccea96fba721fce00c033cae3347ed7c77b416ad8dc83687ec3afd809ea6d,READY,
Jsoup,20,IPO (Native IPO),org.jsoup.helper.DataUtil,YES,DataUtil_IPOTest.java,e056f051677d929aae1b0d42ed4d54cb0e1f7d89dcb75ef8b961bd6558b24ed2,READY,
Jsoup,20,MIO (EvoSuite SBST),org.jsoup.helper.DataUtil,YES,DataUtil_ESTest.java,bcda4b8207356e2fa76f024b361c1c7237bb4326e9f96de5dc19cc216433f102,READY,
Jsoup,20,DeepSeek V4 Flash,org.jsoup.helper.DataUtil,YES,DataUtilDeepseekTest.java,6e4888cfdaca4f53fda4003322be1711709033f6302a795b8e53ee567c49b511,READY,
Jsoup,20,Gemini 3.8 Flash,org.jsoup.helper.DataUtil,YES,DataUtilGeminiTest.java,ae5c8ba65bfec25313a0a6555c1bc256073842c702f4488824fd5a2e7d7e2b87,READY,
Jsoup,21,IPO (Native IPO),org.jsoup.select.CombiningEvaluator;org.jsoup.select.QueryParser,NO,,,NO_SUITE,
Jsoup,21,MIO (EvoSuite SBST),org.jsoup.select.CombiningEvaluator;org.jsoup.select.QueryParser,YES,CombiningEvaluator_ESTest.java;QueryParser_ESTest.java,bb2a1c8877c63db26576be0a9bad515a362430ff0b6b2ca18401527311007cc2,READY,
Jsoup,21,DeepSeek V4 Flash,org.jsoup.select.CombiningEvaluator;org.jsoup.select.QueryParser,YES,CombiningEvaluatorDeepseekTest.java;QueryParserDeepseekTest.java,908bdcc2ed3c3c8759fac66984ca9a519552170f32b26b0358f18595ca405624,READY,
Jsoup,21,Gemini 3.8 Flash,org.jsoup.select.CombiningEvaluator;org.jsoup.select.QueryParser,YES,CombiningEvaluatorGeminiTest.java;QueryParserGeminiTest.java,bdde06212161f78cc891c049fa783d68e4c5edd906cb24f80ac4f8dd7b9beee4,READY,
Jsoup,22,IPO (Native IPO),org.jsoup.nodes.Element;org.jsoup.nodes.Node;org.jsoup.select.Elements,YES,Element_IPOTest.java;Elements_IPOTest.java,43cb11e0f9b71c53d69ecd43dae160516349e33d221cf1bd1ad0be10a56cdba1,READY,
Jsoup,22,MIO (EvoSuite SBST),org.jsoup.nodes.Element;org.jsoup.nodes.Node;org.jsoup.select.Elements,YES,Elements_ESTest.java;Element_ESTest.java;Node_ESTest.java,f6e751e3715878851592bb7547f6125d13c0abb7dbaccf2e4e0854c2352c10e9,READY,
Jsoup,22,DeepSeek V4 Flash,org.jsoup.nodes.Element;org.jsoup.nodes.Node;org.jsoup.select.Elements,YES,ElementDeepseekTest.java;ElementsDeepseekTest.java;NodeDeepseekTest.java,191d3c395fc8d63de898bea9bf833336eb1b2ace089bae2803728875707a49e8,READY,
Jsoup,22,Gemini 3.8 Flash,org.jsoup.nodes.Element;org.jsoup.nodes.Node;org.jsoup.select.Elements,YES,ElementGeminiTest.java;ElementsGeminiTest.java;NodeGeminiTest.java,547af1bea7be836a39bf1bb927631f76a4ad012d014b58e6fe0e028a74bf4215,READY,
Jsoup,23,IPO (Native IPO),org.jsoup.parser.CharacterReader;org.jsoup.parser.Tokeniser,NO,,,NO_SUITE,
Jsoup,23,MIO (EvoSuite SBST),org.jsoup.parser.CharacterReader;org.jsoup.parser.Tokeniser,YES,CharacterReader_ESTest.java;Tokeniser_ESTest.java,a1649ec472de22fcc49372b542eb0e2856bc4d42aaa7dc0f669372d6f3417934,READY,
Jsoup,23,DeepSeek V4 Flash,org.jsoup.parser.CharacterReader;org.jsoup.parser.Tokeniser,YES,CharacterReaderDeepseekTest.java;TokeniserDeepseekTest.java,93e60b3db31ad20ff749a90d59c35f7a2571fe104d7c14e5bbe50723846af409,READY,
Jsoup,23,Gemini 3.8 Flash,org.jsoup.parser.CharacterReader;org.jsoup.parser.Tokeniser,YES,CharacterReaderGeminiTest.java;TokeniserGeminiTest.java,204932e3a3243410784d7fed6ed1ffe3f68b84b0741ec6a35fe265026571c7dd,READY,
Jsoup,24,IPO (Native IPO),org.jsoup.parser.TokeniserState,NO,,,NO_SUITE,
Jsoup,24,MIO (EvoSuite SBST),org.jsoup.parser.TokeniserState,YES,TokeniserState_ESTest.java,5b49d7e12e58e1ba46ef329a07b381a4b28335884ca8cd9bff489818d868cd76,READY,
Jsoup,24,DeepSeek V4 Flash,org.jsoup.parser.TokeniserState,YES,TokeniserStateDeepseekTest.java,bdbaacb3287b7f59a17774560c202ba84784a9ab9bb91d64e9e036f0bef13291,READY,
Jsoup,24,Gemini 3.8 Flash,org.jsoup.parser.TokeniserState,YES,TokeniserStateGeminiTest.java,fe6610edd4fc2ee095613e139be62faeeb0a113a045ebd7baed52c819fffc9ed,READY,
Jsoup,25,IPO (Native IPO),org.jsoup.parser.Tag,YES,Tag_IPOTest.java,209cb8b9e57db3c48140ea2cd915af5ecef7711363969df5910fa1652dd6dc97,READY,
Jsoup,25,MIO (EvoSuite SBST),org.jsoup.parser.Tag,YES,Tag_ESTest.java,4e6af3999c369ef1922314a32601b859d016146d779ea95708703b116e4cf9d1,READY,
Jsoup,25,DeepSeek V4 Flash,org.jsoup.parser.Tag,YES,TagDeepseekTest.java,de242a8ec86f3e1a726f6b9f70ee80633dcdaa6c9606d3a730c1b577f44a4967,READY,
Jsoup,25,Gemini 3.8 Flash,org.jsoup.parser.Tag,YES,TagGeminiTest.java,56ddc76628594f00c4bb628ef6899e6ef480463a65d3797cc652bf9b3bf8cd7d,READY,
Jsoup,26,IPO (Native IPO),org.jsoup.safety.Cleaner,NO,,,NO_SUITE,
Jsoup,26,MIO (EvoSuite SBST),org.jsoup.safety.Cleaner,YES,Cleaner_ESTest.java,ec8a64e6ba6141aa9cfeeb798677d8038922c657ef6479de074a79ab9ecdc842,READY,
Jsoup,26,DeepSeek V4 Flash,org.jsoup.safety.Cleaner,YES,CleanerDeepseekTest.java,cf0c69595e54ab3308b10433e92567eff20f66c60fe95ece85e94bfc994c576e,READY,
Jsoup,26,Gemini 3.8 Flash,org.jsoup.safety.Cleaner,YES,CleanerGeminiTest.java,8cda6c1a94d625ed898afa8171d49a470298b126283bc0529650bc8e5827b175,READY,
Jsoup,27,IPO (Native IPO),org.jsoup.helper.DataUtil,YES,DataUtil_IPOTest.java,e056f051677d929aae1b0d42ed4d54cb0e1f7d89dcb75ef8b961bd6558b24ed2,READY,
Jsoup,27,MIO (EvoSuite SBST),org.jsoup.helper.DataUtil,YES,DataUtil_ESTest.java,cec3818841a27968ce892aedf49ebab17790f6b282f2845145d69da93080e038,READY,
Jsoup,27,DeepSeek V4 Flash,org.jsoup.helper.DataUtil,YES,DataUtilDeepseekTest.java,e0e2ba74f0e50f6089a77200d85b5303e092098e9790a0b72fd6d5bc0e689a66,READY,
Jsoup,27,Gemini 3.8 Flash,org.jsoup.helper.DataUtil,YES,DataUtilGeminiTest.java,e3adbcaa01caf855ddc6275eabd2c818b3d8b06c02558b1d2dd2b8961cad2c69,READY,
Jsoup,28,IPO (Native IPO),org.jsoup.nodes.Entities;org.jsoup.parser.Parser;org.jsoup.parser.Tokeniser,YES,Parser_IPOTest.java,2903fa9adbb9aa07995a0e8c688c644fa19d59f0bab7d3f4d6ac91082c15fbde,READY,
Jsoup,28,MIO (EvoSuite SBST),org.jsoup.nodes.Entities;org.jsoup.parser.Parser;org.jsoup.parser.Tokeniser,YES,Entities_ESTest.java;Parser_ESTest.java;Tokeniser_ESTest.java,a6f7dd50a518bc15793ea4167b75126ef59b84c13c03735aea4083d6737e86e8,READY,
Jsoup,28,DeepSeek V4 Flash,org.jsoup.nodes.Entities;org.jsoup.parser.Parser;org.jsoup.parser.Tokeniser,YES,EntitiesDeepseekTest.java;ParserDeepseekTest.java;TokeniserDeepseekTest.java,3e7b2887a611d73f935afaec0a0bf288f0f2c8ea31d67cba15c6066b3739af4c,READY,
Jsoup,28,Gemini 3.8 Flash,org.jsoup.nodes.Entities;org.jsoup.parser.Parser;org.jsoup.parser.Tokeniser,YES,EntitiesGeminiTest.java;ParserGeminiTest.java;TokeniserGeminiTest.java,8fd1603a3ea5151893d2412718857d18b2877124767ec9ea6de250f383d2bf55,READY,
Jsoup,29,IPO (Native IPO),org.jsoup.nodes.Document,YES,Document_IPOTest.java,9d507cb32a8a1dd166ac991a1908a1e3a2b2a8fd98a71c05a9c7c52e7eddc099,READY,
Jsoup,29,MIO (EvoSuite SBST),org.jsoup.nodes.Document,YES,Document_ESTest.java,d9eb8bcb377e5e6fa06987baf4ea2fed80837ff986b9d46a573364207bb16457,READY,
Jsoup,29,DeepSeek V4 Flash,org.jsoup.nodes.Document,YES,DocumentDeepseekTest.java,6c6330c34d6e38bbcc0096ebc6f11a3dccbbdd1a8b3fa0a84df656605732705a,READY,
Jsoup,29,Gemini 3.8 Flash,org.jsoup.nodes.Document,YES,DocumentGeminiTest.java,fb214063030b89d99c2d813ba2c3895d6c60dddbe44b7e88f577451d07d69a70,READY,
Jsoup,30,IPO (Native IPO),org.jsoup.safety.Cleaner,NO,,,NO_SUITE,
Jsoup,30,MIO (EvoSuite SBST),org.jsoup.safety.Cleaner,YES,Cleaner_ESTest.java,5c65845baa16a703fdd2dc22269cff5d0212ab8494c582917f6c0adf6dca0365,READY,
Jsoup,30,DeepSeek V4 Flash,org.jsoup.safety.Cleaner,YES,CleanerDeepseekTest.java,7faa1ab16fbc9339ae284260a1ec1c4acf17d4a4618b343efe70f71d6e8e652a,READY,
Jsoup,30,Gemini 3.8 Flash,org.jsoup.safety.Cleaner,YES,CleanerGeminiTest.java,bc8eaea85c0a1a9da178e2e5a648e19cbafdc41ab2464fe903fa34fca51f3704,READY,
Jsoup,31,IPO (Native IPO),org.jsoup.parser.Token;org.jsoup.parser.TokeniserState;org.jsoup.parser.XmlTreeBuilder,NO,,,NO_SUITE,
Jsoup,31,MIO (EvoSuite SBST),org.jsoup.parser.Token;org.jsoup.parser.TokeniserState;org.jsoup.parser.XmlTreeBuilder,YES,TokeniserState_ESTest.java;Token_ESTest.java;XmlTreeBuilder_ESTest.java,072ebcbff27201e55c22d30e104c825a24efc64870c0d9478c83e2f34b3a89b5,READY,
Jsoup,31,DeepSeek V4 Flash,org.jsoup.parser.Token;org.jsoup.parser.TokeniserState;org.jsoup.parser.XmlTreeBuilder,YES,TokenDeepseekTest.java;TokeniserStateDeepseekTest.java;XmlTreeBuilderDeepseekTest.java,c6286aff32693969187611d9a1ee42a33e66223c36698a061a7f2a3460423bae,READY,
Jsoup,31,Gemini 3.8 Flash,org.jsoup.parser.Token;org.jsoup.parser.TokeniserState;org.jsoup.parser.XmlTreeBuilder,YES,TokenGeminiTest.java;TokeniserStateGeminiTest.java;XmlTreeBuilderGeminiTest.java,d7e292829358f775859d53b50a5ce67db0e7205b869db6cc79e00ebcad9fad78,READY,
Jsoup,32,IPO (Native IPO),org.jsoup.nodes.Element,YES,Element_IPOTest.java,fbfafb801d5b68c487a36583333ac90b621ddae0a35f883882c749564ba1a7ba,READY,
Jsoup,32,MIO (EvoSuite SBST),org.jsoup.nodes.Element,YES,Element_ESTest.java,ba914b1fd84cb0e2a4deb41f5b7a5fcb0b9be7ceae63fe094b7ecdc4c1aa1dfd,READY,
Jsoup,32,DeepSeek V4 Flash,org.jsoup.nodes.Element,YES,ElementDeepseekTest.java,9030ba167ca535eced200574dbc5d1a8509dc3fcf54d88644d06ffd71c8ed7fc,READY,
Jsoup,32,Gemini 3.8 Flash,org.jsoup.nodes.Element,YES,ElementGeminiTest.java,2a71be74e02a041a1902770a0124391228f255d94be9c98c475def21205892ad,READY,
Jsoup,33,IPO (Native IPO),org.jsoup.parser.HtmlTreeBuilder,NO,,,NO_SUITE,
Jsoup,33,MIO (EvoSuite SBST),org.jsoup.parser.HtmlTreeBuilder,YES,HtmlTreeBuilder_ESTest.java,aae9a16c8a039358319c4a16ff395accc602b16886305128f8522143060a65bf,READY,
Jsoup,33,DeepSeek V4 Flash,org.jsoup.parser.HtmlTreeBuilder,YES,HtmlTreeBuilderDeepseekTest.java,b5a9f4e9b56865bda129e78e75555e6f53a4eb77a32712e5cbb953fcd40086d2,READY,
Jsoup,33,Gemini 3.8 Flash,org.jsoup.parser.HtmlTreeBuilder,YES,HtmlTreeBuilderGeminiTest.java,55f50cb5841c7119a809944e81bab0897458265b8272ecd2bdd7312d93aae143,READY,
Jsoup,34,IPO (Native IPO),org.jsoup.parser.CharacterReader,NO,,,NO_SUITE,
Jsoup,34,MIO (EvoSuite SBST),org.jsoup.parser.CharacterReader,YES,CharacterReader_ESTest.java,0da4abe6e3e12a3bdde0f340992f9ac3e03312eee79bf2359a59b82b7a44753e,READY,
Jsoup,34,DeepSeek V4 Flash,org.jsoup.parser.CharacterReader,YES,CharacterReaderDeepseekTest.java,2a176d8361835fb51efbcd016bd172ee947f7e074b68a61e942213fc217d701a,READY,
Jsoup,34,Gemini 3.8 Flash,org.jsoup.parser.CharacterReader,YES,CharacterReaderGeminiTest.java,7fa6f159e2fa7006db078824a5445c4ef2304fa56d3678c0dd0d1e55c5246916,READY,
Jsoup,35,IPO (Native IPO),org.jsoup.parser.HtmlTreeBuilderState,NO,,,NO_SUITE,
Jsoup,35,MIO (EvoSuite SBST),org.jsoup.parser.HtmlTreeBuilderState,YES,HtmlTreeBuilderState_ESTest.java,1400b2d3372e8005b0f791e34903df63f74bb185a5b37fcc902faa5fbbe0f818,READY,
Jsoup,35,DeepSeek V4 Flash,org.jsoup.parser.HtmlTreeBuilderState,YES,HtmlTreeBuilderStateDeepseekTest.java,25a743ccd79952d23a5eda84e0af716ed58f377fb2433258a704f5c9b8df0335,READY,
Jsoup,35,Gemini 3.8 Flash,org.jsoup.parser.HtmlTreeBuilderState,YES,HtmlTreeBuilderStateGeminiTest.java,2b63d1ca6d706c392ead719fbc308f2647d729adc8871b892d3967bc52d2c53a,READY,
Jsoup,36,IPO (Native IPO),org.jsoup.helper.DataUtil,YES,DataUtil_IPOTest.java,e056f051677d929aae1b0d42ed4d54cb0e1f7d89dcb75ef8b961bd6558b24ed2,READY,
Jsoup,36,MIO (EvoSuite SBST),org.jsoup.helper.DataUtil,YES,DataUtil_ESTest.java,bf2c6a9936303b72da83e0ce596d93dd9a11b8a2f55c3da575efd7a36657bff7,READY,
Jsoup,36,DeepSeek V4 Flash,org.jsoup.helper.DataUtil,YES,DataUtilDeepseekTest.java,b1e1727b093daccd8e4d5e8b15d697a26df3f23d113513ca17d8c5bb7324f278,READY,
Jsoup,36,Gemini 3.8 Flash,org.jsoup.helper.DataUtil,YES,DataUtilGeminiTest.java,5c47b30497341292b75f901b839718b525891c9436a78f5ebd0bd37d13247155,READY,
Jsoup,37,IPO (Native IPO),org.jsoup.nodes.Element,YES,Element_IPOTest.java,9a8e17894bc0e7c349dd6995b98ed4b4b4edb524dcaecf0fba3162cb4fa8fc46,READY,
Jsoup,37,MIO (EvoSuite SBST),org.jsoup.nodes.Element,YES,Element_ESTest.java,bfbcab97add2f5c2e9cac39dc4880a7ce971fa4f87112a6c849fafc3e906a7b7,READY,
Jsoup,37,DeepSeek V4 Flash,org.jsoup.nodes.Element,YES,ElementDeepseekTest.java,e6064f431fcbedef47600a9db68f3610ce6a9932b8fcf36772b0be256429cb0d,READY,
Jsoup,37,Gemini 3.8 Flash,org.jsoup.nodes.Element,YES,ElementGeminiTest.java,c97834a0b732097a56b345b8909b2d63bee3346d5ead157ca0825ce7b192fda2,READY,
Jsoup,38,IPO (Native IPO),org.jsoup.parser.HtmlTreeBuilderState,NO,,,NO_SUITE,
Jsoup,38,MIO (EvoSuite SBST),org.jsoup.parser.HtmlTreeBuilderState,YES,HtmlTreeBuilderState_ESTest.java,dd705ce272f5fccc8b035ef3f39eccb941629981a3f18ded17d73aca6bbecfbf,READY,
Jsoup,38,DeepSeek V4 Flash,org.jsoup.parser.HtmlTreeBuilderState,YES,HtmlTreeBuilderStateDeepseekTest.java,086920822532c5511f76d9619b85227c71abe53bf86d784c6dce75773e298950,READY,
Jsoup,38,Gemini 3.8 Flash,org.jsoup.parser.HtmlTreeBuilderState,YES,HtmlTreeBuilderStateGeminiTest.java,e2e1ec24d88f86f6afbfbff178c5ab1ac5ccc7b2cfe5aa2166bb43991edb4e2b,READY,
Jsoup,39,IPO (Native IPO),org.jsoup.helper.DataUtil,YES,DataUtil_IPOTest.java,e056f051677d929aae1b0d42ed4d54cb0e1f7d89dcb75ef8b961bd6558b24ed2,READY,
Jsoup,39,MIO (EvoSuite SBST),org.jsoup.helper.DataUtil,YES,DataUtil_ESTest.java,5df342fb36f047d9f3052fb97c3e88d4a4561a32c8d20ed13b22ccf4972dc6b0,READY,
Jsoup,39,DeepSeek V4 Flash,org.jsoup.helper.DataUtil,YES,DataUtilDeepseekTest.java,284ea8bf4a4611c86166f037ebb35e4bfb4fd4b33902a8771169f78d005c0172,READY,
Jsoup,39,Gemini 3.8 Flash,org.jsoup.helper.DataUtil,YES,DataUtilGeminiTest.java,1ca83830de7d5f5cac7aa87a676d47a933eeebde9dece5051f91dfad7f3c8d66,READY,
Jsoup,40,IPO (Native IPO),org.jsoup.nodes.DocumentType,YES,DocumentType_IPOTest.java,da5a3beb9755ebeda22356a1cc7c9a719ff0a53cf0f31d3dc236cc1a55b56892,READY,
Jsoup,40,MIO (EvoSuite SBST),org.jsoup.nodes.DocumentType,YES,DocumentType_ESTest.java,be746d59cc78b80499999d66d905dd165b6787bfe2bd8a36a5ab233a6bcf51ba,READY,
Jsoup,40,DeepSeek V4 Flash,org.jsoup.nodes.DocumentType,YES,DocumentTypeDeepseekTest.java,cbede10eef92fec9f57482564b437a5aaf0218d8a3e046f57bb8f74b3768c2af,READY,
Jsoup,40,Gemini 3.8 Flash,org.jsoup.nodes.DocumentType,YES,DocumentTypeGeminiTest.java,26e1caa8d0b79a41014214fc90115186c98c171ed6b287979f628ce21b8cbb28,READY,
Jsoup,41,IPO (Native IPO),org.jsoup.nodes.Element,YES,Element_IPOTest.java,8b24e273fa03c94fc495a95d3787bcbd21b061f5b8bc888fb7149680d26a9695,READY,
Jsoup,41,MIO (EvoSuite SBST),org.jsoup.nodes.Element,YES,Element_ESTest.java,cdd2dfa99d6af3ddcce92185a62b8aaa01e11106f1535bd4649a0796c045b57d,READY,
Jsoup,41,DeepSeek V4 Flash,org.jsoup.nodes.Element,YES,ElementDeepseekTest.java,aaa3d9f5e9f00ef5790a77b4517450b7dae47fa5d446c4fbdc06e91bf8ac7793,READY,
Jsoup,41,Gemini 3.8 Flash,org.jsoup.nodes.Element,YES,ElementGeminiTest.java,1c67f6ab4aa9eee375203aef91f265e0b07e61a58fe60d76f54e90b8660fa236,READY,
Jsoup,42,IPO (Native IPO),org.jsoup.nodes.FormElement,YES,FormElement_IPOTest.java,6d15196123363fc06f81cc4428e29db54e0aff750f3b9a8d3edc06c6d4e16314,READY,
Jsoup,42,MIO (EvoSuite SBST),org.jsoup.nodes.FormElement,YES,FormElement_ESTest.java,8c4edaed913848767ecf5cce04777ca8922b64b511a34db1ee8e677cb8164ddf,READY,
Jsoup,42,DeepSeek V4 Flash,org.jsoup.nodes.FormElement,YES,FormElementDeepseekTest.java,80ee87ffcea0866d161169fe98cd8dc91b0c5aa535f3447330f266ee36774963,READY,
Jsoup,42,Gemini 3.8 Flash,org.jsoup.nodes.FormElement,YES,FormElementGeminiTest.java,827f27c67740cbdf44919bdac1b36b8a4c9ef7bbef1c743ccc43158b1fa6315f,READY,
Jsoup,43,IPO (Native IPO),org.jsoup.nodes.Element,YES,Element_IPOTest.java,8b24e273fa03c94fc495a95d3787bcbd21b061f5b8bc888fb7149680d26a9695,READY,
Jsoup,43,MIO (EvoSuite SBST),org.jsoup.nodes.Element,YES,Element_ESTest.java,e88a01d056b538705ae84178c179c45a08eae7cbaa32eb82294eb3e39f63c6bf,READY,
Jsoup,43,DeepSeek V4 Flash,org.jsoup.nodes.Element,YES,ElementDeepseekTest.java,95fbaaefbe990b6e74a9fefc8718ab7f8959662c3ee562038e303960256db298,READY,
Jsoup,43,Gemini 3.8 Flash,org.jsoup.nodes.Element,YES,ElementGeminiTest.java,99ee985439848bdd749c3c0f6f1c005ba4a1f5a6c083d5347de12b6cf3adda52,READY,
Jsoup,44,IPO (Native IPO),org.jsoup.parser.TreeBuilder,YES,TreeBuilder_IPOTest.java,44ed1f49fafcb29c5a39df5705029de54fa0041bcf6be8eba165a8420fe2b69e,READY,
Jsoup,44,MIO (EvoSuite SBST),org.jsoup.parser.TreeBuilder,YES,TreeBuilder_ESTest.java,95db5b3d015b7124005c62d27e5e63894a68f30bb58c4d34bce0c9ad925dd99a,READY,
Jsoup,44,DeepSeek V4 Flash,org.jsoup.parser.TreeBuilder,YES,TreeBuilderDeepseekTest.java,cb67dc40ef34ba551300616955bf273e9f0b64a53a4bd2d924298cfd07431c00,READY,
Jsoup,44,Gemini 3.8 Flash,org.jsoup.parser.TreeBuilder,YES,TreeBuilderGeminiTest.java,ecde1c706463e2bce1604a778294a2e342e406b21ba74ba677427b29691d5629,READY,
Jsoup,45,IPO (Native IPO),org.jsoup.parser.HtmlTreeBuilder,NO,,,NO_SUITE,
Jsoup,45,MIO (EvoSuite SBST),org.jsoup.parser.HtmlTreeBuilder,YES,HtmlTreeBuilder_ESTest.java,2c7276fdfeaf3d156764b1adb0ede6c2bd52666785f3163786a59dc8de85bc7a,READY,
Jsoup,45,DeepSeek V4 Flash,org.jsoup.parser.HtmlTreeBuilder,YES,HtmlTreeBuilderDeepseekTest.java,01e19fe9a0698d38c1a66d836b42c9dbdaf688b59f8475fcf4234631da33dda0,READY,
Jsoup,45,Gemini 3.8 Flash,org.jsoup.parser.HtmlTreeBuilder,YES,HtmlTreeBuilderGeminiTest.java,59a2911eb963a5b29d6bc520106de6dde52527ea058ecc7f9567e67549193a1b,READY,
Jsoup,46,IPO (Native IPO),org.jsoup.nodes.Entities,NO,,,NO_SUITE,
Jsoup,46,MIO (EvoSuite SBST),org.jsoup.nodes.Entities,YES,Entities_ESTest.java,ac602f5d6dbea0d828fb6a44dfdedf14e40169764b0337868b00e11c431eea19,READY,
Jsoup,46,DeepSeek V4 Flash,org.jsoup.nodes.Entities,YES,EntitiesDeepseekTest.java,cc97286d1a454e52adb8a6121e8ba0878c2646cb707af3cbfc07ffcc3ae4180c,READY,
Jsoup,46,Gemini 3.8 Flash,org.jsoup.nodes.Entities,YES,EntitiesGeminiTest.java,c03d597fb0c31a39bfc14b5d530f866dca22decf43fa24523491283aa19657c9,READY,
Jsoup,47,IPO (Native IPO),org.jsoup.nodes.Entities,NO,,,NO_SUITE,
Jsoup,47,MIO (EvoSuite SBST),org.jsoup.nodes.Entities,YES,Entities_ESTest.java,b9aeee7451391e4e2d23307d091c1b30ca61794b111eea1acf3f7dff961ebf0b,READY,
Jsoup,47,DeepSeek V4 Flash,org.jsoup.nodes.Entities,YES,EntitiesDeepseekTest.java,01edc4671d726fa99cabca9faf3d5247dd24dbf0ff69f74abc7dbe298bc18821,READY,
Jsoup,47,Gemini 3.8 Flash,org.jsoup.nodes.Entities,YES,EntitiesGeminiTest.java,b7467006a6274c59f29212a310c3bc4f09b8c368e7dce66a14d191f62161f181,READY,
Jsoup,48,IPO (Native IPO),org.jsoup.helper.HttpConnection,NO,,,NO_SUITE,
Jsoup,48,MIO (EvoSuite SBST),org.jsoup.helper.HttpConnection,YES,HttpConnection_ESTest.java,c58aba9474f148c77ca89d1abb349169465f14f79d4169e6bc217d1546a91ee0,READY,
Jsoup,48,DeepSeek V4 Flash,org.jsoup.helper.HttpConnection,YES,HttpConnectionDeepseekTest.java,681d5ad28c0ab1b0f74be3b9a3af46bb08076ad861e315b31de4e2a1d553db2c,READY,
Jsoup,48,Gemini 3.8 Flash,org.jsoup.helper.HttpConnection,YES,HttpConnectionGeminiTest.java,32db7c1138911c91165c251fd25352101d412cc900e222282c6b5cde0dd53ef6,READY,
Jsoup,49,IPO (Native IPO),org.jsoup.nodes.Node,NO,,,NO_SUITE,
Jsoup,49,MIO (EvoSuite SBST),org.jsoup.nodes.Node,YES,Node_ESTest.java,2539e064ceda10f828da0e90b6da3388bc74435012a87b7a24c5327545431717,READY,
Jsoup,49,DeepSeek V4 Flash,org.jsoup.nodes.Node,YES,NodeDeepseekTest.java,c993f3e650d270c8e04f70ef541a2243eb9b802d1d04c88ed83a76fdf15ce849,READY,
Jsoup,49,Gemini 3.8 Flash,org.jsoup.nodes.Node,YES,NodeGeminiTest.java,8d55718446dd43985d519463c124af57d6eb4c2929e4e99300b25e3e16c98293,READY,
Jsoup,50,IPO (Native IPO),org.jsoup.helper.DataUtil,YES,DataUtil_IPOTest.java,aa0730b19428278352fd848b679fd6c3120d7760ce6645c8b960fe53cc1b1af1,READY,
Jsoup,50,MIO (EvoSuite SBST),org.jsoup.helper.DataUtil,YES,DataUtil_ESTest.java,b511157d15457de2fabbc9ffda9ea7566b89374a39dc5fb7deafbacd8161398d,READY,
Jsoup,50,DeepSeek V4 Flash,org.jsoup.helper.DataUtil,YES,DataUtilDeepseekTest.java,c908542af0e4c46d2de86659d743fee7a385e243f031463b71a42679eabc7f81,READY,
Jsoup,50,Gemini 3.8 Flash,org.jsoup.helper.DataUtil,YES,DataUtilGeminiTest.java,1558249363912d8ca78ef033241b49c16af59e4f501d6dc848ce5b867fbf1c58,READY,
Jsoup,51,IPO (Native IPO),org.jsoup.parser.CharacterReader,NO,,,NO_SUITE,
Jsoup,51,MIO (EvoSuite SBST),org.jsoup.parser.CharacterReader,YES,CharacterReader_ESTest.java,b90efe92f2b0dbdd0e14faf04f861e117c64e961246a1bc072a33ab7162362c8,READY,
Jsoup,51,DeepSeek V4 Flash,org.jsoup.parser.CharacterReader,YES,CharacterReaderDeepseekTest.java,df2daafbc86e329e857b0e3b5dfc3a322e0e6c266bec413339b40353463bee51,READY,
Jsoup,51,Gemini 3.8 Flash,org.jsoup.parser.CharacterReader,YES,CharacterReaderGeminiTest.java,92ad2c664b42940162b4ae9056bb81ad8d96c55755cf88de828a6914ba0c09b8,READY,
Jsoup,52,IPO (Native IPO),org.jsoup.helper.DataUtil;org.jsoup.nodes.XmlDeclaration;org.jsoup.parser.XmlTreeBuilder,YES,DataUtil_IPOTest.java;XmlDeclaration_IPOTest.java,4adc03173cba6c14c696c22c868126e50dafefe4706772e5cc7d4fb6ea345080,READY,
Jsoup,52,MIO (EvoSuite SBST),org.jsoup.helper.DataUtil;org.jsoup.nodes.XmlDeclaration;org.jsoup.parser.XmlTreeBuilder,YES,DataUtil_ESTest.java;XmlDeclaration_ESTest.java;XmlTreeBuilder_ESTest.java,e32a4d636c9f5703976f62674ef346a9eb2400e1cc0be5b73f69f537752bcecd,READY,
Jsoup,52,DeepSeek V4 Flash,org.jsoup.helper.DataUtil;org.jsoup.nodes.XmlDeclaration;org.jsoup.parser.XmlTreeBuilder,YES,DataUtilDeepseekTest.java;XmlDeclarationDeepseekTest.java;XmlTreeBuilderDeepseekTest.java,48d228e9e6d3ad29ac26075199f381602551d4c2b97c2d39fcae8985b2042dbb,READY,
Jsoup,52,Gemini 3.8 Flash,org.jsoup.helper.DataUtil;org.jsoup.nodes.XmlDeclaration;org.jsoup.parser.XmlTreeBuilder,YES,DataUtilGeminiTest.java;XmlDeclarationGeminiTest.java;XmlTreeBuilderGeminiTest.java,e7849eaeb756ca0eced42a6c16d3bc4df8d9cd96984735693f5e9003ee50d478,READY,
Jsoup,53,IPO (Native IPO),org.jsoup.parser.TokenQueue,YES,TokenQueue_IPOTest.java,bbba64195dd124f6c1cd214c20fcea7838c2f59cea2122806066e8ce0c7437d2,READY,
Jsoup,53,MIO (EvoSuite SBST),org.jsoup.parser.TokenQueue,YES,TokenQueue_ESTest.java,15b38c4e96e50c2769f96f699913004441546bfe6fcfa9bc840a33561eeece9c,READY,
Jsoup,53,DeepSeek V4 Flash,org.jsoup.parser.TokenQueue,YES,TokenQueueDeepseekTest.java,fbd63d8323c10aea671565db6592a4abd096c1b03a6e7ec63195f47f19a319ba,READY,
Jsoup,53,Gemini 3.8 Flash,org.jsoup.parser.TokenQueue,YES,TokenQueueGeminiTest.java,1d88dbd969cc2f6853b6d40ccc03c2a145cc5720352e215517af64a174166e39,READY,
Jsoup,54,IPO (Native IPO),org.jsoup.helper.W3CDom,NO,,,NO_SUITE,
Jsoup,54,MIO (EvoSuite SBST),org.jsoup.helper.W3CDom,YES,W3CDom_ESTest.java,06df29c044325017e176bd704f3d3c41227f8e43d2d5ba064277433796456284,READY,
Jsoup,54,DeepSeek V4 Flash,org.jsoup.helper.W3CDom,YES,W3CDomDeepseekTest.java,7ed16fc80176333ae1048d617d22839c60b3825a9a874bd847d2349bf67adfe4,READY,
Jsoup,54,Gemini 3.8 Flash,org.jsoup.helper.W3CDom,YES,W3CDomGeminiTest.java,5e023a11fb35c5059a3a193bb7789e7dc5c8f1bf823ccdc0291b805eb718925f,READY,
Jsoup,55,IPO (Native IPO),org.jsoup.parser.TokeniserState,NO,,,NO_SUITE,
Jsoup,55,MIO (EvoSuite SBST),org.jsoup.parser.TokeniserState,YES,TokeniserState_ESTest.java,142cb349fd5d2479d3b012846e3bdc2b5df0f94ae474c9095403c3db5bec33fa,READY,
Jsoup,55,DeepSeek V4 Flash,org.jsoup.parser.TokeniserState,YES,TokeniserStateDeepseekTest.java,37b026255296a047a5890962124dc32e39d3e7ce8d4d596d4eb45a20b3f48ef6,READY,
Jsoup,55,Gemini 3.8 Flash,org.jsoup.parser.TokeniserState,YES,TokeniserStateGeminiTest.java,e1105848e56b2f34a748348d475c311488cb7b59464094229eceff75befd7e40,READY,
Jsoup,56,IPO (Native IPO),org.jsoup.nodes.DocumentType;org.jsoup.parser.HtmlTreeBuilderState;org.jsoup.parser.Token;org.jsoup.parser.TokeniserState;org.jsoup.parser.XmlTreeBuilder,YES,DocumentType_IPOTest.java,da5a3beb9755ebeda22356a1cc7c9a719ff0a53cf0f31d3dc236cc1a55b56892,READY,
Jsoup,56,MIO (EvoSuite SBST),org.jsoup.nodes.DocumentType;org.jsoup.parser.HtmlTreeBuilderState;org.jsoup.parser.Token;org.jsoup.parser.TokeniserState;org.jsoup.parser.XmlTreeBuilder,YES,DocumentType_ESTest.java;HtmlTreeBuilderState_ESTest.java;TokeniserState_ESTest.java;Token_ESTest.java;XmlTreeBuilder_ESTest.java,39a5ed0f02911ff9ccda7baa3bed04d5322df86a6911c6d8ff34137233a78c40,READY,
Jsoup,56,DeepSeek V4 Flash,org.jsoup.nodes.DocumentType;org.jsoup.parser.HtmlTreeBuilderState;org.jsoup.parser.Token;org.jsoup.parser.TokeniserState;org.jsoup.parser.XmlTreeBuilder,YES,DocumentTypeDeepseekTest.java;HtmlTreeBuilderStateDeepseekTest.java;TokenDeepseekTest.java;TokeniserStateDeepseekTest.java;XmlTreeBuilderDeepseekTest.java,a72eed7d3ede37ba021edcb5b1a7217255b8434123a9db327f4553a97342a425,READY,
Jsoup,56,Gemini 3.8 Flash,org.jsoup.nodes.DocumentType;org.jsoup.parser.HtmlTreeBuilderState;org.jsoup.parser.Token;org.jsoup.parser.TokeniserState;org.jsoup.parser.XmlTreeBuilder,YES,DocumentTypeGeminiTest.java;HtmlTreeBuilderStateGeminiTest.java;TokenGeminiTest.java;TokeniserStateGeminiTest.java;XmlTreeBuilderGeminiTest.java,6daab0ea3d197bf5a14371696fcd042fd8da99d312a35eb66f574201743023a9,READY,
Jsoup,57,IPO (Native IPO),org.jsoup.nodes.Attributes,NO,,,NO_SUITE,
Jsoup,57,MIO (EvoSuite SBST),org.jsoup.nodes.Attributes,YES,Attributes_ESTest.java,0aaeeff5746aa85b06b9080501cc4dfdef443d5e814053ac591b7b5328edee0d,READY,
Jsoup,57,DeepSeek V4 Flash,org.jsoup.nodes.Attributes,YES,AttributesDeepseekTest.java,e71ecc2b7f8d0ca7a12ea31336560e0558ad77e21de8893007303b8193d8c117,READY,
Jsoup,57,Gemini 3.8 Flash,org.jsoup.nodes.Attributes,YES,AttributesGeminiTest.java,d614186981caac8545fad77e6558b7aa05f24d7d6f25efb27a12bdbcbec1be28,READY,
Jsoup,58,IPO (Native IPO),org.jsoup.Jsoup;org.jsoup.parser.Parser;org.jsoup.safety.Cleaner,YES,Jsoup_IPOTest.java;Parser_IPOTest.java,94010364374cc8df949f0c909941140196099ce9e7e1565fc248a21e77ce0bc9,READY,
Jsoup,58,MIO (EvoSuite SBST),org.jsoup.Jsoup;org.jsoup.parser.Parser;org.jsoup.safety.Cleaner,YES,Cleaner_ESTest.java;Jsoup_ESTest.java;Parser_ESTest.java,828b49ce9c082b683771421426f8d015266cabedd53d895762f9505d7d920ef2,READY,
Jsoup,58,DeepSeek V4 Flash,org.jsoup.Jsoup;org.jsoup.parser.Parser;org.jsoup.safety.Cleaner,YES,CleanerDeepseekTest.java;JsoupDeepseekTest.java;ParserDeepseekTest.java,e2194a1813ad7ef5e6bc59a5bb7057e5410c9ba8b64ccf5d74338c2d4aa25589,READY,
Jsoup,58,Gemini 3.8 Flash,org.jsoup.Jsoup;org.jsoup.parser.Parser;org.jsoup.safety.Cleaner,YES,CleanerGeminiTest.java;JsoupGeminiTest.java;ParserGeminiTest.java,cd02219f54cdd19e8006496b3465dbe60df94075b53d6e12ec526acc91d122f5,READY,
Jsoup,59,IPO (Native IPO),org.jsoup.parser.Token,NO,,,NO_SUITE,
Jsoup,59,MIO (EvoSuite SBST),org.jsoup.parser.Token,YES,Token_ESTest.java,1112fe700e4d789cb251ed5473328c45ca6016a25c607b271e9b3625c65f62c0,READY,
Jsoup,59,DeepSeek V4 Flash,org.jsoup.parser.Token,YES,TokenDeepseekTest.java,6c16a204f7b791c9095af5fe1279bd417e81a278d9c4ded0733fc9fbc1f9f163,READY,
Jsoup,59,Gemini 3.8 Flash,org.jsoup.parser.Token,YES,TokenGeminiTest.java,164898549e760d01d73eb459af178fe8cc069b0769bedcbbcd4b43b5388be763,READY,
Jsoup,60,IPO (Native IPO),org.jsoup.parser.TokenQueue;org.jsoup.select.QueryParser,YES,TokenQueue_IPOTest.java,8980b39b3cccd04090aeb9fdd569f2bf22d59868aa63e3079d486f5527acb2b2,READY,
Jsoup,60,MIO (EvoSuite SBST),org.jsoup.parser.TokenQueue;org.jsoup.select.QueryParser,YES,QueryParser_ESTest.java;TokenQueue_ESTest.java,1c25d8fd4208af71f019c39fa42e30cf96753a79dea616546465a3de3533a74c,READY,
Jsoup,60,DeepSeek V4 Flash,org.jsoup.parser.TokenQueue;org.jsoup.select.QueryParser,YES,QueryParserDeepseekTest.java;TokenQueueDeepseekTest.java,71fc78bee9e3ea38352e2d77096e2773dc0ae9a57da1b76323e48408957a708e,READY,
Jsoup,60,Gemini 3.8 Flash,org.jsoup.parser.TokenQueue;org.jsoup.select.QueryParser,YES,QueryParserGeminiTest.java;TokenQueueGeminiTest.java,0622c2ab569e34ab3c0dab880ae313d06165b54913f470d3b6bf508ba4bbfcf1,READY,
Jsoup,61,IPO (Native IPO),org.jsoup.nodes.Element,YES,Element_IPOTest.java,8268f234069892dfa6bb3b9c0430ca1f68a993ca10397f4b42ebaa21b3a251ad,READY,
Jsoup,61,MIO (EvoSuite SBST),org.jsoup.nodes.Element,YES,Element_ESTest.java,a81c3364f0bd6031eb40ae75f6958cbb7526f2abf133b439cac7bf37a025fb2a,READY,
Jsoup,61,DeepSeek V4 Flash,org.jsoup.nodes.Element,YES,ElementDeepseekTest.java,a4c6e962684023814c19316da1309e138d45ec503e20c33b47dd26330b0ba579,READY,
Jsoup,61,Gemini 3.8 Flash,org.jsoup.nodes.Element,YES,ElementGeminiTest.java,972e7c7cd0a17c0c5a81630cd06133659ff0a5da2d7d75ec2e1bf729a66c574d,READY,
Jsoup,62,IPO (Native IPO),org.jsoup.parser.HtmlTreeBuilderState,NO,,,NO_SUITE,
Jsoup,62,MIO (EvoSuite SBST),org.jsoup.parser.HtmlTreeBuilderState,YES,HtmlTreeBuilderState_ESTest.java,d8d4f340558138ec9c47b89632b15fb6921677b8617f120c4e7644ef8a34bcc6,READY,
Jsoup,62,DeepSeek V4 Flash,org.jsoup.parser.HtmlTreeBuilderState,YES,HtmlTreeBuilderStateDeepseekTest.java,8fc9b4d9f8cf2dbc81341513b97720e043bf5b496ca8ff566aeb3ff2ed0360b3,READY,
Jsoup,62,Gemini 3.8 Flash,org.jsoup.parser.HtmlTreeBuilderState,YES,HtmlTreeBuilderStateGeminiTest.java,e01021fa0f415c4d7a3c417ffeaae9ae79e001a355d1ba778b9a25c4f191928a,READY,
Jsoup,63,IPO (Native IPO),org.jsoup.parser.HtmlTreeBuilder;org.jsoup.parser.Tokeniser,NO,,,NO_SUITE,
Jsoup,63,MIO (EvoSuite SBST),org.jsoup.parser.HtmlTreeBuilder;org.jsoup.parser.Tokeniser,YES,HtmlTreeBuilder_ESTest.java;Tokeniser_ESTest.java,0089458527ca8be9a47269ea3e2c0cf0be62eae880b287cca1e3b1c638acb933,READY,
Jsoup,63,DeepSeek V4 Flash,org.jsoup.parser.HtmlTreeBuilder;org.jsoup.parser.Tokeniser,YES,HtmlTreeBuilderDeepseekTest.java;TokeniserDeepseekTest.java,2cc682d914bc6fbf32b0646ab160a1039abbeba338badaa66e4f30c8d066c84c,READY,
Jsoup,63,Gemini 3.8 Flash,org.jsoup.parser.HtmlTreeBuilder;org.jsoup.parser.Tokeniser,YES,HtmlTreeBuilderGeminiTest.java;TokeniserGeminiTest.java,55cd288bdb19ac2510daddc830a5bd22fbef503c6de7ac8b0ea7730a2d91f3d1,READY,
Jsoup,64,IPO (Native IPO),org.jsoup.parser.HtmlTreeBuilderState,NO,,,NO_SUITE,
Jsoup,64,MIO (EvoSuite SBST),org.jsoup.parser.HtmlTreeBuilderState,YES,HtmlTreeBuilderState_ESTest.java,ace5d93463e33cab52cee2d6c1faad7b3f21afcb96a0647737e25b14f0c5c246,READY,
Jsoup,64,DeepSeek V4 Flash,org.jsoup.parser.HtmlTreeBuilderState,YES,HtmlTreeBuilderStateDeepseekTest.java,f547aa3d1a0e3eeb771ce9451249054b8b06533235175bd7f78d199d1c5c4939,READY,
Jsoup,64,Gemini 3.8 Flash,org.jsoup.parser.HtmlTreeBuilderState,YES,HtmlTreeBuilderStateGeminiTest.java,91a1a26c5ac0ffad4597e089ac8a1c19fe4606bfcb270a07122f5236ae51de67,READY,
Jsoup,65,IPO (Native IPO),org.jsoup.parser.HtmlTreeBuilder;org.jsoup.parser.HtmlTreeBuilderState,NO,,,NO_SUITE,
Jsoup,65,MIO (EvoSuite SBST),org.jsoup.parser.HtmlTreeBuilder;org.jsoup.parser.HtmlTreeBuilderState,YES,HtmlTreeBuilderState_ESTest.java;HtmlTreeBuilder_ESTest.java,7b788c8b1d452630ca5ad24f7e4cf7445c5d1ab575f8b731d5b7c44b700f38d2,READY,
Jsoup,65,DeepSeek V4 Flash,org.jsoup.parser.HtmlTreeBuilder;org.jsoup.parser.HtmlTreeBuilderState,YES,HtmlTreeBuilderDeepseekTest.java;HtmlTreeBuilderStateDeepseekTest.java,9eff672874a4ed0bdcfc1a3faeaa55d45f155fec26dd6a5f63ec9fdcb860dcff,READY,
Jsoup,65,Gemini 3.8 Flash,org.jsoup.parser.HtmlTreeBuilder;org.jsoup.parser.HtmlTreeBuilderState,YES,HtmlTreeBuilderGeminiTest.java;HtmlTreeBuilderStateGeminiTest.java,dbf1d0e8072dec1a54aa87dd5e202b389bb1d47e2ce7587a18d2e21e2c3fac9a,READY,
Jsoup,66,IPO (Native IPO),org.jsoup.nodes.Element,YES,Element_IPOTest.java,c4931b7f9cc5395529ae1374063ff3fa9ef90479f8c82699046f6bb591b097eb,READY,
Jsoup,66,MIO (EvoSuite SBST),org.jsoup.nodes.Element,YES,Element_ESTest.java,f8805da2a38b5d5a9f8f6cecd68c4065b396c8dedd204a0a0893184caf8f0ed6,READY,
Jsoup,66,DeepSeek V4 Flash,org.jsoup.nodes.Element,YES,ElementDeepseekTest.java,49cef763cb1111bec967817158c17fb46695d7e1be1b1bebb4c52c28bc30cde5,READY,
Jsoup,66,Gemini 3.8 Flash,org.jsoup.nodes.Element,YES,ElementGeminiTest.java,ef96006e9ced1c1f648afb92bf71fd4b4bec49478e4723f1d379bcaee315d058,READY,
Jsoup,67,IPO (Native IPO),org.jsoup.parser.HtmlTreeBuilder,NO,,,NO_SUITE,
Jsoup,67,MIO (EvoSuite SBST),org.jsoup.parser.HtmlTreeBuilder,YES,HtmlTreeBuilder_ESTest.java,63b8495aaa1cc6a60444ebb0f464fe7622c84283af794194fae92c108bcb6adf,READY,
Jsoup,67,DeepSeek V4 Flash,org.jsoup.parser.HtmlTreeBuilder,YES,HtmlTreeBuilderDeepseekTest.java,6742513636fc193ca4326161592ea473c2eccd3e37757529faee81d9704d38a8,READY,
Jsoup,67,Gemini 3.8 Flash,org.jsoup.parser.HtmlTreeBuilder,YES,HtmlTreeBuilderGeminiTest.java,cd29155ebdd49c7c3bac1bd0b6e77edc122aebdb2dd489448830d53e90244a83,READY,
Jsoup,68,IPO (Native IPO),org.jsoup.parser.HtmlTreeBuilder,NO,,,NO_SUITE,
Jsoup,68,MIO (EvoSuite SBST),org.jsoup.parser.HtmlTreeBuilder,YES,HtmlTreeBuilder_ESTest.java,92e0110252fb2fb59a7ab89d0b60311f86af4a4790faf8e776d401239c831ed3,READY,
Jsoup,68,DeepSeek V4 Flash,org.jsoup.parser.HtmlTreeBuilder,YES,HtmlTreeBuilderDeepseekTest.java,c56e4e074fd34f03e88cbd8505b32d8d10d8fb67b85a16651d7a678d51691db5,READY,
Jsoup,68,Gemini 3.8 Flash,org.jsoup.parser.HtmlTreeBuilder,YES,HtmlTreeBuilderGeminiTest.java,2a6179a6adfeafa9cbf065e34caff9b4f53e2ae252fd768f56e61066f3ba2e24,READY,
Jsoup,69,IPO (Native IPO),org.jsoup.nodes.FormElement,YES,FormElement_IPOTest.java,4ea79bb06927cf600cf487b324c863e62ea4b526ffa0e0e21d73fe8c35c0f56a,READY,
Jsoup,69,MIO (EvoSuite SBST),org.jsoup.nodes.FormElement,YES,FormElement_ESTest.java,36db04a6b00fb69a2593cc5418ccc29746b11c2894ad1408925fac2bb0a56573,READY,
Jsoup,69,DeepSeek V4 Flash,org.jsoup.nodes.FormElement,YES,FormElementDeepseekTest.java,63982a36f646d81f02802c26d3575b8da30302272eb7e5dfb6204e831267171b,READY,
Jsoup,69,Gemini 3.8 Flash,org.jsoup.nodes.FormElement,YES,FormElementGeminiTest.java,9000834f9695f3312c426a7857ab9a3eeed3713a5620c215394e4b532158d967,READY,
Jsoup,70,IPO (Native IPO),org.jsoup.nodes.Element,YES,Element_IPOTest.java,258930127744102c865295d0b6b02f0da5cd68886113e7e8ceee12fcfadaecd8,READY,
Jsoup,70,MIO (EvoSuite SBST),org.jsoup.nodes.Element,YES,Element_ESTest.java,8731d8e24319f065fe632e03faf62ba519d02159f843a234e42013c17cfe8e12,READY,
Jsoup,70,DeepSeek V4 Flash,org.jsoup.nodes.Element,YES,ElementDeepseekTest.java,c87e3ab90eda785b75a35fbc9e6a69bafcff05138aeb2db12cbb3775af782dc7,READY,
Jsoup,70,Gemini 3.8 Flash,org.jsoup.nodes.Element,YES,ElementGeminiTest.java,ac439f737692e74eb2f3cc4fb3cd2422387d144067dd05d06f48e40132aa6dea,READY,
Jsoup,71,IPO (Native IPO),org.jsoup.nodes.PseudoTextElement;org.jsoup.select.Evaluator;org.jsoup.select.QueryParser,NO,,,NO_SUITE,
Jsoup,71,MIO (EvoSuite SBST),org.jsoup.nodes.PseudoTextElement;org.jsoup.select.Evaluator;org.jsoup.select.QueryParser,YES,Evaluator_ESTest.java;QueryParser_ESTest.java,a2c7a5e7a989474dd5688ff23a514fcd21b9bc11665210b604ec444f22283520,READY,
Jsoup,71,DeepSeek V4 Flash,org.jsoup.nodes.PseudoTextElement;org.jsoup.select.Evaluator;org.jsoup.select.QueryParser,YES,EvaluatorDeepseekTest.java;QueryParserDeepseekTest.java,1fdede5030d3dda163d8abb842421f24f5c49615132b445f13c40b513efb5012,READY,
Jsoup,71,Gemini 3.8 Flash,org.jsoup.nodes.PseudoTextElement;org.jsoup.select.Evaluator;org.jsoup.select.QueryParser,YES,EvaluatorGeminiTest.java;QueryParserGeminiTest.java,d98635d91e1bb9fe47ef1d1a739e885882279f4e6928dd7f2b82166843085667,READY,
Jsoup,72,IPO (Native IPO),org.jsoup.parser.CharacterReader,YES,CharacterReader_IPOTest.java,4b806a0a7a2ea5879e793a01d9a3055646a7f176bc3fc5ed937e8c6b05261faa,READY,
Jsoup,72,MIO (EvoSuite SBST),org.jsoup.parser.CharacterReader,YES,CharacterReader_ESTest.java,452ef2e7150a89c69d73e5c5c7edf944d981834329e8706cb2eba1604cbdcaa0,READY,
Jsoup,72,DeepSeek V4 Flash,org.jsoup.parser.CharacterReader,YES,CharacterReaderDeepseekTest.java,2d4414667f054fd12ef59e2310868e8555c8f9d17feb12dc72c09a0d5c5399c4,READY,
Jsoup,72,Gemini 3.8 Flash,org.jsoup.parser.CharacterReader,YES,CharacterReaderGeminiTest.java,0e47d0dd8d431f70d212ac5bae743a1b92a28d6f51667399256a470faec0774e,READY,
Jsoup,73,IPO (Native IPO),org.jsoup.helper.W3CDom,NO,,,NO_SUITE,
Jsoup,73,MIO (EvoSuite SBST),org.jsoup.helper.W3CDom,YES,W3CDom_ESTest.java,9704d661c3144628a196a2624b42ff4d7c0f2c49e9751bdd19f94d54b101435e,READY,
Jsoup,73,DeepSeek V4 Flash,org.jsoup.helper.W3CDom,YES,W3CDomDeepseekTest.java,307b8422eb1c284787c1f747a9eb321dee51cb02300981dd96a5db9917cb4267,READY,
Jsoup,73,Gemini 3.8 Flash,org.jsoup.helper.W3CDom,YES,W3CDomGeminiTest.java,93cd3100d8ed96954cdb68b9c68887f8f20d95b02396e1daa9eb15429c9135dd,READY,
Jsoup,74,IPO (Native IPO),org.jsoup.helper.StringUtil,YES,StringUtil_IPOTest.java,71369dd7a366b166cc5b8ed4522c4b28392b3e446b1166305f8866ad5978bd12,READY,
Jsoup,74,MIO (EvoSuite SBST),org.jsoup.helper.StringUtil,YES,StringUtil_ESTest.java,b6f6b9cf024fa2fea7b7b01e9ff787c8b985d84f9f0cecaef554c644ff160e6f,READY,
Jsoup,74,DeepSeek V4 Flash,org.jsoup.helper.StringUtil,YES,StringUtilDeepseekTest.java,3423aeb358dd7df2eb745d8009edcae0601b2ce962b0aea88343cd090d155026,READY,
Jsoup,74,Gemini 3.8 Flash,org.jsoup.helper.StringUtil,YES,StringUtilGeminiTest.java,950694e4a8c16c75ecd9dd16a25c9992ca0d9f9ff44c43f9fc4d859232baf3ff,READY,
Jsoup,75,IPO (Native IPO),org.jsoup.nodes.Attributes,NO,,,NO_SUITE,
Jsoup,75,MIO (EvoSuite SBST),org.jsoup.nodes.Attributes,YES,Attributes_ESTest.java,847886e7dbba932900413577bc453f8cc450a2d8c89bdd97891400375a22a461,READY,
Jsoup,75,DeepSeek V4 Flash,org.jsoup.nodes.Attributes,YES,AttributesDeepseekTest.java,5b72624f64ee8a649fd1968bfc2c72658fac2803c2b09fe393b87da6c97f03bb,READY,
Jsoup,75,Gemini 3.8 Flash,org.jsoup.nodes.Attributes,YES,AttributesGeminiTest.java,ab9bef555fc10e3f00afc38b35ca7707d9204dcea20fdb56331ed641d40956d2,READY,
Jsoup,76,IPO (Native IPO),org.jsoup.parser.HtmlTreeBuilderState,NO,,,NO_SUITE,
Jsoup,76,MIO (EvoSuite SBST),org.jsoup.parser.HtmlTreeBuilderState,YES,HtmlTreeBuilderState_ESTest.java,bebd4242e43732ec7c1f02e7655a0aaafb6e6c1476bc21e16893decc99b40f69,READY,
Jsoup,76,DeepSeek V4 Flash,org.jsoup.parser.HtmlTreeBuilderState,YES,HtmlTreeBuilderStateDeepseekTest.java,2b650df4f38f6c973eec78a41cbe8a55e73caf810380194fd516577ae7a12570,READY,
Jsoup,76,Gemini 3.8 Flash,org.jsoup.parser.HtmlTreeBuilderState,YES,HtmlTreeBuilderStateGeminiTest.java,dfe63799cdd2dcdc1e8cd7d64ce54c5aad50981423dc1cd68aeade1d2ec75b38,READY,
Jsoup,77,IPO (Native IPO),org.jsoup.parser.XmlTreeBuilder,NO,,,NO_SUITE,
Jsoup,77,MIO (EvoSuite SBST),org.jsoup.parser.XmlTreeBuilder,YES,XmlTreeBuilder_ESTest.java,4b7004553a0c2577d3102e0927c65f59b0882f8539221a2f45ac02375de3e126,READY,
Jsoup,77,DeepSeek V4 Flash,org.jsoup.parser.XmlTreeBuilder,YES,XmlTreeBuilderDeepseekTest.java,bfc20969f46edc70760bfed843f26b76a0dba63276e6f1369beb0dd80b92b350,READY,
Jsoup,77,Gemini 3.8 Flash,org.jsoup.parser.XmlTreeBuilder,YES,XmlTreeBuilderGeminiTest.java,c10375ad2d55c327436e39ef9644b8f51e4880d45eab128f062cb3b73b779635,READY,
Jsoup,78,IPO (Native IPO),org.jsoup.helper.DataUtil,YES,DataUtil_IPOTest.java,5889eeb5002e13861d2e5fbd615f17a4b68bfc589f357e3c9488421f2d1d2482,READY,
Jsoup,78,MIO (EvoSuite SBST),org.jsoup.helper.DataUtil,YES,DataUtil_ESTest.java,1788cd8e6f135342157faa4bf11c4f8282fffb24e537ff01b377e4faeed72436,READY,
Jsoup,78,DeepSeek V4 Flash,org.jsoup.helper.DataUtil,YES,DataUtilDeepseekTest.java,0b7eebe3f45d735e89a77ffb1870fd01ab00cf725216a27ea5509d1fab36bc93,READY,
Jsoup,78,Gemini 3.8 Flash,org.jsoup.helper.DataUtil,YES,DataUtilGeminiTest.java,ec9a1e1e4bfdb80ebac07e697bd389a7d39553ba54f6be191c1b254aae51ee2a,READY,
Jsoup,79,IPO (Native IPO),org.jsoup.nodes.LeafNode,NO,,,NO_SUITE,
Jsoup,79,MIO (EvoSuite SBST),org.jsoup.nodes.LeafNode,YES,LeafNode_ESTest.java;LeafNode_ESTest.java,4f8d108acaf0a0b4034a8ff31eed1a41aba3f8663ed672b8d390101ebfe1f869,READY,
Jsoup,79,DeepSeek V4 Flash,org.jsoup.nodes.LeafNode,YES,LeafNodeDeepseekTest.java,03dd0c4a5237b725e46212d048abc86e669c2d64f4a2731bfd2575ca084d3318,READY,
Jsoup,79,Gemini 3.8 Flash,org.jsoup.nodes.LeafNode,YES,LeafNodeGeminiTest.java,036b373cfb4348cabc4528aea551e41b4ac63aa8e008dfebb43e37b14cf062ef,READY,
Jsoup,80,IPO (Native IPO),org.jsoup.parser.XmlTreeBuilder,NO,,,NO_SUITE,
Jsoup,80,MIO (EvoSuite SBST),org.jsoup.parser.XmlTreeBuilder,YES,XmlTreeBuilder_ESTest.java,842ea26fb187bff69aaf78a37b12a356971d50de890255d387d9e7fc2615b0cb,READY,
Jsoup,80,DeepSeek V4 Flash,org.jsoup.parser.XmlTreeBuilder,YES,XmlTreeBuilderDeepseekTest.java,a1fa39e5a4d89ffee4bc2aaeb441da61f15421857c21fd83ee269c8db7849c38,READY,
Jsoup,80,Gemini 3.8 Flash,org.jsoup.parser.XmlTreeBuilder,YES,XmlTreeBuilderGeminiTest.java,d88f6e6b850057deb5057d03daec41f80781a7e9efac437255613cc6fb6b8559,READY,
Jsoup,81,IPO (Native IPO),org.jsoup.helper.DataUtil,YES,DataUtil_IPOTest.java,5889eeb5002e13861d2e5fbd615f17a4b68bfc589f357e3c9488421f2d1d2482,READY,
Jsoup,81,MIO (EvoSuite SBST),org.jsoup.helper.DataUtil,YES,DataUtil_ESTest.java,9522b7195c95e4ace1a9872fc2f5659769bcfe7b6a14e57828bd2e5eb6de4e1f,READY,
Jsoup,81,DeepSeek V4 Flash,org.jsoup.helper.DataUtil,YES,DataUtilDeepseekTest.java,f3b7a29443a96f950fe6c39484f49107515aea849fbb8bb8a40f9832f377422b,READY,
Jsoup,81,Gemini 3.8 Flash,org.jsoup.helper.DataUtil,YES,DataUtilGeminiTest.java,f9a16163a384d9e73dc68a35a7717abf9f87ac450a65e16608f6e47f5180d22c,READY,
Jsoup,82,IPO (Native IPO),org.jsoup.helper.DataUtil,YES,DataUtil_IPOTest.java,5889eeb5002e13861d2e5fbd615f17a4b68bfc589f357e3c9488421f2d1d2482,READY,
Jsoup,82,MIO (EvoSuite SBST),org.jsoup.helper.DataUtil,YES,DataUtil_ESTest.java,c62087bb0b2fda89ae75e0ba3c6aaadbca1b3486d96536aa0d2c9f2f7a476c71,READY,
Jsoup,82,DeepSeek V4 Flash,org.jsoup.helper.DataUtil,YES,DataUtilDeepseekTest.java,86d2b29413a9e9a672b45a70508197470540128b1a9ef3174e40cb2e4e7b0334,READY,
Jsoup,82,Gemini 3.8 Flash,org.jsoup.helper.DataUtil,YES,DataUtilGeminiTest.java,ae4b353b227310967ac91549e16151ad2878c57154955dfb9778330822348364,READY,
Jsoup,83,IPO (Native IPO),org.jsoup.parser.CharacterReader;org.jsoup.parser.TokeniserState,YES,CharacterReader_IPOTest.java,4b806a0a7a2ea5879e793a01d9a3055646a7f176bc3fc5ed937e8c6b05261faa,READY,
Jsoup,83,MIO (EvoSuite SBST),org.jsoup.parser.CharacterReader;org.jsoup.parser.TokeniserState,YES,CharacterReader_ESTest.java;TokeniserState_ESTest.java,fc677d812f1c33d1cadf06adaf5a231b997f6cbf2dc6765dde6b88e84f8966d7,READY,
Jsoup,83,DeepSeek V4 Flash,org.jsoup.parser.CharacterReader;org.jsoup.parser.TokeniserState,YES,CharacterReaderDeepseekTest.java;TokeniserStateDeepseekTest.java,5d9ed61410dcd3c004ad0295ce74fcaf89e375238e4902ce6ef9c531121211bd,READY,
Jsoup,83,Gemini 3.8 Flash,org.jsoup.parser.CharacterReader;org.jsoup.parser.TokeniserState,YES,CharacterReaderGeminiTest.java;TokeniserStateGeminiTest.java,b7c1061dbda05c5c67df01d38c409599c52e4fe9979d2967f202446ac11198c4,READY,
Jsoup,84,IPO (Native IPO),org.jsoup.helper.W3CDom,NO,,,NO_SUITE,
Jsoup,84,MIO (EvoSuite SBST),org.jsoup.helper.W3CDom,YES,W3CDom_ESTest.java,af740fbb75dfd461d88f36814f6ca2681b35d6795bbe32e6ba218084800c4091,READY,
Jsoup,84,DeepSeek V4 Flash,org.jsoup.helper.W3CDom,YES,W3CDomDeepseekTest.java,73e726a6128f0065beb42ac3fea41c8946a0422197c3c7ff9b47a01b95b1f273,READY,
Jsoup,84,Gemini 3.8 Flash,org.jsoup.helper.W3CDom,YES,W3CDomGeminiTest.java,8ead63138a5371485640d5c57c1e21970a1c7754b1fd95d0424f4c90efe3dfd4,READY,
Jsoup,85,IPO (Native IPO),org.jsoup.nodes.Attribute,YES,Attribute_IPOTest.java,734edb9982e28736c64a7cece9322a31f3cf2e7e8b88468740881eb3f2b0fb05,READY,
Jsoup,85,MIO (EvoSuite SBST),org.jsoup.nodes.Attribute,YES,Attribute_ESTest.java,ea76ec76f8c7149e9ed8893b10e98a5c405a0bcad63648ff8dc240320cc28898,READY,
Jsoup,85,DeepSeek V4 Flash,org.jsoup.nodes.Attribute,YES,AttributeDeepseekTest.java,bfe28d516f7a554157a0d2136cbf204647ea67f755664797ade0be18af92113c,READY,
Jsoup,85,Gemini 3.8 Flash,org.jsoup.nodes.Attribute,YES,AttributeGeminiTest.java,e31626afbf9807539a8e5aefdb12e4a5b954be58d530362f940d149883fae788,READY,
Jsoup,86,IPO (Native IPO),org.jsoup.nodes.Comment,NO,,,NO_SUITE,
Jsoup,86,MIO (EvoSuite SBST),org.jsoup.nodes.Comment,YES,Comment_ESTest.java,89f041054cb12e43d50b933c8459cd150828da791f46fb7b5f87ddb6197871b5,READY,
Jsoup,86,DeepSeek V4 Flash,org.jsoup.nodes.Comment,YES,CommentDeepseekTest.java,1ae2c8544ba5178250c52aedb05d9d54a43a41d6bfc9fff5a74a62ff1b7f68ae,READY,
Jsoup,86,Gemini 3.8 Flash,org.jsoup.nodes.Comment,YES,CommentGeminiTest.java,c34f85021d0d9b21193c9df50e2fd0d9461b713db63c987c52307123ebe1d78f,READY,
Jsoup,87,IPO (Native IPO),org.jsoup.nodes.Element;org.jsoup.parser.HtmlTreeBuilder;org.jsoup.parser.HtmlTreeBuilderState;org.jsoup.parser.Tag,YES,Element_IPOTest.java;Tag_IPOTest.java,4d836f212561d5ffa231f5d916a2b7d0c81bb957a91c66544a29ac46400ad07b,READY,
Jsoup,87,MIO (EvoSuite SBST),org.jsoup.nodes.Element;org.jsoup.parser.HtmlTreeBuilder;org.jsoup.parser.HtmlTreeBuilderState;org.jsoup.parser.Tag,YES,Element_ESTest.java;HtmlTreeBuilderState_ESTest.java;HtmlTreeBuilder_ESTest.java;Tag_ESTest.java,bdac467d8086a30c20d9233b585735033379e04801ed46306f6109f61bdf388f,READY,
Jsoup,87,DeepSeek V4 Flash,org.jsoup.nodes.Element;org.jsoup.parser.HtmlTreeBuilder;org.jsoup.parser.HtmlTreeBuilderState;org.jsoup.parser.Tag,YES,ElementDeepseekTest.java;HtmlTreeBuilderDeepseekTest.java;HtmlTreeBuilderStateDeepseekTest.java;TagDeepseekTest.java,04cdabffe0f2a8dd5691e75b92a9e34a2818569e20f989fe7d3aff0e04dfcbf2,READY,
Jsoup,87,Gemini 3.8 Flash,org.jsoup.nodes.Element;org.jsoup.parser.HtmlTreeBuilder;org.jsoup.parser.HtmlTreeBuilderState;org.jsoup.parser.Tag,YES,ElementGeminiTest.java;HtmlTreeBuilderGeminiTest.java;HtmlTreeBuilderStateGeminiTest.java;TagGeminiTest.java,0d66b59f4232f90577a8dc43ff35083091eaf7a2725366fc82ceb8de789389c3,READY,
Jsoup,88,IPO (Native IPO),org.jsoup.nodes.Attribute,YES,Attribute_IPOTest.java,734edb9982e28736c64a7cece9322a31f3cf2e7e8b88468740881eb3f2b0fb05,READY,
Jsoup,88,MIO (EvoSuite SBST),org.jsoup.nodes.Attribute,YES,Attribute_ESTest.java,dc2d29ae004de748b429378992b6d2450499c5e515a6270ba3b52d2d169d169f,READY,
Jsoup,88,DeepSeek V4 Flash,org.jsoup.nodes.Attribute,YES,AttributeDeepseekTest.java,caee254c47ea0c1b718e41143ceb8b8da29adb4f4fc8d1601b3b1086fba8c228,READY,
Jsoup,88,Gemini 3.8 Flash,org.jsoup.nodes.Attribute,YES,AttributeGeminiTest.java,a58ee96c51b9b7f9b21c2bb5dce5a9c550b1562269362144ea2fccf5615e04f4,READY,
Jsoup,89,IPO (Native IPO),org.jsoup.nodes.Attribute,YES,Attribute_IPOTest.java,78ddb6ec70562af89920bb5a54e5df14ac96970b009fa9734c2f3c082de54dee,READY,
Jsoup,89,MIO (EvoSuite SBST),org.jsoup.nodes.Attribute,YES,Attribute_ESTest.java,547d9e40a7e72b85078c2ec06fc58ebeabf128e72a919e24e5d9b2094aa7b4b6,READY,
Jsoup,89,DeepSeek V4 Flash,org.jsoup.nodes.Attribute,YES,AttributeDeepseekTest.java,9213b404fad67fe0ca199bfbc3fad385ba10247469e551364d74a075ad3aeedf,READY,
Jsoup,89,Gemini 3.8 Flash,org.jsoup.nodes.Attribute,YES,AttributeGeminiTest.java,d2f5ba774457df9ac89c34375acecc276c59db001485b33b9352da8215618202,READY,
Jsoup,90,IPO (Native IPO),org.jsoup.helper.HttpConnection,NO,,,NO_SUITE,
Jsoup,90,MIO (EvoSuite SBST),org.jsoup.helper.HttpConnection,YES,HttpConnection_ESTest.java,b8c85afdb79404bfd5395aad35d9286aed05e85e711dbcaefd4e0cd2ea9c0e86,READY,
Jsoup,90,DeepSeek V4 Flash,org.jsoup.helper.HttpConnection,YES,HttpConnectionDeepseekTest.java,efdca7cabffbb24fd8f73998abab68e443bcf4ffa1d2bd2415b7729600870baf,READY,
Jsoup,90,Gemini 3.8 Flash,org.jsoup.helper.HttpConnection,YES,HttpConnectionGeminiTest.java,002a8adaf52da3f8810db9801d20bb0e1a24ae893f7e997b70f908dceaf151ff,READY,
Jsoup,91,IPO (Native IPO),org.jsoup.UncheckedIOException;org.jsoup.parser.CharacterReader,YES,CharacterReader_IPOTest.java,4b806a0a7a2ea5879e793a01d9a3055646a7f176bc3fc5ed937e8c6b05261faa,READY,
Jsoup,91,MIO (EvoSuite SBST),org.jsoup.UncheckedIOException;org.jsoup.parser.CharacterReader,YES,CharacterReader_ESTest.java;UncheckedIOException_ESTest.java,e72b1e92fdca0cdf1d022591d11db7d76d5d291fe737f5619a2ac315656650df,READY,
Jsoup,91,DeepSeek V4 Flash,org.jsoup.UncheckedIOException;org.jsoup.parser.CharacterReader,YES,CharacterReaderDeepseekTest.java;UncheckedIOExceptionDeepseekTest.java,f4407cfac6536eeaf78b5916475bb2536d3de3aa8a16801e048a97d948f8948c,READY,
Jsoup,91,Gemini 3.8 Flash,org.jsoup.UncheckedIOException;org.jsoup.parser.CharacterReader,YES,CharacterReaderGeminiTest.java;UncheckedIOExceptionGeminiTest.java,5da3a5afc8cf80fec5007ed3a0d22eb3438d07657c911bfb883a1046fcbf2412,READY,
Jsoup,92,IPO (Native IPO),org.jsoup.nodes.Attributes;org.jsoup.parser.HtmlTreeBuilder;org.jsoup.parser.ParseSettings;org.jsoup.parser.Token;org.jsoup.parser.XmlTreeBuilder,YES,ParseSettings_IPOTest.java,8cf850cc91fe56fbdb5b44f5ba19a005d9f6a9c9996645c5128ef60e283de59e,READY,
Jsoup,92,MIO (EvoSuite SBST),org.jsoup.nodes.Attributes;org.jsoup.parser.HtmlTreeBuilder;org.jsoup.parser.ParseSettings;org.jsoup.parser.Token;org.jsoup.parser.XmlTreeBuilder,YES,Attributes_ESTest.java;HtmlTreeBuilder_ESTest.java;ParseSettings_ESTest.java;Token_ESTest.java;XmlTreeBuilder_ESTest.java,c6e57934f45b47d2a40a13dec3da9d6b20a622113fe9957670f20258b1abe5de,READY,
Jsoup,92,DeepSeek V4 Flash,org.jsoup.nodes.Attributes;org.jsoup.parser.HtmlTreeBuilder;org.jsoup.parser.ParseSettings;org.jsoup.parser.Token;org.jsoup.parser.XmlTreeBuilder,YES,AttributesDeepseekTest.java;HtmlTreeBuilderDeepseekTest.java;ParseSettingsDeepseekTest.java;TokenDeepseekTest.java;XmlTreeBuilderDeepseekTest.java,2afd59c83faeb29e77dbb497adef0bdf018defb051c00d3f71d3d5a9560c1ad8,READY,
Jsoup,92,Gemini 3.8 Flash,org.jsoup.nodes.Attributes;org.jsoup.parser.HtmlTreeBuilder;org.jsoup.parser.ParseSettings;org.jsoup.parser.Token;org.jsoup.parser.XmlTreeBuilder,YES,AttributesGeminiTest.java;HtmlTreeBuilderGeminiTest.java;ParseSettingsGeminiTest.java;TokenGeminiTest.java;XmlTreeBuilderGeminiTest.java,cd7dcaf10ffbc273baff83e1d93af61312caec62a938dbd7e762f532b6401660,READY,
Jsoup,93,IPO (Native IPO),org.jsoup.nodes.FormElement,YES,FormElement_IPOTest.java,4ea79bb06927cf600cf487b324c863e62ea4b526ffa0e0e21d73fe8c35c0f56a,READY,
Jsoup,93,MIO (EvoSuite SBST),org.jsoup.nodes.FormElement,YES,FormElement_ESTest.java,b435fc6143be24e6cfac4f07bd9fcdc1edb7ddd6d686753c375d9457f6f31287,READY,
Jsoup,93,DeepSeek V4 Flash,org.jsoup.nodes.FormElement,YES,FormElementDeepseekTest.java,ce77d18c20c0acf8e2c86a97f3c050f5d55912e12d5bc88e96b9f7eda35f76f0,READY,
Jsoup,93,Gemini 3.8 Flash,org.jsoup.nodes.FormElement,YES,FormElementGeminiTest.java,3f0e441700bf3024d240e6f681722f17ff667467c45cc9cef2e8941fe6d9cbb6,READY,
JxPath,1,IPO (Native IPO),org.apache.commons.jxpath.ri.model.dom.DOMNodePointer;org.apache.commons.jxpath.ri.model.jdom.JDOMNodePointer,YES,JDOMNodePointer_IPOTest.java,5684a0988be73e5cf80639b39492dbdded7599eb6783bd58eeffe7caef7b9dde,READY,
JxPath,1,MIO (EvoSuite SBST),org.apache.commons.jxpath.ri.model.dom.DOMNodePointer;org.apache.commons.jxpath.ri.model.jdom.JDOMNodePointer,YES,DOMNodePointer_ESTest.java;JDOMNodePointer_ESTest.java,859f82d5cfffd1d6357b90b937d5a2559d8a84b941b088379b9308251761ca6b,READY,
JxPath,1,DeepSeek V4 Flash,org.apache.commons.jxpath.ri.model.dom.DOMNodePointer;org.apache.commons.jxpath.ri.model.jdom.JDOMNodePointer,YES,DOMNodePointerDeepseekTest.java;JDOMNodePointerDeepseekTest.java,3e50f3abb7097cb2a850b4e86e51e51338bcaf2628da292c089994fb4db9a388,READY,
JxPath,1,Gemini 3.8 Flash,org.apache.commons.jxpath.ri.model.dom.DOMNodePointer;org.apache.commons.jxpath.ri.model.jdom.JDOMNodePointer,YES,DOMNodePointerGeminiTest.java;JDOMNodePointerGeminiTest.java,463d0852358933130baa880ab007954875deddcd4a6bbf4e596b70343cefe99b,READY,
JxPath,2,IPO (Native IPO),org.apache.commons.jxpath.ri.compiler.Expression,NO,,,NO_SUITE,
JxPath,2,MIO (EvoSuite SBST),org.apache.commons.jxpath.ri.compiler.Expression,YES,Expression_ESTest.java,58c1037eb58ed34e182c80777a61add18fc73f8bdf7418743e0854ee6305f040,READY,
JxPath,2,DeepSeek V4 Flash,org.apache.commons.jxpath.ri.compiler.Expression,YES,ExpressionDeepseekTest.java,2557e5cf2c4ca2cd0db25c6f1e5f443127dff9843c67edfcd6b0f3bdce6d321b,READY,
JxPath,2,Gemini 3.8 Flash,org.apache.commons.jxpath.ri.compiler.Expression,YES,ExpressionGeminiTest.java,ba5cd5b78304476ba9476c9c85ca1ba46e7c988b05d7c7d44f391fa7a7c4d061,READY,
JxPath,3,IPO (Native IPO),org.apache.commons.jxpath.ri.model.beans.NullPropertyPointer,NO,,,NO_SUITE,
JxPath,3,MIO (EvoSuite SBST),org.apache.commons.jxpath.ri.model.beans.NullPropertyPointer,YES,NullPropertyPointer_ESTest.java,a982b49be5e2b7f14dd5cc961e345214f49976828c1f6e73902de1f0db51590f,READY,
JxPath,3,DeepSeek V4 Flash,org.apache.commons.jxpath.ri.model.beans.NullPropertyPointer,YES,NullPropertyPointerDeepseekTest.java,0dc47dddc88e11157315029c2128f904200bf8d530c42bce8e90ec6da037fab4,READY,
JxPath,3,Gemini 3.8 Flash,org.apache.commons.jxpath.ri.model.beans.NullPropertyPointer,YES,NullPropertyPointerGeminiTest.java,bc778d58fb456f3bfe2bbfd7b07e97e877d417b9a539f879b5133bfa6d8355fb,READY,
JxPath,4,IPO (Native IPO),org.apache.commons.jxpath.ri.model.dom.DOMNodePointer;org.apache.commons.jxpath.ri.model.jdom.JDOMNodePointer,NO,,,NO_SUITE,
JxPath,4,MIO (EvoSuite SBST),org.apache.commons.jxpath.ri.model.dom.DOMNodePointer;org.apache.commons.jxpath.ri.model.jdom.JDOMNodePointer,YES,DOMNodePointer_ESTest.java;JDOMNodePointer_ESTest.java,fa33693f1caeb55877a4f6abcfef07290d047d09d59bb2f9ca2801b90f9f0e94,READY,
JxPath,4,DeepSeek V4 Flash,org.apache.commons.jxpath.ri.model.dom.DOMNodePointer;org.apache.commons.jxpath.ri.model.jdom.JDOMNodePointer,YES,DOMNodePointerDeepseekTest.java;JDOMNodePointerDeepseekTest.java,dba11a161b14f831f213e9bae6ede2b269b0766c8e4a054e9f45ed8c273a774d,READY,
JxPath,4,Gemini 3.8 Flash,org.apache.commons.jxpath.ri.model.dom.DOMNodePointer;org.apache.commons.jxpath.ri.model.jdom.JDOMNodePointer,YES,DOMNodePointerGeminiTest.java;JDOMNodePointerGeminiTest.java,5ad563b98cc6c4056e47499052f49e7c0e09b24a0ac8c393277cf0430caf7b61,READY,
JxPath,5,IPO (Native IPO),org.apache.commons.jxpath.ri.model.NodePointer,NO,,,NO_SUITE,
JxPath,5,MIO (EvoSuite SBST),org.apache.commons.jxpath.ri.model.NodePointer,YES,NodePointer_ESTest.java,98ad1761d6a57bb54ea6f0bd4ce633231833da89fe690c242b8b18349871b3c4,READY,
JxPath,5,DeepSeek V4 Flash,org.apache.commons.jxpath.ri.model.NodePointer,YES,NodePointerDeepseekTest.java,d5513980e7e737bf8fca82d58f4eec3a4b096cbd338f21f767b982e0216c8483,READY,
JxPath,5,Gemini 3.8 Flash,org.apache.commons.jxpath.ri.model.NodePointer,YES,NodePointerGeminiTest.java,13887361d0f27b54a0de3376eb6591b98fb6aafff271890ef9ed315f74edb709,READY,
JxPath,6,IPO (Native IPO),org.apache.commons.jxpath.ri.compiler.CoreOperationCompare,NO,,,NO_SUITE,
JxPath,6,MIO (EvoSuite SBST),org.apache.commons.jxpath.ri.compiler.CoreOperationCompare,YES,CoreOperationCompare_ESTest.java,1e3c6e357f18daa05f73edce2548542f84bdd9d4ebe5504dd65b618268352965,READY,
JxPath,6,DeepSeek V4 Flash,org.apache.commons.jxpath.ri.compiler.CoreOperationCompare,YES,CoreOperationCompareDeepseekTest.java,2330459e78c474a08526586b350e6ccd33f0927b7e6081e0e9ca3ea2e24a8910,READY,
JxPath,6,Gemini 3.8 Flash,org.apache.commons.jxpath.ri.compiler.CoreOperationCompare,YES,CoreOperationCompareGeminiTest.java,cd3efc26f116e495ebea7a64d11ff45fe173795a2b820d7f8f4410d6716fb10e,READY,
JxPath,7,IPO (Native IPO),org.apache.commons.jxpath.ri.compiler.CoreOperationGreaterThan;org.apache.commons.jxpath.ri.compiler.CoreOperationGreaterThanOrEqual;org.apache.commons.jxpath.ri.compiler.CoreOperationLessThan;org.apache.commons.jxpath.ri.compiler.CoreOperationLessThanOrEqual;org.apache.commons.jxpath.ri.compiler.CoreOperationRelationalExpression,NO,,,NO_SUITE,
JxPath,7,MIO (EvoSuite SBST),org.apache.commons.jxpath.ri.compiler.CoreOperationGreaterThan;org.apache.commons.jxpath.ri.compiler.CoreOperationGreaterThanOrEqual;org.apache.commons.jxpath.ri.compiler.CoreOperationLessThan;org.apache.commons.jxpath.ri.compiler.CoreOperationLessThanOrEqual;org.apache.commons.jxpath.ri.compiler.CoreOperationRelationalExpression,YES,CoreOperationGreaterThanOrEqual_ESTest.java;CoreOperationGreaterThan_ESTest.java;CoreOperationLessThanOrEqual_ESTest.java;CoreOperationLessThan_ESTest.java;CoreOperationRelationalExpression_ESTest.java,b15fd18d591ce01cf950ed31a87d4ddf28b8d1c1146fbf96a9d21ff2e6a21430,READY,
JxPath,7,DeepSeek V4 Flash,org.apache.commons.jxpath.ri.compiler.CoreOperationGreaterThan;org.apache.commons.jxpath.ri.compiler.CoreOperationGreaterThanOrEqual;org.apache.commons.jxpath.ri.compiler.CoreOperationLessThan;org.apache.commons.jxpath.ri.compiler.CoreOperationLessThanOrEqual;org.apache.commons.jxpath.ri.compiler.CoreOperationRelationalExpression,YES,CoreOperationGreaterThanDeepseekTest.java;CoreOperationGreaterThanOrEqualDeepseekTest.java;CoreOperationLessThanDeepseekTest.java;CoreOperationLessThanOrEqualDeepseekTest.java;CoreOperationRelationalExpressionDeepseekTest.java,2075dfd6f71c91b9371c2bdb4434e9eaae50b2998467464460262e172146c279,READY,
JxPath,7,Gemini 3.8 Flash,org.apache.commons.jxpath.ri.compiler.CoreOperationGreaterThan;org.apache.commons.jxpath.ri.compiler.CoreOperationGreaterThanOrEqual;org.apache.commons.jxpath.ri.compiler.CoreOperationLessThan;org.apache.commons.jxpath.ri.compiler.CoreOperationLessThanOrEqual;org.apache.commons.jxpath.ri.compiler.CoreOperationRelationalExpression,YES,CoreOperationGreaterThanGeminiTest.java;CoreOperationGreaterThanOrEqualGeminiTest.java;CoreOperationLessThanGeminiTest.java;CoreOperationLessThanOrEqualGeminiTest.java;CoreOperationRelationalExpressionGeminiTest.java,a2320ea9b19d2f7c1a72a5d63e3f1f2c15e1b5306ec1c6785dd93df04f908d03,READY,
JxPath,8,IPO (Native IPO),org.apache.commons.jxpath.ri.compiler.CoreOperationRelationalExpression,NO,,,NO_SUITE,
JxPath,8,MIO (EvoSuite SBST),org.apache.commons.jxpath.ri.compiler.CoreOperationRelationalExpression,YES,CoreOperationRelationalExpression_ESTest.java,0563af7b9d6146fc26f4b8fd2a10f8f19f574c3bf838cca21f127a7890839a26,READY,
JxPath,8,DeepSeek V4 Flash,org.apache.commons.jxpath.ri.compiler.CoreOperationRelationalExpression,YES,CoreOperationRelationalExpressionDeepseekTest.java,2c85f4885bcf6241d1612e145f2f59dc9d0781a3b2295659d9efd3c8811f25a6,READY,
JxPath,8,Gemini 3.8 Flash,org.apache.commons.jxpath.ri.compiler.CoreOperationRelationalExpression,YES,CoreOperationRelationalExpressionGeminiTest.java,1f818b35ddd9d223f28660666c291bf7b51e216371e81758b0b38962c4f351e2,READY,
JxPath,9,IPO (Native IPO),org.apache.commons.jxpath.ri.compiler.CoreOperationCompare;org.apache.commons.jxpath.ri.compiler.CoreOperationEqual;org.apache.commons.jxpath.ri.compiler.CoreOperationNotEqual,NO,,,NO_SUITE,
JxPath,9,MIO (EvoSuite SBST),org.apache.commons.jxpath.ri.compiler.CoreOperationCompare;org.apache.commons.jxpath.ri.compiler.CoreOperationEqual;org.apache.commons.jxpath.ri.compiler.CoreOperationNotEqual,YES,CoreOperationCompare_ESTest.java;CoreOperationEqual_ESTest.java;CoreOperationNotEqual_ESTest.java,0563fb896425d615178b319bb2a84e26d4cbd510be3bef938ffe903bc261efde,READY,
JxPath,9,DeepSeek V4 Flash,org.apache.commons.jxpath.ri.compiler.CoreOperationCompare;org.apache.commons.jxpath.ri.compiler.CoreOperationEqual;org.apache.commons.jxpath.ri.compiler.CoreOperationNotEqual,YES,CoreOperationCompareDeepseekTest.java;CoreOperationEqualDeepseekTest.java;CoreOperationNotEqualDeepseekTest.java,20bfa60ab0ed454edfa1cab4d3f9f0aac047f5d393ebc2278394456986cc44c5,READY,
JxPath,9,Gemini 3.8 Flash,org.apache.commons.jxpath.ri.compiler.CoreOperationCompare;org.apache.commons.jxpath.ri.compiler.CoreOperationEqual;org.apache.commons.jxpath.ri.compiler.CoreOperationNotEqual,YES,CoreOperationCompareGeminiTest.java;CoreOperationEqualGeminiTest.java;CoreOperationNotEqualGeminiTest.java,8c4c9c82a6be773781deadb824030ba79e4c06efa941cc0180745900833a8c4f,READY,
JxPath,10,IPO (Native IPO),org.apache.commons.jxpath.ri.compiler.CoreOperationRelationalExpression,NO,,,NO_SUITE,
JxPath,10,MIO (EvoSuite SBST),org.apache.commons.jxpath.ri.compiler.CoreOperationRelationalExpression,YES,CoreOperationRelationalExpression_ESTest.java,8c694297908795870ca2e60907f72eb0ed2a9eb21f70d3af6d1d4c635555e096,READY,
JxPath,10,DeepSeek V4 Flash,org.apache.commons.jxpath.ri.compiler.CoreOperationRelationalExpression,YES,CoreOperationRelationalExpressionDeepseekTest.java,7d6639fd6e40411fe312f98904f43083df25a9deab305d8b4fdc45888d916302,READY,
JxPath,10,Gemini 3.8 Flash,org.apache.commons.jxpath.ri.compiler.CoreOperationRelationalExpression,YES,CoreOperationRelationalExpressionGeminiTest.java,b6a742d96a7127ba9fb7a4f376c744d2851f949ae730fc619fa30702f5900e3e,READY,
JxPath,11,IPO (Native IPO),org.apache.commons.jxpath.ri.model.dom.DOMAttributeIterator;org.apache.commons.jxpath.ri.model.jdom.JDOMAttributeIterator,NO,,,NO_SUITE,
JxPath,11,MIO (EvoSuite SBST),org.apache.commons.jxpath.ri.model.dom.DOMAttributeIterator;org.apache.commons.jxpath.ri.model.jdom.JDOMAttributeIterator,YES,DOMAttributeIterator_ESTest.java;JDOMAttributeIterator_ESTest.java,b6835c9eade1b2b8b5dcb4dd4cacae278dac581ba9d9da3ff9686ca12cc9456b,READY,
JxPath,11,DeepSeek V4 Flash,org.apache.commons.jxpath.ri.model.dom.DOMAttributeIterator;org.apache.commons.jxpath.ri.model.jdom.JDOMAttributeIterator,YES,DOMAttributeIteratorDeepseekTest.java;JDOMAttributeIteratorDeepseekTest.java,b5780800fc9c5e1dc6956673d93d34f80344a90829723d8b5df692b7a3badeb3,READY,
JxPath,11,Gemini 3.8 Flash,org.apache.commons.jxpath.ri.model.dom.DOMAttributeIterator;org.apache.commons.jxpath.ri.model.jdom.JDOMAttributeIterator,YES,DOMAttributeIteratorGeminiTest.java;JDOMAttributeIteratorGeminiTest.java,a0c3efc5c2e24021033f3a9dd8d0a35bd59c6b92d842c0eadcce9bc2d0fc98d9,READY,
JxPath,12,IPO (Native IPO),org.apache.commons.jxpath.ri.model.dom.DOMNodePointer,NO,,,NO_SUITE,
JxPath,12,MIO (EvoSuite SBST),org.apache.commons.jxpath.ri.model.dom.DOMNodePointer,YES,DOMNodePointer_ESTest.java,ad05d96cb6e2d7ff0d729d1d6cdacbaf2e137c4d649fc10a42e3535ae75bf032,READY,
JxPath,12,DeepSeek V4 Flash,org.apache.commons.jxpath.ri.model.dom.DOMNodePointer,YES,DOMNodePointerDeepseekTest.java,b3d01ccf96ba000f0d59d99aa9eace85ba99bc6b4aa22f8bd65245c87ae58776,READY,
JxPath,12,Gemini 3.8 Flash,org.apache.commons.jxpath.ri.model.dom.DOMNodePointer,YES,DOMNodePointerGeminiTest.java,f2db93122f520e7a21cb57edfb73e4938db1ced9bc8da073bd0ff09b5f668487,READY,
JxPath,13,IPO (Native IPO),org.apache.commons.jxpath.ri.NamespaceResolver;org.apache.commons.jxpath.ri.model.dom.DOMNodePointer,NO,,,NO_SUITE,
JxPath,13,MIO (EvoSuite SBST),org.apache.commons.jxpath.ri.NamespaceResolver;org.apache.commons.jxpath.ri.model.dom.DOMNodePointer,YES,DOMNodePointer_ESTest.java;NamespaceResolver_ESTest.java,e7c9afc9fce72df423969dfba8ad13857c0f58763837ffbbbad6aa10ec69bed1,READY,
JxPath,13,DeepSeek V4 Flash,org.apache.commons.jxpath.ri.NamespaceResolver;org.apache.commons.jxpath.ri.model.dom.DOMNodePointer,YES,DOMNodePointerDeepseekTest.java;NamespaceResolverDeepseekTest.java,f7d1489a03b1ebe292726c8ec793e1b601484195de582dfc542201523c511830,READY,
JxPath,13,Gemini 3.8 Flash,org.apache.commons.jxpath.ri.NamespaceResolver;org.apache.commons.jxpath.ri.model.dom.DOMNodePointer,YES,DOMNodePointerGeminiTest.java;NamespaceResolverGeminiTest.java,7775b8711915ab52b044153288313ff010b181da55d904944dde82ca129ef4e2,READY,
JxPath,14,IPO (Native IPO),org.apache.commons.jxpath.ri.compiler.CoreFunction,NO,,,NO_SUITE,
JxPath,14,MIO (EvoSuite SBST),org.apache.commons.jxpath.ri.compiler.CoreFunction,YES,CoreFunction_ESTest.java,76edd0af0777e1d99d61f3685133f80e3dd6ba22585a2f1c4bd54241f518ad44,READY,
JxPath,14,DeepSeek V4 Flash,org.apache.commons.jxpath.ri.compiler.CoreFunction,YES,CoreFunctionDeepseekTest.java,792d6d4b8dac58bd0f01eafb4d198f0e3dd9df84f5d803bff9e349af50727d2e,READY,
JxPath,14,Gemini 3.8 Flash,org.apache.commons.jxpath.ri.compiler.CoreFunction,YES,CoreFunctionGeminiTest.java,67a99fca25fb92c7fd62b066d029a9d1ce8d5c0683cca3469f2aca55f69b3c6f,READY,
JxPath,15,IPO (Native IPO),org.apache.commons.jxpath.ri.axes.UnionContext,NO,,,NO_SUITE,
JxPath,15,MIO (EvoSuite SBST),org.apache.commons.jxpath.ri.axes.UnionContext,YES,UnionContext_ESTest.java,730b597d39cd8442dd6457bea7b8d8d608ba92ebca8d6c8bae2b851a1834dfc1,READY,
JxPath,15,DeepSeek V4 Flash,org.apache.commons.jxpath.ri.axes.UnionContext,YES,UnionContextDeepseekTest.java,a065d8022071e74155d77e6890ec336083bc368cea9c912790acc8eba1609992,READY,
JxPath,15,Gemini 3.8 Flash,org.apache.commons.jxpath.ri.axes.UnionContext,YES,UnionContextGeminiTest.java,978667502e428d805c227c3c6996c4d46cf8d932c5f4189f740c81db00636e5d,READY,
JxPath,16,IPO (Native IPO),org.apache.commons.jxpath.ri.model.dom.DOMNodePointer;org.apache.commons.jxpath.ri.model.jdom.JDOMNodePointer,NO,,,NO_SUITE,
JxPath,16,MIO (EvoSuite SBST),org.apache.commons.jxpath.ri.model.dom.DOMNodePointer;org.apache.commons.jxpath.ri.model.jdom.JDOMNodePointer,YES,DOMNodePointer_ESTest.java;JDOMNodePointer_ESTest.java,0f534da749ec37cb01cb51d901144c0fbb373716e30ce5642fb26db34da7c01f,READY,
JxPath,16,DeepSeek V4 Flash,org.apache.commons.jxpath.ri.model.dom.DOMNodePointer;org.apache.commons.jxpath.ri.model.jdom.JDOMNodePointer,YES,DOMNodePointerDeepseekTest.java;JDOMNodePointerDeepseekTest.java,296ba2e87d99fbd331bd359fb87f1c2ef4a2bd0441171469ba50c59fd0accb4e,READY,
JxPath,16,Gemini 3.8 Flash,org.apache.commons.jxpath.ri.model.dom.DOMNodePointer;org.apache.commons.jxpath.ri.model.jdom.JDOMNodePointer,YES,DOMNodePointerGeminiTest.java;JDOMNodePointerGeminiTest.java,0fcf9b5f98d49f6c43fbcb27b2c115a2fa0b953de14e08766b455eca0ab8fac5,READY,
JxPath,17,IPO (Native IPO),org.apache.commons.jxpath.ri.model.dom.DOMAttributeIterator;org.apache.commons.jxpath.ri.model.jdom.JDOMAttributeIterator,NO,,,NO_SUITE,
JxPath,17,MIO (EvoSuite SBST),org.apache.commons.jxpath.ri.model.dom.DOMAttributeIterator;org.apache.commons.jxpath.ri.model.jdom.JDOMAttributeIterator,YES,DOMAttributeIterator_ESTest.java;JDOMAttributeIterator_ESTest.java,fcf52d96a458cedf8dd0c98f22d938cffec7db1ccee407d5e9a4976361b3dfe9,READY,
JxPath,17,DeepSeek V4 Flash,org.apache.commons.jxpath.ri.model.dom.DOMAttributeIterator;org.apache.commons.jxpath.ri.model.jdom.JDOMAttributeIterator,YES,DOMAttributeIteratorDeepseekTest.java;JDOMAttributeIteratorDeepseekTest.java,82d05e9896bf8b2ea4326f64f607920df1fbff9c3f2f8be3a88f4b8eb7984e62,READY,
JxPath,17,Gemini 3.8 Flash,org.apache.commons.jxpath.ri.model.dom.DOMAttributeIterator;org.apache.commons.jxpath.ri.model.jdom.JDOMAttributeIterator,YES,DOMAttributeIteratorGeminiTest.java;JDOMAttributeIteratorGeminiTest.java,1c31648ba3f8aa565d159f514a018d83becd9c0fd34e352667d5a0cae8e2f00e,READY,
JxPath,18,IPO (Native IPO),org.apache.commons.jxpath.ri.axes.AttributeContext,NO,,,NO_SUITE,
JxPath,18,MIO (EvoSuite SBST),org.apache.commons.jxpath.ri.axes.AttributeContext,YES,AttributeContext_ESTest.java,c3522eecc2d47e59811b83990a73f9d09a1bc801cb8403066b47e20ba1009185,READY,
JxPath,18,DeepSeek V4 Flash,org.apache.commons.jxpath.ri.axes.AttributeContext,YES,AttributeContextDeepseekTest.java,1ffcda0ebcf12b7a46805ac4d0984a03771c5e50d693562175b6dfaaa6fab478,READY,
JxPath,18,Gemini 3.8 Flash,org.apache.commons.jxpath.ri.axes.AttributeContext,YES,AttributeContextGeminiTest.java,7d307622897b4180b70ad96d33b1e16206979cc7086af3e7dba6accc2510ae04,READY,
JxPath,19,IPO (Native IPO),org.apache.commons.jxpath.ri.model.dom.DOMNodePointer;org.apache.commons.jxpath.ri.model.jdom.JDOMNodePointer,NO,,,NO_SUITE,
JxPath,19,MIO (EvoSuite SBST),org.apache.commons.jxpath.ri.model.dom.DOMNodePointer;org.apache.commons.jxpath.ri.model.jdom.JDOMNodePointer,YES,DOMNodePointer_ESTest.java;JDOMNodePointer_ESTest.java,ba6c5309868e312c97654b5308f1855c4dc512c6bab0db6ac28067b2517499f7,READY,
JxPath,19,DeepSeek V4 Flash,org.apache.commons.jxpath.ri.model.dom.DOMNodePointer;org.apache.commons.jxpath.ri.model.jdom.JDOMNodePointer,YES,DOMNodePointerDeepseekTest.java;JDOMNodePointerDeepseekTest.java,84c43334e1c70f1624e443cc09b777a2a671b5440dca941e0fd7ccb952d3154c,READY,
JxPath,19,Gemini 3.8 Flash,org.apache.commons.jxpath.ri.model.dom.DOMNodePointer;org.apache.commons.jxpath.ri.model.jdom.JDOMNodePointer,YES,DOMNodePointerGeminiTest.java;JDOMNodePointerGeminiTest.java,3800b58e55c19cb9ec6231d327848e0f4ce8273f4fd19882030ac5f03618f314,READY,
JxPath,20,IPO (Native IPO),org.apache.commons.jxpath.ri.compiler.CoreOperationRelationalExpression,NO,,,NO_SUITE,
JxPath,20,MIO (EvoSuite SBST),org.apache.commons.jxpath.ri.compiler.CoreOperationRelationalExpression,YES,CoreOperationRelationalExpression_ESTest.java,908d9c6605c659c708e92c0e7f406080d8e1eb8253427a3721665ffd0d331f63,READY,
JxPath,20,DeepSeek V4 Flash,org.apache.commons.jxpath.ri.compiler.CoreOperationRelationalExpression,YES,CoreOperationRelationalExpressionDeepseekTest.java,0f3cf9df5b3c082e347153377eb8e3ab593d30c466638e19e1768f393935c8ce,READY,
JxPath,20,Gemini 3.8 Flash,org.apache.commons.jxpath.ri.compiler.CoreOperationRelationalExpression,YES,CoreOperationRelationalExpressionGeminiTest.java,4fde2a15c1c0cec0080a63d96919f1b72885e59b74c6bc4fde99257e346ca5c5,READY,
JxPath,21,IPO (Native IPO),org.apache.commons.jxpath.ri.model.beans.PropertyPointer,NO,,,NO_SUITE,
JxPath,21,MIO (EvoSuite SBST),org.apache.commons.jxpath.ri.model.beans.PropertyPointer,YES,PropertyPointer_ESTest.java,3c79fb36d35c9189e9dc36a59247dde0e2122bb996685f39cd296d6eac65ba3f,READY,
JxPath,21,DeepSeek V4 Flash,org.apache.commons.jxpath.ri.model.beans.PropertyPointer,YES,PropertyPointerDeepseekTest.java,fd8b4e2200b7e4eaeaceb3cdb78e5f9de1012ddae00555d20f2477b4228ef636,READY,
JxPath,21,Gemini 3.8 Flash,org.apache.commons.jxpath.ri.model.beans.PropertyPointer,YES,PropertyPointerGeminiTest.java,e57c75008e79ded50503e26ba579361b39d7ca72f4746ab35daa13c9f9068233,READY,
JxPath,22,IPO (Native IPO),org.apache.commons.jxpath.ri.model.dom.DOMNodePointer,NO,,,NO_SUITE,
JxPath,22,MIO (EvoSuite SBST),org.apache.commons.jxpath.ri.model.dom.DOMNodePointer,YES,DOMNodePointer_ESTest.java,84e7af392701173259d9f2e70ae5cf8a2adfb75d2974d4aebb428c2613159e64,READY,
JxPath,22,DeepSeek V4 Flash,org.apache.commons.jxpath.ri.model.dom.DOMNodePointer,YES,DOMNodePointerDeepseekTest.java,7eebdf4b7138f54f026b274f872a8bef2367989076ec3850542f918c47a717b0,READY,
JxPath,22,Gemini 3.8 Flash,org.apache.commons.jxpath.ri.model.dom.DOMNodePointer,YES,DOMNodePointerGeminiTest.java,d3c82b567edde8d774161e5ef5696ddabe841b94ede56e0c9f82d0e259bd9cfe,READY,
Lang,1,IPO (Native IPO),org.apache.commons.lang3.math.NumberUtils,YES,NumberUtils_IPOTest.java,e82ff1b3440823bb972b49eda185a59275bee0a8ef3f039097ff6b848555e20e,READY,
Lang,1,MIO (EvoSuite SBST),org.apache.commons.lang3.math.NumberUtils,YES,NumberUtils_ESTest.java,0d9e88b5f803dd7f41212bd8e230d2d08643984221de8311e1dc9e9807653a2e,READY,
Lang,1,DeepSeek V4 Flash,org.apache.commons.lang3.math.NumberUtils,YES,NumberUtilsDeepseekTest.java,47894152a9447a7db7d4c089def139509536ccf2f9482b93440ba31f08de1715,READY,
Lang,1,Gemini 3.8 Flash,org.apache.commons.lang3.math.NumberUtils,YES,NumberUtilsGeminiTest.java,abe0c2ab0bac8c97ea4e80bff5499ffdf6246aaf51b7352cd22973ac75a08e8e,READY,
Lang,3,IPO (Native IPO),org.apache.commons.lang3.math.NumberUtils,YES,NumberUtils_IPOTest.java,e82ff1b3440823bb972b49eda185a59275bee0a8ef3f039097ff6b848555e20e,READY,
Lang,3,MIO (EvoSuite SBST),org.apache.commons.lang3.math.NumberUtils,YES,NumberUtils_ESTest.java,65795c1907105994d24449bd537236a7d01b791b789a069c8c49c06dfd9d118a,READY,
Lang,3,DeepSeek V4 Flash,org.apache.commons.lang3.math.NumberUtils,YES,NumberUtilsDeepseekTest.java,2ff8a6505bb938520430eba29550aaaef8d891bb836a9fc8a3c657ce5d42d375,READY,
Lang,3,Gemini 3.8 Flash,org.apache.commons.lang3.math.NumberUtils,YES,NumberUtilsGeminiTest.java,134947feb65a846668634e2a89b2cae5b32cf7a3b5d3ab4ab6603eae465264cf,READY,
Lang,4,IPO (Native IPO),org.apache.commons.lang3.text.translate.LookupTranslator,NO,,,NO_SUITE,
Lang,4,MIO (EvoSuite SBST),org.apache.commons.lang3.text.translate.LookupTranslator,YES,LookupTranslator_ESTest.java,e92bda52c5d95b9fc1b438884dcc404fadc1a0a608fb54e4bfe899eee4f5c3eb,READY,
Lang,4,DeepSeek V4 Flash,org.apache.commons.lang3.text.translate.LookupTranslator,YES,LookupTranslatorDeepseekTest.java,8d6154c273dd0fc3e1e337b17562088734db677746e4c682945c3188f9ee5601,READY,
Lang,4,Gemini 3.8 Flash,org.apache.commons.lang3.text.translate.LookupTranslator,YES,LookupTranslatorGeminiTest.java,569a2616826e1a60cac9dac634ccae275a56c9dc748fce5478ad15e70f26aece,READY,
Lang,5,IPO (Native IPO),org.apache.commons.lang3.LocaleUtils,NO,,,NO_SUITE,
Lang,5,MIO (EvoSuite SBST),org.apache.commons.lang3.LocaleUtils,YES,LocaleUtils_ESTest.java,b6a658d1c121fc5ec0e573e00cf11f17c9de88e9cf307b0b495f8e3672ccc147,READY,
Lang,5,DeepSeek V4 Flash,org.apache.commons.lang3.LocaleUtils,YES,LocaleUtilsDeepseekTest.java,0a270682f70523c49eb276988abd2636debdde577b853b3e0073db32f723e6a2,READY,
Lang,5,Gemini 3.8 Flash,org.apache.commons.lang3.LocaleUtils,YES,LocaleUtilsGeminiTest.java,7442659139284883ae73e1408895d075ca0949d14753456d8b1c71f55070ad03,READY,
Lang,6,IPO (Native IPO),org.apache.commons.lang3.text.translate.CharSequenceTranslator,NO,,,NO_SUITE,
Lang,6,MIO (EvoSuite SBST),org.apache.commons.lang3.text.translate.CharSequenceTranslator,YES,CharSequenceTranslator_ESTest.java,380caa0f81a1cd8026e1082dac5033e4e17c3b4eb9b0096cc7269e5fc3d13997,READY,
Lang,6,DeepSeek V4 Flash,org.apache.commons.lang3.text.translate.CharSequenceTranslator,YES,CharSequenceTranslatorDeepseekTest.java,21981352f6d5cec85614ce7e1978479da70a47461a52e69091a2439e940e955b,READY,
Lang,6,Gemini 3.8 Flash,org.apache.commons.lang3.text.translate.CharSequenceTranslator,YES,CharSequenceTranslatorGeminiTest.java,d83438624f657327616441fc9c256c66daad8c1b4a50f2c35c2329d40647f1e3,READY,
Lang,7,IPO (Native IPO),org.apache.commons.lang3.math.NumberUtils,YES,NumberUtils_IPOTest.java,e82ff1b3440823bb972b49eda185a59275bee0a8ef3f039097ff6b848555e20e,READY,
Lang,7,MIO (EvoSuite SBST),org.apache.commons.lang3.math.NumberUtils,YES,NumberUtils_ESTest.java,cac7f67058f8dbd9a226386b1341a6bac0557f999b5847cfbbae9557d09edc9e,READY,
Lang,7,DeepSeek V4 Flash,org.apache.commons.lang3.math.NumberUtils,YES,NumberUtilsDeepseekTest.java,674f20b473a43dfa77d770e9bb9ae67bf824cddce54809eaf0af569815087524,READY,
Lang,7,Gemini 3.8 Flash,org.apache.commons.lang3.math.NumberUtils,YES,NumberUtilsGeminiTest.java,f2856ba7b8ec424c89b4dab8c502bccf0d6204f92727b12eee2e5e8e069d1471,READY,
Lang,8,IPO (Native IPO),org.apache.commons.lang3.time.FastDatePrinter,YES,FastDatePrinter_IPOTest.java,5a5f79e0bbf9410d719bf258f408d0c5f5353c0e80ecc23138edeb5366852972,READY,
Lang,8,MIO (EvoSuite SBST),org.apache.commons.lang3.time.FastDatePrinter,YES,FastDatePrinter_ESTest.java,bef259307ca09acd96e7fe2f5a1a078d3fdad3bb8662da8b2cdfd83b860698cb,READY,
Lang,8,DeepSeek V4 Flash,org.apache.commons.lang3.time.FastDatePrinter,YES,FastDatePrinterDeepseekTest.java,29a13749f18b5fa49e80223df6849f6a0ee02f9a37f9ffabec4455f5dc6e669a,READY,
Lang,8,Gemini 3.8 Flash,org.apache.commons.lang3.time.FastDatePrinter,YES,FastDatePrinterGeminiTest.java,6a2852938bb8dfb6528efbb5c449a0d9ba3153e65a652a1b0341f624b20e0bc7,READY,
Lang,9,IPO (Native IPO),org.apache.commons.lang3.time.FastDateParser,YES,FastDateParser_IPOTest.java,9bd562aa8a6f61cc1ed2dc0cb95eec0f6daf53c487ea15e115d3587ad88eb846,READY,
Lang,9,MIO (EvoSuite SBST),org.apache.commons.lang3.time.FastDateParser,YES,FastDateParser_ESTest.java,80276d0ea4f20ff4e5e28f6fdcc5dc622569a4bfdc778499de49d46a0534b59b,READY,
Lang,9,DeepSeek V4 Flash,org.apache.commons.lang3.time.FastDateParser,YES,FastDateParserDeepseekTest.java,5d9fd03a9a689b715045b20b60853cd70ed54a516bc0c3649401d861a83424c5,READY,
Lang,9,Gemini 3.8 Flash,org.apache.commons.lang3.time.FastDateParser,YES,FastDateParserGeminiTest.java,6b1bb201a879ef6a001149ef1f63003e2fc05ba4c8bfd67ba40a621dd2d10b2d,READY,
Lang,10,IPO (Native IPO),org.apache.commons.lang3.time.FastDateParser,YES,FastDateParser_IPOTest.java,9bd562aa8a6f61cc1ed2dc0cb95eec0f6daf53c487ea15e115d3587ad88eb846,READY,
Lang,10,MIO (EvoSuite SBST),org.apache.commons.lang3.time.FastDateParser,YES,FastDateParser_ESTest.java,f0bd5797da2336c2cfb551308fe94f5ac3b57a4fd54810702f862fb242cbe194,READY,
Lang,10,DeepSeek V4 Flash,org.apache.commons.lang3.time.FastDateParser,YES,FastDateParserDeepseekTest.java,b8f7b8748026df026c1e63ca81f470fa6d79e0c37862664a9a9f5da2cb5c6f5b,READY,
Lang,10,Gemini 3.8 Flash,org.apache.commons.lang3.time.FastDateParser,YES,FastDateParserGeminiTest.java,2f5bcac8df913add33d342a144b31b02b2df378a7f1bad462f3164d1e2d15485,READY,
Lang,11,IPO (Native IPO),org.apache.commons.lang3.RandomStringUtils,YES,RandomStringUtils_IPOTest.java,2efef0529fb97e71172e4115b888f9fec77b801f3f2a6a899f22168fd0db8653,READY,
Lang,11,MIO (EvoSuite SBST),org.apache.commons.lang3.RandomStringUtils,YES,RandomStringUtils_ESTest.java,a400a743cb70e1c710907ec1caf82087dd4b9bfd61732699aa63df00de8373c1,READY,
Lang,11,DeepSeek V4 Flash,org.apache.commons.lang3.RandomStringUtils,YES,RandomStringUtilsDeepseekTest.java,2b01dee1e7cb3f8cb34e9f7d821172f15fa28e9344d9eaf7db06f98927acd2a1,READY,
Lang,11,Gemini 3.8 Flash,org.apache.commons.lang3.RandomStringUtils,YES,RandomStringUtilsGeminiTest.java,85cdbfab11e9bc43420ff03dc3fff410c6436ac9134f8af464aeddb3e2d03359,READY,
Lang,12,IPO (Native IPO),org.apache.commons.lang3.RandomStringUtils,YES,RandomStringUtils_IPOTest.java,2efef0529fb97e71172e4115b888f9fec77b801f3f2a6a899f22168fd0db8653,READY,
Lang,12,MIO (EvoSuite SBST),org.apache.commons.lang3.RandomStringUtils,YES,RandomStringUtils_ESTest.java,6b8317d1a5bc0e50d933105755ec9915e4124520d355a62863448bd77998d097,READY,
Lang,12,DeepSeek V4 Flash,org.apache.commons.lang3.RandomStringUtils,YES,RandomStringUtilsDeepseekTest.java,c816681b985d68f4fc70bb61615f28a226bf55d0f3d631865eaf9d5b76d288fc,READY,
Lang,12,Gemini 3.8 Flash,org.apache.commons.lang3.RandomStringUtils,YES,RandomStringUtilsGeminiTest.java,bf6e54a7420eb8f80a36b61737d3d63add9f735125464e9359c5640de4c19b20,READY,
Lang,13,IPO (Native IPO),org.apache.commons.lang3.SerializationUtils,NO,,,NO_SUITE,
Lang,13,MIO (EvoSuite SBST),org.apache.commons.lang3.SerializationUtils,YES,SerializationUtils_ESTest.java,788ac98b6aff683de5b7b584ff986ded89b9264d08616f1aa01d7a6ad0cd475d,READY,
Lang,13,DeepSeek V4 Flash,org.apache.commons.lang3.SerializationUtils,YES,SerializationUtilsDeepseekTest.java,fe651419b60013e17c2b5c37fe2e913519c47ed9ae58ea0149cd1381e40c7957,READY,
Lang,13,Gemini 3.8 Flash,org.apache.commons.lang3.SerializationUtils,YES,SerializationUtilsGeminiTest.java,0181c2aa704bb114b93ee5d3585487816ee0b547db332f4657c83666d6f235a2,READY,
Lang,14,IPO (Native IPO),org.apache.commons.lang3.StringUtils,NO,,,NO_SUITE,
Lang,14,MIO (EvoSuite SBST),org.apache.commons.lang3.StringUtils,YES,StringUtils_ESTest.java,394b5d341159b98aa5a49677b273b13418f12e9a2258f1a817baf4d38a4e02db,READY,
Lang,14,DeepSeek V4 Flash,org.apache.commons.lang3.StringUtils,YES,StringUtilsDeepseekTest.java,165649c261d77a78614d3de55af7a7c64dfdfdc5daa48eb1c6306e9bac6b9eab,READY,
Lang,14,Gemini 3.8 Flash,org.apache.commons.lang3.StringUtils,YES,StringUtilsGeminiTest.java,a277938efee716483e1cf209a2528c81290ea19d2f5e36ad869124ca625bb6bc,READY,
Lang,15,IPO (Native IPO),org.apache.commons.lang3.reflect.TypeUtils,YES,TypeUtils_IPOTest.java,fbf2137833b6a4281db1c5a6c405562ac5be0ce3ef87bfb70bce4104fff7853b,READY,
Lang,15,MIO (EvoSuite SBST),org.apache.commons.lang3.reflect.TypeUtils,YES,TypeUtils_ESTest.java,95f8cef04f96286871f84d58556c583dd31e07609ebcb1685c0e00931dc03872,READY,
Lang,15,DeepSeek V4 Flash,org.apache.commons.lang3.reflect.TypeUtils,YES,TypeUtilsDeepseekTest.java,c47e6559708c770dd4faeb9ec7cb84d21e6738e316f4ada2662cce288c9765b1,READY,
Lang,15,Gemini 3.8 Flash,org.apache.commons.lang3.reflect.TypeUtils,YES,TypeUtilsGeminiTest.java,19ac75a9dcfbade5dc3764b11a14018aed445628ce09e87368a86e0446b5ca71,READY,
Lang,16,IPO (Native IPO),org.apache.commons.lang3.math.NumberUtils,YES,NumberUtils_IPOTest.java,e82ff1b3440823bb972b49eda185a59275bee0a8ef3f039097ff6b848555e20e,READY,
Lang,16,MIO (EvoSuite SBST),org.apache.commons.lang3.math.NumberUtils,YES,NumberUtils_ESTest.java,2d238a0ce37803f4a1f5f7467d833b66da9a88d701b6b9b1344ecc6cb588668f,READY,
Lang,16,DeepSeek V4 Flash,org.apache.commons.lang3.math.NumberUtils,YES,NumberUtilsDeepseekTest.java,6551b27244918eec64c6b492b704ee98f83674a08a5d1665f0e0076209cd4829,READY,
Lang,16,Gemini 3.8 Flash,org.apache.commons.lang3.math.NumberUtils,YES,NumberUtilsGeminiTest.java,05f6c5ad94f1cc4aa1ef21a21f8fbc60cc9069c32ad5e140cc1eead47c58283f,READY,
Lang,17,IPO (Native IPO),org.apache.commons.lang3.text.translate.CharSequenceTranslator,NO,,,NO_SUITE,
Lang,17,MIO (EvoSuite SBST),org.apache.commons.lang3.text.translate.CharSequenceTranslator,YES,CharSequenceTranslator_ESTest.java,c52016468b121d7ac317fc4afbba343c5cbc31dfba0eb88a1d6be1cb556e71ce,READY,
Lang,17,DeepSeek V4 Flash,org.apache.commons.lang3.text.translate.CharSequenceTranslator,YES,CharSequenceTranslatorDeepseekTest.java,994020834aabd93e87b21eaca695c2fdfd389c469763ac16a8522e05efb02256,READY,
Lang,17,Gemini 3.8 Flash,org.apache.commons.lang3.text.translate.CharSequenceTranslator,YES,CharSequenceTranslatorGeminiTest.java,57c601c1c3a0071415758e2be4de2d04cef065decf86c4ff8c419c4d4c6e5791,READY,
Lang,19,IPO (Native IPO),org.apache.commons.lang3.text.translate.NumericEntityUnescaper,YES,NumericEntityUnescaper_IPOTest.java,15de95791370d9aa3ce1552a04bc465c0a7067cabd2ca62cca96c113f23236fd,READY,
Lang,19,MIO (EvoSuite SBST),org.apache.commons.lang3.text.translate.NumericEntityUnescaper,YES,NumericEntityUnescaper_ESTest.java,daf0e7f4a57aeabc3a13c353bb5a4d3fad37e95f76d8d8ff95587a44c03dae16,READY,
Lang,19,DeepSeek V4 Flash,org.apache.commons.lang3.text.translate.NumericEntityUnescaper,YES,NumericEntityUnescaperDeepseekTest.java,8ff8bba36a1cbb0550fae5c9f3b6cab399a469abeb340519d345d79b1d492a68,READY,
Lang,19,Gemini 3.8 Flash,org.apache.commons.lang3.text.translate.NumericEntityUnescaper,YES,NumericEntityUnescaperGeminiTest.java,66de2293e31f732ef6888a08759e2aca41c65437edfa2b1ca434df4031d62ce6,READY,
Lang,20,IPO (Native IPO),org.apache.commons.lang3.StringUtils,NO,,,NO_SUITE,
Lang,20,MIO (EvoSuite SBST),org.apache.commons.lang3.StringUtils,YES,StringUtils_ESTest.java,6b6c11cab03e0f909785cb6f016a529db9508ae3f7cfa776787b1cdbdf4feaf2,READY,
Lang,20,DeepSeek V4 Flash,org.apache.commons.lang3.StringUtils,YES,StringUtilsDeepseekTest.java,ffc628e30256024333d57f159554d55730d2345418fa49e8744b49e9cde174d8,READY,
Lang,20,Gemini 3.8 Flash,org.apache.commons.lang3.StringUtils,YES,StringUtilsGeminiTest.java,f2a56e614ac45788838ac732b610536ca854aab84f03564ef2030b82c2e3b734,READY,
Lang,21,IPO (Native IPO),org.apache.commons.lang3.time.DateUtils,NO,,,NO_SUITE,
Lang,21,MIO (EvoSuite SBST),org.apache.commons.lang3.time.DateUtils,YES,DateUtils_ESTest.java,68d9a5fe2f5535c1cba3bcf2589fea36051f9620132bbf520fbac9e4689423f7,READY,
Lang,21,DeepSeek V4 Flash,org.apache.commons.lang3.time.DateUtils,YES,DateUtilsDeepseekTest.java,81cc02bf30c6cba66dcdd64baa990fbb98cf3a678ff71c90ed7e59cfc2eb8301,READY,
Lang,21,Gemini 3.8 Flash,org.apache.commons.lang3.time.DateUtils,YES,DateUtilsGeminiTest.java,731c57f1a167f939725f6f569dbeb235c90ea13a8a1f104cb3a5c577e1cf3446,READY,
Lang,22,IPO (Native IPO),org.apache.commons.lang3.math.Fraction,YES,Fraction_IPOTest.java,4d71cdb93af5f1aed43e4b3d36a1764aaea1cc57de99129c0ce14ee3b512838a,READY,
Lang,22,MIO (EvoSuite SBST),org.apache.commons.lang3.math.Fraction,YES,Fraction_ESTest.java,f921596d6ce496d430c95c7b30f74f1ec7ca63af4db3025854acf36e4e838537,READY,
Lang,22,DeepSeek V4 Flash,org.apache.commons.lang3.math.Fraction,YES,FractionDeepseekTest.java,bab9d90487bf074bedd3502dd374e4d45af364dd04397dc94083e5da7661cf3c,READY,
Lang,22,Gemini 3.8 Flash,org.apache.commons.lang3.math.Fraction,YES,FractionGeminiTest.java,2d42c6ebee7a4bb78c4c1ece3f35edf8f4016fc4042106bf5391274e1e4a038a,READY,
Lang,23,IPO (Native IPO),org.apache.commons.lang3.text.ExtendedMessageFormat,YES,ExtendedMessageFormat_IPOTest.java,d900d98f4eb89f6237266112a599b9f8f76c97f97da19e62d9c2400754f92910,READY,
Lang,23,MIO (EvoSuite SBST),org.apache.commons.lang3.text.ExtendedMessageFormat,YES,ExtendedMessageFormat_ESTest.java,a16efaf59a04ecccee552a39d6e44bafe1b5d7bd4567240d4cc7e13db0c514b9,READY,
Lang,23,DeepSeek V4 Flash,org.apache.commons.lang3.text.ExtendedMessageFormat,YES,ExtendedMessageFormatDeepseekTest.java,34717511ed4429d1858738dbdc31d7eb1ace700e02b2ac43bc907e48c9187d01,READY,
Lang,23,Gemini 3.8 Flash,org.apache.commons.lang3.text.ExtendedMessageFormat,YES,ExtendedMessageFormatGeminiTest.java,ecc40613b2b463b1cb49589961e55a1b891ee600f9665497b6294cc2c7013a8b,READY,
Lang,24,IPO (Native IPO),org.apache.commons.lang3.math.NumberUtils,YES,NumberUtils_IPOTest.java,e82ff1b3440823bb972b49eda185a59275bee0a8ef3f039097ff6b848555e20e,READY,
Lang,24,MIO (EvoSuite SBST),org.apache.commons.lang3.math.NumberUtils,YES,NumberUtils_ESTest.java,47909f6443c0e28346fcd66fa6e1be9d5ba819d95ca4501f63a1f89739c07291,READY,
Lang,24,DeepSeek V4 Flash,org.apache.commons.lang3.math.NumberUtils,YES,NumberUtilsDeepseekTest.java,d2f09f7faecab7de5fbbf6c784d1f5fd5d7d85a388135cbc5e5acdd0b6507319,READY,
Lang,24,Gemini 3.8 Flash,org.apache.commons.lang3.math.NumberUtils,YES,NumberUtilsGeminiTest.java,94fa017292f8354e285f28a69edd9c2ab15c0af70f73586d20e819158391e00c,READY,
Lang,26,IPO (Native IPO),org.apache.commons.lang3.time.FastDateFormat,YES,FastDateFormat_IPOTest.java,2ca699d619bd856b727c8feab7b1a7dd8aa0a6cffe483f4dfe7bd2b71469e0b6,READY,
Lang,26,MIO (EvoSuite SBST),org.apache.commons.lang3.time.FastDateFormat,YES,FastDateFormat_ESTest.java,b39f8390a353ce004a56fcd45c54a44b22237ecf439998858c4283e16b8b489d,READY,
Lang,26,DeepSeek V4 Flash,org.apache.commons.lang3.time.FastDateFormat,YES,FastDateFormatDeepseekTest.java,7af22f5a4c2e508fe2902a2edb7a24eb7f6dc50df74c80469486a5e3e13a57f5,READY,
Lang,26,Gemini 3.8 Flash,org.apache.commons.lang3.time.FastDateFormat,YES,FastDateFormatGeminiTest.java,a00a6bcefd334bd5721b6b0c3b5aaab1cb704064cf5d9da16f5db8ee2705bf57,READY,
Lang,27,IPO (Native IPO),org.apache.commons.lang3.math.NumberUtils,YES,NumberUtils_IPOTest.java,e82ff1b3440823bb972b49eda185a59275bee0a8ef3f039097ff6b848555e20e,READY,
Lang,27,MIO (EvoSuite SBST),org.apache.commons.lang3.math.NumberUtils,YES,NumberUtils_ESTest.java,08e9ccac7174e9d885778a8792eaf08c50ce762417e06a03203c68290f795ff8,READY,
Lang,27,DeepSeek V4 Flash,org.apache.commons.lang3.math.NumberUtils,YES,NumberUtilsDeepseekTest.java,5f37a311ac31172ab7a3b7e3bde8657cff5d7d4b13d2a07779d569994c06ca44,READY,
Lang,27,Gemini 3.8 Flash,org.apache.commons.lang3.math.NumberUtils,YES,NumberUtilsGeminiTest.java,b6bec95650d066180563163885a7ab71e2e7657e73c5ad6e47e8e81cf28cbf32,READY,
Lang,28,IPO (Native IPO),org.apache.commons.lang3.text.translate.NumericEntityUnescaper,YES,NumericEntityUnescaper_IPOTest.java,15de95791370d9aa3ce1552a04bc465c0a7067cabd2ca62cca96c113f23236fd,READY,
Lang,28,MIO (EvoSuite SBST),org.apache.commons.lang3.text.translate.NumericEntityUnescaper,YES,NumericEntityUnescaper_ESTest.java,a89f605f2c2bc3f21542ecf8fcf829c65d0f118bfc45770d382f6018cabf7df5,READY,
Lang,28,DeepSeek V4 Flash,org.apache.commons.lang3.text.translate.NumericEntityUnescaper,YES,NumericEntityUnescaperDeepseekTest.java,71b7fe8704bfeb08f659e2cc2c969e6025e6623dabbc529e79f5a7278a66acd8,READY,
Lang,28,Gemini 3.8 Flash,org.apache.commons.lang3.text.translate.NumericEntityUnescaper,YES,NumericEntityUnescaperGeminiTest.java,0cacefe5b42943e5330136ac08ce0419305cd4bbd572e95bf03f861a9e933f32,READY,
Lang,29,IPO (Native IPO),org.apache.commons.lang3.SystemUtils,NO,,,NO_SUITE,
Lang,29,MIO (EvoSuite SBST),org.apache.commons.lang3.SystemUtils,YES,SystemUtils_ESTest.java,21e0442c19ebf763670c3c25f6f46705e2ece11fd20e8b9da3bc686ee24d726d,READY,
Lang,29,DeepSeek V4 Flash,org.apache.commons.lang3.SystemUtils,YES,SystemUtilsDeepseekTest.java,8f3442afab7c498d9fbf7bf9622ee59cd2cfd62522f25fb331aab8cd5d6f0e4d,READY,
Lang,29,Gemini 3.8 Flash,org.apache.commons.lang3.SystemUtils,YES,SystemUtilsGeminiTest.java,89843d8fb332b6da924f94ae3c491e338b2dacebd100017e112f11f679b1b77d,READY,
Lang,30,IPO (Native IPO),org.apache.commons.lang3.StringUtils,NO,,,NO_SUITE,
Lang,30,MIO (EvoSuite SBST),org.apache.commons.lang3.StringUtils,YES,StringUtils_ESTest.java,9a240a45fc492ea304b9ca04780fa6a47a0b891dd5f4b71d7f2f75d2d6fb6fb5,READY,
Lang,30,DeepSeek V4 Flash,org.apache.commons.lang3.StringUtils,YES,StringUtilsDeepseekTest.java,9e0c0ac37ffe0f6afff06460447c2f3333acaf4d6752dce6818618a23f1142d2,READY,
Lang,30,Gemini 3.8 Flash,org.apache.commons.lang3.StringUtils,YES,StringUtilsGeminiTest.java,e1625c829efc82eaa217b29c1df8ac5b3c9e526895470916553e8c332584046d,READY,
Lang,31,IPO (Native IPO),org.apache.commons.lang3.StringUtils,NO,,,NO_SUITE,
Lang,31,MIO (EvoSuite SBST),org.apache.commons.lang3.StringUtils,YES,StringUtils_ESTest.java,53f7c6fb4c93c66a3aec7761a9324c2392021df31371df4ed8ceffb683d635f9,READY,
Lang,31,DeepSeek V4 Flash,org.apache.commons.lang3.StringUtils,YES,StringUtilsDeepseekTest.java,b133086639807194c5d17876e56a619fcaa0ae371a2c3ca75e9ab3ab3d84c7dc,READY,
Lang,31,Gemini 3.8 Flash,org.apache.commons.lang3.StringUtils,YES,StringUtilsGeminiTest.java,95ec3e0235d95be6deafbfa77f7e4874e8716a0fdfaf60ec9aa3fdbf5acab75a,READY,
Lang,32,IPO (Native IPO),org.apache.commons.lang3.builder.HashCodeBuilder,NO,,,NO_SUITE,
Lang,32,MIO (EvoSuite SBST),org.apache.commons.lang3.builder.HashCodeBuilder,YES,HashCodeBuilder_ESTest.java,3f70769f84bb5ac7642bee04f69457abdcf91937c6266735c8c1d54d479d7bd5,READY,
Lang,32,DeepSeek V4 Flash,org.apache.commons.lang3.builder.HashCodeBuilder,YES,HashCodeBuilderDeepseekTest.java,520c54e14173b72844a9b04667104f7eb1cc062be517476a9a3e3a753ab256af,READY,
Lang,32,Gemini 3.8 Flash,org.apache.commons.lang3.builder.HashCodeBuilder,YES,HashCodeBuilderGeminiTest.java,4c67e64037de5e089700a0f2e83dfa81c065c028e4bc1817ff9dbdf442b64ca2,READY,
Lang,33,IPO (Native IPO),org.apache.commons.lang3.ClassUtils,YES,ClassUtils_IPOTest.java,c6069276db48fd0a93fbc9c45652721936224448d15a584ff0cfbd19a3e0373c,READY,
Lang,33,MIO (EvoSuite SBST),org.apache.commons.lang3.ClassUtils,YES,ClassUtils_ESTest.java,372ed2e15d478edfa5bb7b7a3951e118ee8f9f378b9d71b242c278d0dc6fd566,READY,
Lang,33,DeepSeek V4 Flash,org.apache.commons.lang3.ClassUtils,YES,ClassUtilsDeepseekTest.java,522bea7b5a8779569bf119fc84331ebd38d7095b777098d3f8831f7c8bb024e0,READY,
Lang,33,Gemini 3.8 Flash,org.apache.commons.lang3.ClassUtils,YES,ClassUtilsGeminiTest.java,083f6988032ba8f1d8ab0d46a5f069213375472ff912831a686ef6328b421e9f,READY,
Lang,34,IPO (Native IPO),org.apache.commons.lang3.builder.ToStringStyle,NO,,,NO_SUITE,
Lang,34,MIO (EvoSuite SBST),org.apache.commons.lang3.builder.ToStringStyle,YES,ToStringStyle_ESTest.java,e5da41107f0f4d875cac139cd0d63cbd589d11ec5fc5e5f20b7d1b1e6be95b61,READY,
Lang,34,DeepSeek V4 Flash,org.apache.commons.lang3.builder.ToStringStyle,YES,ToStringStyleDeepseekTest.java,076970f85967b0db5009e96711dd820077052674ec6977cdbcf91ffffefc386e,READY,
Lang,34,Gemini 3.8 Flash,org.apache.commons.lang3.builder.ToStringStyle,YES,ToStringStyleGeminiTest.java,222a51ecae1d3b19209ba85208f5eecb574c295a39c3ccb8222cea4e980af440,READY,
Lang,35,IPO (Native IPO),org.apache.commons.lang3.ArrayUtils,NO,,,NO_SUITE,
Lang,35,MIO (EvoSuite SBST),org.apache.commons.lang3.ArrayUtils,YES,ArrayUtils_ESTest.java,7d6d91b12ae9828a7099d05441833adb5a168cd7f0be28e87d7a36c4b761d9aa,READY,
Lang,35,DeepSeek V4 Flash,org.apache.commons.lang3.ArrayUtils,YES,ArrayUtilsDeepseekTest.java,63ec279d2e91b7788c3534d4e4d246bf64b001d0ddef85bf5989af2db4db7f16,READY,
Lang,35,Gemini 3.8 Flash,org.apache.commons.lang3.ArrayUtils,YES,ArrayUtilsGeminiTest.java,41f18ef292312c884a59620ee839ae1d0f1963b24d9b7ab462679f98366e8d35,READY,
Lang,36,IPO (Native IPO),org.apache.commons.lang3.math.NumberUtils,YES,NumberUtils_IPOTest.java,e82ff1b3440823bb972b49eda185a59275bee0a8ef3f039097ff6b848555e20e,READY,
Lang,36,MIO (EvoSuite SBST),org.apache.commons.lang3.math.NumberUtils,YES,NumberUtils_ESTest.java,0632b30cdedc229c2530f0972b0d1857e804c8ea2afb010d4bf0d99ec075a31e,READY,
Lang,36,DeepSeek V4 Flash,org.apache.commons.lang3.math.NumberUtils,YES,NumberUtilsDeepseekTest.java,f02098e120581f6735c6e2d4465f96a860acafa9e09dbe0ebbf4b4c05e87f264,READY,
Lang,36,Gemini 3.8 Flash,org.apache.commons.lang3.math.NumberUtils,YES,NumberUtilsGeminiTest.java,5ea18c01bae29cad68f63eb1808bb4dca5c451dce33e7f18f5dadf016e91ab9d,READY,
Lang,37,IPO (Native IPO),org.apache.commons.lang3.ArrayUtils,NO,,,NO_SUITE,
Lang,37,MIO (EvoSuite SBST),org.apache.commons.lang3.ArrayUtils,YES,ArrayUtils_ESTest.java,53dac8902ba7f40d2246aaa2c3dfcdf2783311287b392f09bc974b258deac75c,READY,
Lang,37,DeepSeek V4 Flash,org.apache.commons.lang3.ArrayUtils,YES,ArrayUtilsDeepseekTest.java,7edcf8b32efad6c72ad9ed05e05e01955e25bc5ea4b3fec6df2bef4c5e110569,READY,
Lang,37,Gemini 3.8 Flash,org.apache.commons.lang3.ArrayUtils,YES,ArrayUtilsGeminiTest.java,8c4923f230ed8b64413eec378916036be0a0d63a79527ae0d4863e7aa084c391,READY,
Lang,38,IPO (Native IPO),org.apache.commons.lang3.time.FastDateFormat,YES,FastDateFormat_IPOTest.java,2ca699d619bd856b727c8feab7b1a7dd8aa0a6cffe483f4dfe7bd2b71469e0b6,READY,
Lang,38,MIO (EvoSuite SBST),org.apache.commons.lang3.time.FastDateFormat,YES,FastDateFormat_ESTest.java,294c4a4ebabc61412d787e6e5168a281ca2bc6dbead9f570e3fa6e36b20b37fc,READY,
Lang,38,DeepSeek V4 Flash,org.apache.commons.lang3.time.FastDateFormat,YES,FastDateFormatDeepseekTest.java,5957f060ea47a20c65e2d556a5d99250c9782da6d6873445a2be6357f9dae583,READY,
Lang,38,Gemini 3.8 Flash,org.apache.commons.lang3.time.FastDateFormat,YES,FastDateFormatGeminiTest.java,49681f92477046a0411e221adcacf3f18ad18af9c8cf25fce0af3d2035821204,READY,
Lang,39,IPO (Native IPO),org.apache.commons.lang3.StringUtils,NO,,,NO_SUITE,
Lang,39,MIO (EvoSuite SBST),org.apache.commons.lang3.StringUtils,YES,StringUtils_ESTest.java,0e03f8122254b1324fb386a3eed0c643b5e920701f783997d6c9670c0cf3c4d0,READY,
Lang,39,DeepSeek V4 Flash,org.apache.commons.lang3.StringUtils,YES,StringUtilsDeepseekTest.java,9011d093621014d2887a80c5dcce5ffaf98306e18e46a7826dd72886a37428dc,READY,
Lang,39,Gemini 3.8 Flash,org.apache.commons.lang3.StringUtils,YES,StringUtilsGeminiTest.java,fe4f891f84fe223d6ce41754297fde85ef1d8d34686a6e539ec2e65f271ed2ec,READY,
Lang,40,IPO (Native IPO),org.apache.commons.lang.StringUtils,NO,,,NO_SUITE,
Lang,40,MIO (EvoSuite SBST),org.apache.commons.lang.StringUtils,YES,StringUtils_ESTest.java,81f5e907e7bb5c0581c37783c29ea17ba8aaf7c1e331f8d8c8346e213152c676,READY,
Lang,40,DeepSeek V4 Flash,org.apache.commons.lang.StringUtils,YES,StringUtilsDeepseekTest.java,56a4c2bbe34b0d2ca99c51ae7e82a2299528365f046fd298584947695360d528,READY,
Lang,40,Gemini 3.8 Flash,org.apache.commons.lang.StringUtils,YES,StringUtilsGeminiTest.java,9eed387f27620d1200c7f169393641b6c221920578df6447444e8adc4f205efd,READY,
Lang,41,IPO (Native IPO),org.apache.commons.lang.ClassUtils,YES,ClassUtils_IPOTest.java,8cdc7e4b83e057891ca61838eb5d2691474b401373d377d2cfe9a8aed4f78231,READY,
Lang,41,MIO (EvoSuite SBST),org.apache.commons.lang.ClassUtils,YES,ClassUtils_ESTest.java,ef5c262e9891b9e3693111d9fe6fa18be9eb6d143ab129b2dcd07609d1020bd1,READY,
Lang,41,DeepSeek V4 Flash,org.apache.commons.lang.ClassUtils,YES,ClassUtilsDeepseekTest.java,290c103393f280334be76bf812b5452dd6fc1909ff9d76176a80d7bd3944f402,READY,
Lang,41,Gemini 3.8 Flash,org.apache.commons.lang.ClassUtils,YES,ClassUtilsGeminiTest.java,da5322e101ca69c6018d29da52c6fa16d2001617df19646f329a747555f5937b,READY,
Lang,42,IPO (Native IPO),org.apache.commons.lang.Entities,NO,,,NO_SUITE,
Lang,42,MIO (EvoSuite SBST),org.apache.commons.lang.Entities,YES,Entities_ESTest.java,ddca68cf7a73c33ac6182583cd390739f540b4fa68796a3cf1e6bd1600c2164c,READY,
Lang,42,DeepSeek V4 Flash,org.apache.commons.lang.Entities,YES,EntitiesDeepseekTest.java,c815ae865461bb0b013b6183cdf842a78981297a1a6140b0d016f54b53a54df6,READY,
Lang,42,Gemini 3.8 Flash,org.apache.commons.lang.Entities,YES,EntitiesGeminiTest.java,a0993b27cd901b6d94211ea0d47c99529b34124413b9aada60fe580a4213b563,READY,
Lang,43,IPO (Native IPO),org.apache.commons.lang.text.ExtendedMessageFormat,NO,,,NO_SUITE,
Lang,43,MIO (EvoSuite SBST),org.apache.commons.lang.text.ExtendedMessageFormat,YES,ExtendedMessageFormat_ESTest.java,6201309319778da9d204c37ae7c48b5883e523ddca41e3cdaef7476a9ba4cd39,READY,
Lang,43,DeepSeek V4 Flash,org.apache.commons.lang.text.ExtendedMessageFormat,YES,ExtendedMessageFormatDeepseekTest.java,78250080500925a2ae37ed7190ecb5a79fdc973edfc630cd6fe78bde1b349687,READY,
Lang,43,Gemini 3.8 Flash,org.apache.commons.lang.text.ExtendedMessageFormat,YES,ExtendedMessageFormatGeminiTest.java,3721f27dd94a1d388480200e67263bc9f02363bc67894e36aa35c0b8ebe113eb,READY,
Lang,44,IPO (Native IPO),org.apache.commons.lang.NumberUtils,YES,NumberUtils_IPOTest.java,cdf288fbe600e1f0655c9b4b910d012979e2523b876a75e864faabd453943ac8,READY,
Lang,44,MIO (EvoSuite SBST),org.apache.commons.lang.NumberUtils,YES,NumberUtils_ESTest.java,1ddfcb558cb61e374203e8ec9d49fb78a8955f5d75f30d607733b60b04a412fd,READY,
Lang,44,DeepSeek V4 Flash,org.apache.commons.lang.NumberUtils,YES,NumberUtilsDeepseekTest.java,c1c9aaf20f78e76ef8c738eb9ca5b8175ac9cce68363225c683fd1d98f1ea03b,READY,
Lang,44,Gemini 3.8 Flash,org.apache.commons.lang.NumberUtils,YES,NumberUtilsGeminiTest.java,691be2ec7177b4e5a4d236bfb1d11534650927e54ac6463037844c98ac48cdf6,READY,
Lang,45,IPO (Native IPO),org.apache.commons.lang.WordUtils,YES,WordUtils_IPOTest.java,2d05acbc1baad66d92ea434a449e7502f96d3387e1fb0138f34f3ca78f0e6a52,READY,
Lang,45,MIO (EvoSuite SBST),org.apache.commons.lang.WordUtils,YES,WordUtils_ESTest.java,889154cccdf0e7517bac58afe84e3d9b0289da9993d41c4013a77e434212c762,READY,
Lang,45,DeepSeek V4 Flash,org.apache.commons.lang.WordUtils,YES,WordUtilsDeepseekTest.java,96c1bb97f24eb9913a5d5c85341f2b6ba2b17cf7b87d95b6c63148e181e7ca06,READY,
Lang,45,Gemini 3.8 Flash,org.apache.commons.lang.WordUtils,YES,WordUtilsGeminiTest.java,40954d2122ebacb7fe570b1d498c4006b48a61fa6d1bdbdb23436d02b22d1f79,READY,
Lang,46,IPO (Native IPO),org.apache.commons.lang.StringEscapeUtils,NO,,,NO_SUITE,
Lang,46,MIO (EvoSuite SBST),org.apache.commons.lang.StringEscapeUtils,YES,StringEscapeUtils_ESTest.java,9031c00f37580fbbccebbab9068c42f49bfc1a5cb8205b610a0385019b1fd835,READY,
Lang,46,DeepSeek V4 Flash,org.apache.commons.lang.StringEscapeUtils,YES,StringEscapeUtilsDeepseekTest.java,1c00c56c6d92d3fd30a9019435e0c1e40530ad3d5181496403ed10f1a1f2becb,READY,
Lang,46,Gemini 3.8 Flash,org.apache.commons.lang.StringEscapeUtils,YES,StringEscapeUtilsGeminiTest.java,b172734ad52231876bc4aa5887139e2db6f3d2755d88614220b7a1097f118201,READY,
Lang,47,IPO (Native IPO),org.apache.commons.lang.text.StrBuilder,NO,,,NO_SUITE,
Lang,47,MIO (EvoSuite SBST),org.apache.commons.lang.text.StrBuilder,YES,StrBuilder_ESTest.java,645a1245d1f733e098ceb1bbb976912623d974673caf6a875e4fff1bd405bf7d,READY,
Lang,47,DeepSeek V4 Flash,org.apache.commons.lang.text.StrBuilder,YES,StrBuilderDeepseekTest.java,9e15aa8d0b8db60b9017c71d9d426aa9d069e8af3328129bef18ab04627eec82,READY,
Lang,47,Gemini 3.8 Flash,org.apache.commons.lang.text.StrBuilder,YES,StrBuilderGeminiTest.java,54aff5d968f47b9c2d4d9619a0003f213195bbe561e52cb09a86f46425699f59,READY,
Lang,49,IPO (Native IPO),org.apache.commons.lang.math.Fraction,YES,Fraction_IPOTest.java,e84d50693b63bff047381d411e265c287e1ab8180eb1edfddb17673a222a84ca,READY,
Lang,49,MIO (EvoSuite SBST),org.apache.commons.lang.math.Fraction,YES,Fraction_ESTest.java,d821cc3e8500b10c7c3eeed1624f9292349a0cb9a51099a0ce0c64f70afe5fcf,READY,
Lang,49,DeepSeek V4 Flash,org.apache.commons.lang.math.Fraction,YES,FractionDeepseekTest.java,04b0a798998af29ba43d51cc5da3f85ee49a1748fe1928c6dadfd59f3093e786,READY,
Lang,49,Gemini 3.8 Flash,org.apache.commons.lang.math.Fraction,YES,FractionGeminiTest.java,8954091c93171595b79a7d3e2191e8f8ab38975a85af6ac2c68bace61ec38ae7,READY,
Lang,50,IPO (Native IPO),org.apache.commons.lang.time.FastDateFormat,NO,,,NO_SUITE,
Lang,50,MIO (EvoSuite SBST),org.apache.commons.lang.time.FastDateFormat,YES,FastDateFormat_ESTest.java,d1348cecb9e6161a51aeb934220e480fa26a68e60ca06c3341cc2f2048f5ec97,READY,
Lang,50,DeepSeek V4 Flash,org.apache.commons.lang.time.FastDateFormat,YES,FastDateFormatDeepseekTest.java,8b6f7f445303d8e0041af2e8b6719b58d27fd743861574c2975dc460966e57a5,READY,
Lang,50,Gemini 3.8 Flash,org.apache.commons.lang.time.FastDateFormat,YES,FastDateFormatGeminiTest.java,25d1501f9c2b492bc222bb253bf98c452d4d7f2b613f196b6c64f652f5a15b5e,READY,
Lang,51,IPO (Native IPO),org.apache.commons.lang.BooleanUtils,YES,BooleanUtils_IPOTest.java,710351e86aada9fa7d0ac95fc9da5f90f714509243bf0ceb760f55210e0baefc,READY,
Lang,51,MIO (EvoSuite SBST),org.apache.commons.lang.BooleanUtils,YES,BooleanUtils_ESTest.java,9411a7b6537ac29bfc660c0e5c510bc89e7e4a503a6e9760ef0bf700e3825b30,READY,
Lang,51,DeepSeek V4 Flash,org.apache.commons.lang.BooleanUtils,YES,BooleanUtilsDeepseekTest.java,2d25dba69a50a0436a5f04b402c3d5ec49bcb61ad40859041b98a5cec181fca7,READY,
Lang,51,Gemini 3.8 Flash,org.apache.commons.lang.BooleanUtils,YES,BooleanUtilsGeminiTest.java,4d78f9754d0fb912e97087c3880498405dff3078b04699145fd39d5938a3c74c,READY,
Lang,52,IPO (Native IPO),org.apache.commons.lang.StringEscapeUtils,NO,,,NO_SUITE,
Lang,52,MIO (EvoSuite SBST),org.apache.commons.lang.StringEscapeUtils,YES,StringEscapeUtils_ESTest.java,e193c1d578c93112dc16c73940588cff26335f3bca11bf90bb950039c2352146,READY,
Lang,52,DeepSeek V4 Flash,org.apache.commons.lang.StringEscapeUtils,YES,StringEscapeUtilsDeepseekTest.java,0876f7b81b677e83f6693eccd9a502c0a221da46ca62fe5480ca9d3dab456f81,READY,
Lang,52,Gemini 3.8 Flash,org.apache.commons.lang.StringEscapeUtils,YES,StringEscapeUtilsGeminiTest.java,ee8f192dabd3177468cd4425c09c0aca209ac76d807b293d6bcd37454b7cb77e,READY,
Lang,53,IPO (Native IPO),org.apache.commons.lang.time.DateUtils,NO,,,NO_SUITE,
Lang,53,MIO (EvoSuite SBST),org.apache.commons.lang.time.DateUtils,YES,DateUtils_ESTest.java,c73e91467c84b74151e619ca0e0739333c267a867bb033411e073126ecf243b0,READY,
Lang,53,DeepSeek V4 Flash,org.apache.commons.lang.time.DateUtils,YES,DateUtilsDeepseekTest.java,1f503b59210975597b1540e8d7a4a761de4e57bac7da91a1e45adad295c8f20d,READY,
Lang,53,Gemini 3.8 Flash,org.apache.commons.lang.time.DateUtils,YES,DateUtilsGeminiTest.java,144ba32df28e3a8a084f4884fc05e68ca9e661d22f5322df24d1b60ae094438c,READY,
Lang,54,IPO (Native IPO),org.apache.commons.lang.LocaleUtils,YES,LocaleUtils_IPOTest.java,8fb5be6b954b7f76a65c9e91777698b2b56cbdf2fad3f79a6d23535ae5e6c285,READY,
Lang,54,MIO (EvoSuite SBST),org.apache.commons.lang.LocaleUtils,YES,LocaleUtils_ESTest.java,e0de3534c4c6bc3bd8dfe98d0b91bd2e519f9ae5b384e9bda2a28a60c791d2fb,READY,
Lang,54,DeepSeek V4 Flash,org.apache.commons.lang.LocaleUtils,YES,LocaleUtilsDeepseekTest.java,63843aed0bce6abbed49bd9f255542585908194dd624e663a46806d278697508,READY,
Lang,54,Gemini 3.8 Flash,org.apache.commons.lang.LocaleUtils,YES,LocaleUtilsGeminiTest.java,38a75f3e194064e1126f38bf3cea01705f65e988e1572b5d58ceaed2e7e997ef,READY,
Lang,55,IPO (Native IPO),org.apache.commons.lang.time.StopWatch,NO,,,NO_SUITE,
Lang,55,MIO (EvoSuite SBST),org.apache.commons.lang.time.StopWatch,YES,StopWatch_ESTest.java,23ff66b523fd69b069dadb76384d69a4d000709979ae41d9261f1ee7565f3b3d,READY,
Lang,55,DeepSeek V4 Flash,org.apache.commons.lang.time.StopWatch,YES,StopWatchDeepseekTest.java,08646743685da8230fe1eb09c7d24fc2b58b8f0aa74940ec5855a2a7517cd297,READY,
Lang,55,Gemini 3.8 Flash,org.apache.commons.lang.time.StopWatch,YES,StopWatchGeminiTest.java,38a367f9e7fb0c39ac57e522181fab30fb8fdf424f65ad30cbd72b626eb85f87,READY,
Lang,56,IPO (Native IPO),org.apache.commons.lang.time.FastDateFormat,NO,,,NO_SUITE,
Lang,56,MIO (EvoSuite SBST),org.apache.commons.lang.time.FastDateFormat,YES,FastDateFormat_ESTest.java,9c70dd43e1447a28418503a3e86f7db307c3d1e2bad48f3f7b96246db4a5b0f4,READY,
Lang,56,DeepSeek V4 Flash,org.apache.commons.lang.time.FastDateFormat,YES,FastDateFormatDeepseekTest.java,21c0fc014f742817a3500292040bc1b2d9e4c2cbda0d4332736a521563ff2a0b,READY,
Lang,56,Gemini 3.8 Flash,org.apache.commons.lang.time.FastDateFormat,YES,FastDateFormatGeminiTest.java,dd2e2acc925745d2f20acab4f1f101928ca4bf4f8f954460e581d727d1be830a,READY,
Lang,57,IPO (Native IPO),org.apache.commons.lang.LocaleUtils,YES,LocaleUtils_IPOTest.java,8fb5be6b954b7f76a65c9e91777698b2b56cbdf2fad3f79a6d23535ae5e6c285,READY,
Lang,57,MIO (EvoSuite SBST),org.apache.commons.lang.LocaleUtils,YES,LocaleUtils_ESTest.java,ed6eaa6a4b566bcfbc1f79213a9bdbfbb124bd65a399866a47fa40dd48c6abae,READY,
Lang,57,DeepSeek V4 Flash,org.apache.commons.lang.LocaleUtils,YES,LocaleUtilsDeepseekTest.java,d5d85d52ce36d2b5f6fce842aa867a34a7319c304347d0c5c7da68b52234d189,READY,
Lang,57,Gemini 3.8 Flash,org.apache.commons.lang.LocaleUtils,YES,LocaleUtilsGeminiTest.java,083d6243249a025f852b6266bbe2e0ba2003bd2a79ee9e3b5863261fe8efdc7f,READY,
Lang,58,IPO (Native IPO),org.apache.commons.lang.math.NumberUtils,YES,NumberUtils_IPOTest.java,e52a710cfe47c400f38db3c42deff75fb1fcea92e5e60ba5e15aed04e9c74346,READY,
Lang,58,MIO (EvoSuite SBST),org.apache.commons.lang.math.NumberUtils,YES,NumberUtils_ESTest.java,3d330a70d25b3539f304de0e9e4ed44f93a98f4177c3d0ad99f693425ef95cab,READY,
Lang,58,DeepSeek V4 Flash,org.apache.commons.lang.math.NumberUtils,NO,,,NO_SUITE,
Lang,58,Gemini 3.8 Flash,org.apache.commons.lang.math.NumberUtils,NO,,,NO_SUITE,
Lang,59,IPO (Native IPO),org.apache.commons.lang.text.StrBuilder,NO,,,NO_SUITE,
Lang,59,MIO (EvoSuite SBST),org.apache.commons.lang.text.StrBuilder,YES,StrBuilder_ESTest.java,36a236a5d96b6f0bee37af7916efeae9341625e4f5057b60bcfd39b1a487eba1,READY,
Lang,59,DeepSeek V4 Flash,org.apache.commons.lang.text.StrBuilder,YES,StrBuilderDeepseekTest.java,ef7aaaf74af1579a4c6e82c3be11fe6f527a54c41f9616c36471a25ae8e5cd62,READY,
Lang,59,Gemini 3.8 Flash,org.apache.commons.lang.text.StrBuilder,YES,StrBuilderGeminiTest.java,098afe0a3d7a0dbd69c8975400ef043b55b7f774404928b2c0cd67add8c90a6c,READY,
Lang,60,IPO (Native IPO),org.apache.commons.lang.text.StrBuilder,NO,,,NO_SUITE,
Lang,60,MIO (EvoSuite SBST),org.apache.commons.lang.text.StrBuilder,YES,StrBuilder_ESTest.java,3d3c6a40d5c4ab1c464d730ced204e2fdbef5eae483e5cdbc777e5085de883b7,READY,
Lang,60,DeepSeek V4 Flash,org.apache.commons.lang.text.StrBuilder,YES,StrBuilderDeepseekTest.java,21304cf24b6f9ee8cf9cf9a2fde2479487154a8f242c522c46c78e7281d76403,READY,
Lang,60,Gemini 3.8 Flash,org.apache.commons.lang.text.StrBuilder,YES,StrBuilderGeminiTest.java,9139fb70850306b3eed3e140a3bc55a237940067ea351123b5a5cf04c88130a3,READY,
Lang,61,IPO (Native IPO),org.apache.commons.lang.text.StrBuilder,NO,,,NO_SUITE,
Lang,61,MIO (EvoSuite SBST),org.apache.commons.lang.text.StrBuilder,YES,StrBuilder_ESTest.java,39fd33f88d664140f3900e41a394e32b2a05b9ec00848422f70bb74b80c3c60f,READY,
Lang,61,DeepSeek V4 Flash,org.apache.commons.lang.text.StrBuilder,YES,StrBuilderDeepseekTest.java,15a864869b7de093aded3cce4c4ce22173b6768eed72202529e66771307c6f29,READY,
Lang,61,Gemini 3.8 Flash,org.apache.commons.lang.text.StrBuilder,YES,StrBuilderGeminiTest.java,e5ddec2287fe29b8771a7e563089b6f92a6afd952ee6e9cfca3328bc1fefbc33,READY,
Lang,62,IPO (Native IPO),org.apache.commons.lang.Entities,NO,,,NO_SUITE,
Lang,62,MIO (EvoSuite SBST),org.apache.commons.lang.Entities,YES,Entities_ESTest.java,60a5c3dbe5048a7d5e0e274340ba4c0ad52df7fa8f524bb34c4e23c886801bca,READY,
Lang,62,DeepSeek V4 Flash,org.apache.commons.lang.Entities,YES,EntitiesDeepseekTest.java,595969518e34b8155476efbd2899303e43532c7f1d18540f77ad637dffb3d049,READY,
Lang,62,Gemini 3.8 Flash,org.apache.commons.lang.Entities,YES,EntitiesGeminiTest.java,9e677d5b869d13ca45b39b304cb64085ce95cb6684115945a6d0044b0f48bc3f,READY,
Lang,63,IPO (Native IPO),org.apache.commons.lang.time.DurationFormatUtils,YES,DurationFormatUtils_IPOTest.java,06bb2f4463e03aafdc3f2ab5a6b2bb57bb52665c5699942f78b7e5fea6917fb8,READY,
Lang,63,MIO (EvoSuite SBST),org.apache.commons.lang.time.DurationFormatUtils,YES,DurationFormatUtils_ESTest.java,6daedd5f6751e14a757b038b89359a1a4d7fbcfd6ca5518458a4dd699f9cee89,READY,
Lang,63,DeepSeek V4 Flash,org.apache.commons.lang.time.DurationFormatUtils,YES,DurationFormatUtilsDeepseekTest.java,19725fd41dc05952ed6b16575d4a5f08df703fe30f52719a44f3de509636afbf,READY,
Lang,63,Gemini 3.8 Flash,org.apache.commons.lang.time.DurationFormatUtils,YES,DurationFormatUtilsGeminiTest.java,ad12c75e71f9c6784f24d9b03e6336ff7c4493f34e2eac80fd986605ae4a8b85,READY,
Lang,64,IPO (Native IPO),org.apache.commons.lang.enums.ValuedEnum,NO,,,NO_SUITE,
Lang,64,MIO (EvoSuite SBST),org.apache.commons.lang.enums.ValuedEnum,YES,ValuedEnum_ESTest.java,85eee47163d3bdf1070aa1979f9276a99a6c1ea394e5c17604a9caf91e094372,READY,
Lang,64,DeepSeek V4 Flash,org.apache.commons.lang.enums.ValuedEnum,YES,ValuedEnumDeepseekTest.java,be8bfbf2888284111206686201632f20ce7b6fdc601ab556b1f5184a8301ac25,READY,
Lang,64,Gemini 3.8 Flash,org.apache.commons.lang.enums.ValuedEnum,YES,ValuedEnumGeminiTest.java,9d16d3e3c46db6e5c65b0a1825392a10f9a53764bdbaabf1e486c958a7b42617,READY,
Lang,65,IPO (Native IPO),org.apache.commons.lang.time.DateUtils,NO,,,NO_SUITE,
Lang,65,MIO (EvoSuite SBST),org.apache.commons.lang.time.DateUtils,YES,DateUtils_ESTest.java,8f048384e4eb45e2e175b0d67dc9ffb455d0c7de063d0d38eeb5e8c77589eab5,READY,
Lang,65,DeepSeek V4 Flash,org.apache.commons.lang.time.DateUtils,YES,DateUtilsDeepseekTest.java,d804b2f524f87b9c55660b068efaf5634c4156e0e5595300262749afe0c43c53,READY,
Lang,65,Gemini 3.8 Flash,org.apache.commons.lang.time.DateUtils,YES,DateUtilsGeminiTest.java,7e6f071a2d166246617e60bee37d5380e6fc44aacd4be999dbc6b83e1cf50275,READY,
Math,1,IPO (Native IPO),org.apache.commons.math3.fraction.BigFraction;org.apache.commons.math3.fraction.Fraction,YES,BigFraction_IPOTest.java;Fraction_IPOTest.java,f8d3bb7ef80b9836109b35e1893cf139a120b12b65a59384b75b18e3079713a7,READY,
Math,1,MIO (EvoSuite SBST),org.apache.commons.math3.fraction.BigFraction;org.apache.commons.math3.fraction.Fraction,YES,BigFraction_ESTest.java;Fraction_ESTest.java,fcb18e3de53b4ef4530c27f2728bc39f31b97ad2d2ad3c3f84a6f83f28dd01a2,READY,
Math,1,DeepSeek V4 Flash,org.apache.commons.math3.fraction.BigFraction;org.apache.commons.math3.fraction.Fraction,YES,BigFractionDeepseekTest.java;FractionDeepseekTest.java,10ba60c64cfe31e9a43d5a59d67c13bce3a610dc47ad0090dced6cca73fc940f,READY,
Math,1,Gemini 3.8 Flash,org.apache.commons.math3.fraction.BigFraction;org.apache.commons.math3.fraction.Fraction,YES,BigFractionGeminiTest.java;FractionGeminiTest.java,2f3a4432eb98ccaf5b87a1a62dcf334c730619ad247a2b2056aa3ec38d29a5d3,READY,
Math,2,IPO (Native IPO),org.apache.commons.math3.distribution.HypergeometricDistribution,YES,HypergeometricDistribution_IPOTest.java,2c5da4aba2debd1c123ddcbe5277ff20f4857f9818d02f4890c0b83e45ccf2b6,READY,
Math,2,MIO (EvoSuite SBST),org.apache.commons.math3.distribution.HypergeometricDistribution,YES,HypergeometricDistribution_ESTest.java,e450e27c13e35381d798caa7c27ce121274ed5af78fff7a9d490f9823d000235,READY,
Math,2,DeepSeek V4 Flash,org.apache.commons.math3.distribution.HypergeometricDistribution,YES,HypergeometricDistributionDeepseekTest.java,08e59ee02a73520aed60d5ee05172b4c16f608620d00897a71e023266d482c24,READY,
Math,2,Gemini 3.8 Flash,org.apache.commons.math3.distribution.HypergeometricDistribution,YES,HypergeometricDistributionGeminiTest.java,297e602996919b9f7b453adacbc1a0baa1ce40868d602037877cc69c1c8b9f3f,READY,
Math,3,IPO (Native IPO),org.apache.commons.math3.util.MathArrays,YES,MathArrays_IPOTest.java,71c8e1b8523d58e355ed753feb4e2a0869a42df762fde32aaecba375d86a0f0e,READY,
Math,3,MIO (EvoSuite SBST),org.apache.commons.math3.util.MathArrays,YES,MathArrays_ESTest.java,f7b8c251e2894b8947d33bbdea672c8299b65deaa1b7a7dc0e35bed11baae28c,READY,
Math,3,DeepSeek V4 Flash,org.apache.commons.math3.util.MathArrays,YES,MathArraysDeepseekTest.java,9da2be2fdfd6324732d6f1f2a86b2e9f3a79cf0c8c0c9152040675eb8331dd58,READY,
Math,3,Gemini 3.8 Flash,org.apache.commons.math3.util.MathArrays,YES,MathArraysGeminiTest.java,8437dbe584e5befb16874fdbb051683cf38999d51687729ada781d631d259e00,READY,
Math,4,IPO (Native IPO),org.apache.commons.math3.geometry.euclidean.threed.SubLine;org.apache.commons.math3.geometry.euclidean.twod.SubLine,NO,,,NO_SUITE,
Math,4,MIO (EvoSuite SBST),org.apache.commons.math3.geometry.euclidean.threed.SubLine;org.apache.commons.math3.geometry.euclidean.twod.SubLine,YES,SubLine_ESTest.java,11d5175063be749f0e98262b2808f62aa3dae1f01592276e077277b421f73eb6,READY,
Math,4,DeepSeek V4 Flash,org.apache.commons.math3.geometry.euclidean.threed.SubLine;org.apache.commons.math3.geometry.euclidean.twod.SubLine,YES,SubLineDeepseekTest.java,7d6c73ef3d3c9ad3d66d2bb33c7f7fa0cc3b9f366d5ba5d449a07d6a8e7357c0,READY,
Math,4,Gemini 3.8 Flash,org.apache.commons.math3.geometry.euclidean.threed.SubLine;org.apache.commons.math3.geometry.euclidean.twod.SubLine,YES,SubLineGeminiTest.java,f0a8957d6ddf502d8b7710c608cf5ebb3b97c6730ebb9facd39ac406ef78d9bb,READY,
Math,5,IPO (Native IPO),org.apache.commons.math3.complex.Complex,YES,Complex_IPOTest.java,9649bcb718df8afe9e7eb6c988c2ff56951fcffc81715c8a7d779e3e40d8b323,READY,
Math,5,MIO (EvoSuite SBST),org.apache.commons.math3.complex.Complex,YES,Complex_ESTest.java,a8291792374c84f751ceaea3d197ebc924f4262d92688134e68bee1014a4af36,READY,
Math,5,DeepSeek V4 Flash,org.apache.commons.math3.complex.Complex,YES,ComplexDeepseekTest.java,e14860d1e742407b2f0cd4f4960cfe48e7822049536f9071e9c00e7f307d6091,READY,
Math,5,Gemini 3.8 Flash,org.apache.commons.math3.complex.Complex,YES,ComplexGeminiTest.java,4a1c2c10201d65655b724f227b390775371f5513098d8d5d05363b136fa9eadb,READY,
Math,6,IPO (Native IPO),org.apache.commons.math3.optim.BaseOptimizer;org.apache.commons.math3.optim.nonlinear.scalar.gradient.NonLinearConjugateGradientOptimizer;org.apache.commons.math3.optim.nonlinear.scalar.noderiv.CMAESOptimizer;org.apache.commons.math3.optim.nonlinear.scalar.noderiv.PowellOptimizer;org.apache.commons.math3.optim.nonlinear.scalar.noderiv.SimplexOptimizer;org.apache.commons.math3.optim.nonlinear.vector.jacobian.GaussNewtonOptimizer;org.apache.commons.math3.optim.nonlinear.vector.jacobian.LevenbergMarquardtOptimizer,NO,,,NO_SUITE,
Math,6,MIO (EvoSuite SBST),org.apache.commons.math3.optim.BaseOptimizer;org.apache.commons.math3.optim.nonlinear.scalar.gradient.NonLinearConjugateGradientOptimizer;org.apache.commons.math3.optim.nonlinear.scalar.noderiv.CMAESOptimizer;org.apache.commons.math3.optim.nonlinear.scalar.noderiv.PowellOptimizer;org.apache.commons.math3.optim.nonlinear.scalar.noderiv.SimplexOptimizer;org.apache.commons.math3.optim.nonlinear.vector.jacobian.GaussNewtonOptimizer;org.apache.commons.math3.optim.nonlinear.vector.jacobian.LevenbergMarquardtOptimizer,YES,BaseOptimizer_ESTest.java;CMAESOptimizer_ESTest.java;GaussNewtonOptimizer_ESTest.java;LevenbergMarquardtOptimizer_ESTest.java;NonLinearConjugateGradientOptimizer_ESTest.java;PowellOptimizer_ESTest.java;SimplexOptimizer_ESTest.java,e76e75cc31e71798ac8de4755207a07e62d8a2485d07bf046d59a0c3413f0098,READY,
Math,6,DeepSeek V4 Flash,org.apache.commons.math3.optim.BaseOptimizer;org.apache.commons.math3.optim.nonlinear.scalar.gradient.NonLinearConjugateGradientOptimizer;org.apache.commons.math3.optim.nonlinear.scalar.noderiv.CMAESOptimizer;org.apache.commons.math3.optim.nonlinear.scalar.noderiv.PowellOptimizer;org.apache.commons.math3.optim.nonlinear.scalar.noderiv.SimplexOptimizer;org.apache.commons.math3.optim.nonlinear.vector.jacobian.GaussNewtonOptimizer;org.apache.commons.math3.optim.nonlinear.vector.jacobian.LevenbergMarquardtOptimizer,YES,BaseOptimizerDeepseekTest.java;CMAESOptimizerDeepseekTest.java;GaussNewtonOptimizerDeepseekTest.java;LevenbergMarquardtOptimizerDeepseekTest.java;NonLinearConjugateGradientOptimizerDeepseekTest.java;PowellOptimizerDeepseekTest.java;SimplexOptimizerDeepseekTest.java,3dea6d17b08b85967f296f7e37a59524bbdd408cc7db9ea7ebc75f34ecc91fea,READY,
Math,6,Gemini 3.8 Flash,org.apache.commons.math3.optim.BaseOptimizer;org.apache.commons.math3.optim.nonlinear.scalar.gradient.NonLinearConjugateGradientOptimizer;org.apache.commons.math3.optim.nonlinear.scalar.noderiv.CMAESOptimizer;org.apache.commons.math3.optim.nonlinear.scalar.noderiv.PowellOptimizer;org.apache.commons.math3.optim.nonlinear.scalar.noderiv.SimplexOptimizer;org.apache.commons.math3.optim.nonlinear.vector.jacobian.GaussNewtonOptimizer;org.apache.commons.math3.optim.nonlinear.vector.jacobian.LevenbergMarquardtOptimizer,YES,BaseOptimizerGeminiTest.java;CMAESOptimizerGeminiTest.java;GaussNewtonOptimizerGeminiTest.java;LevenbergMarquardtOptimizerGeminiTest.java;NonLinearConjugateGradientOptimizerGeminiTest.java;PowellOptimizerGeminiTest.java;SimplexOptimizerGeminiTest.java,2f834b5bf2322decd4102412f0f0bfa4c89f250ccdda594b9b6acc3cb865a6a8,READY,
Math,7,IPO (Native IPO),org.apache.commons.math3.ode.AbstractIntegrator,NO,,,NO_SUITE,
Math,7,MIO (EvoSuite SBST),org.apache.commons.math3.ode.AbstractIntegrator,YES,AbstractIntegrator_ESTest.java,cc0b4b9169f86ed06d2d50fd5a9737c52db1fd60fe9dfd0d89cd8c976d4b8a35,READY,
Math,7,DeepSeek V4 Flash,org.apache.commons.math3.ode.AbstractIntegrator,YES,AbstractIntegratorDeepseekTest.java,5f8bc3fa244992fc7a698a30dfd681cdb58c84327e690822f1c26d8b2ef3f1e2,READY,
Math,7,Gemini 3.8 Flash,org.apache.commons.math3.ode.AbstractIntegrator,YES,AbstractIntegratorGeminiTest.java,ec500963c29a62ed28d70f7d8d1f54393d00643120a956335de88f5f2d857281,READY,
Math,8,IPO (Native IPO),org.apache.commons.math3.distribution.DiscreteDistribution,NO,,,NO_SUITE,
Math,8,MIO (EvoSuite SBST),org.apache.commons.math3.distribution.DiscreteDistribution,YES,DiscreteDistribution_ESTest.java,5dd6ac708ff319dd3fed21aca5413c5778004b0da6c1dd35e5cbcd2d67851388,READY,
Math,8,DeepSeek V4 Flash,org.apache.commons.math3.distribution.DiscreteDistribution,YES,DiscreteDistributionDeepseekTest.java,7f57202d3d587685a18d67fb79222cbc341754ba5c0fc9f66088140d5fc13db5,READY,
Math,8,Gemini 3.8 Flash,org.apache.commons.math3.distribution.DiscreteDistribution,YES,DiscreteDistributionGeminiTest.java,95a99ff09c2d05effb74a6ee626671288aaedf6d0a72593d6aee5ab4317801f0,READY,
Math,9,IPO (Native IPO),org.apache.commons.math3.geometry.euclidean.threed.Line,NO,,,NO_SUITE,
Math,9,MIO (EvoSuite SBST),org.apache.commons.math3.geometry.euclidean.threed.Line,YES,Line_ESTest.java,c6bd62da4df37f040414d42a337a9aeb7e2d453b122c54964398cdf5b0339df9,READY,
Math,9,DeepSeek V4 Flash,org.apache.commons.math3.geometry.euclidean.threed.Line,NO,,,NO_SUITE,
Math,9,Gemini 3.8 Flash,org.apache.commons.math3.geometry.euclidean.threed.Line,NO,,,NO_SUITE,
Math,10,IPO (Native IPO),org.apache.commons.math3.analysis.differentiation.DSCompiler,NO,,,NO_SUITE,
Math,10,MIO (EvoSuite SBST),org.apache.commons.math3.analysis.differentiation.DSCompiler,YES,DSCompiler_ESTest.java,a153eda8704ba952d5ac6006ee39c60bbd464c8ddce49d7c953cfe8a5e342b0e,READY,
Math,10,DeepSeek V4 Flash,org.apache.commons.math3.analysis.differentiation.DSCompiler,YES,DSCompilerDeepseekTest.java,719c36384efae012237041337933c299c3e4114c910654b86b46be16ca9fb554,READY,
Math,10,Gemini 3.8 Flash,org.apache.commons.math3.analysis.differentiation.DSCompiler,YES,DSCompilerGeminiTest.java,26b88f40a04a5fe8e6a0991de332ee1041b329b1580acc4cdb71f82fb2ac0831,READY,
Math,11,IPO (Native IPO),org.apache.commons.math3.distribution.MultivariateNormalDistribution,YES,MultivariateNormalDistribution_IPOTest.java,148b36852075a49223ec2445d99edcacdcd273d38fd15d922f9ed63d1fa4a2f7,READY,
Math,11,MIO (EvoSuite SBST),org.apache.commons.math3.distribution.MultivariateNormalDistribution,YES,MultivariateNormalDistribution_ESTest.java,af0477a8767413ce21d1f0c8c5face61a88ed0b4a034ca17884af3fe60bccb11,READY,
Math,11,DeepSeek V4 Flash,org.apache.commons.math3.distribution.MultivariateNormalDistribution,YES,MultivariateNormalDistributionDeepseekTest.java,f7f256d82fcd9bdf0b5e2df6bf54fc930ad02de911cc5cf595359051766889e2,READY,
Math,11,Gemini 3.8 Flash,org.apache.commons.math3.distribution.MultivariateNormalDistribution,YES,MultivariateNormalDistributionGeminiTest.java,8baff6c7549102de63a0ed3c4a158492655e2e0747ee1974ecf5ce87d55ccbec,READY,
Math,12,IPO (Native IPO),org.apache.commons.math3.random.BitsStreamGenerator,NO,,,NO_SUITE,
Math,12,MIO (EvoSuite SBST),org.apache.commons.math3.random.BitsStreamGenerator,YES,BitsStreamGenerator_ESTest.java,2432954dea64e54b340bf969562439ef7474d3ea756115946d481198f5874c5f,READY,
Math,12,DeepSeek V4 Flash,org.apache.commons.math3.random.BitsStreamGenerator,YES,BitsStreamGeneratorDeepseekTest.java,d305b0bfa0039ba0f4baf104f4d260880cc13cb0720e32f630345f02ae118619,READY,
Math,12,Gemini 3.8 Flash,org.apache.commons.math3.random.BitsStreamGenerator,YES,BitsStreamGeneratorGeminiTest.java,7ef3220007938a1432288a3c7315aac45df40120b667fafaf21853109c480601,READY,
Math,13,IPO (Native IPO),org.apache.commons.math3.optimization.general.AbstractLeastSquaresOptimizer,NO,,,NO_SUITE,
Math,13,MIO (EvoSuite SBST),org.apache.commons.math3.optimization.general.AbstractLeastSquaresOptimizer,NO,,,NO_SUITE,
Math,13,DeepSeek V4 Flash,org.apache.commons.math3.optimization.general.AbstractLeastSquaresOptimizer,NO,,,NO_SUITE,
Math,13,Gemini 3.8 Flash,org.apache.commons.math3.optimization.general.AbstractLeastSquaresOptimizer,NO,,,NO_SUITE,
Math,14,IPO (Native IPO),org.apache.commons.math3.optim.nonlinear.vector.jacobian.AbstractLeastSquaresOptimizer;org.apache.commons.math3.optim.nonlinear.vector.Weight,NO,,,NO_SUITE,
Math,14,MIO (EvoSuite SBST),org.apache.commons.math3.optim.nonlinear.vector.jacobian.AbstractLeastSquaresOptimizer;org.apache.commons.math3.optim.nonlinear.vector.Weight,YES,AbstractLeastSquaresOptimizer_ESTest.java;Weight_ESTest.java,26f20e374f0480f1d495d5faaf7564a440327cda3f23bdf2fb02da76959c47ae,READY,
Math,14,DeepSeek V4 Flash,org.apache.commons.math3.optim.nonlinear.vector.jacobian.AbstractLeastSquaresOptimizer;org.apache.commons.math3.optim.nonlinear.vector.Weight,YES,AbstractLeastSquaresOptimizerDeepseekTest.java;WeightDeepseekTest.java,7f92dc76de0bd3e405703c9370f22d7c91e0fa239c636214aaebf367a8b65459,READY,
Math,14,Gemini 3.8 Flash,org.apache.commons.math3.optim.nonlinear.vector.jacobian.AbstractLeastSquaresOptimizer;org.apache.commons.math3.optim.nonlinear.vector.Weight,YES,AbstractLeastSquaresOptimizerGeminiTest.java;WeightGeminiTest.java,2a2810f17a798a4f2b838826bea454b1c67a79119f4a8c4295eee936e9e3feea,READY,
Math,15,IPO (Native IPO),org.apache.commons.math3.util.FastMath,YES,FastMath_IPOTest.java,ee9108a6ddfd250de0b434afd528ae3c1fae70ceabe59a52b10f0c3a2e1f0255,READY,
Math,15,MIO (EvoSuite SBST),org.apache.commons.math3.util.FastMath,YES,FastMath_ESTest.java,f6114ac518ead0c1318c57b8442ee7147e90f961229949a658595753c8646e30,READY,
Math,15,DeepSeek V4 Flash,org.apache.commons.math3.util.FastMath,YES,FastMathDeepseekTest.java,a9071fee092e18eee74ae7d7075f4398317796da883332b9aae001c4b1ea1213,READY,
Math,15,Gemini 3.8 Flash,org.apache.commons.math3.util.FastMath,YES,FastMathGeminiTest.java,8687414113f9c9c671f0b165fda8f65a0e53f2266aad0d78ea25b0d737745870,READY,
Math,16,IPO (Native IPO),org.apache.commons.math3.util.FastMath,YES,FastMath_IPOTest.java,ee9108a6ddfd250de0b434afd528ae3c1fae70ceabe59a52b10f0c3a2e1f0255,READY,
Math,16,MIO (EvoSuite SBST),org.apache.commons.math3.util.FastMath,YES,FastMath_ESTest.java,6d862a2fbfe5bdd034a04ed12eb53df471d35e95f2c383087ae5f4c72f209ac9,READY,
Math,16,DeepSeek V4 Flash,org.apache.commons.math3.util.FastMath,YES,FastMathDeepseekTest.java,7f6e1dfdfa886fe14ff551b598b496a4c81a7b30aa16353340cc0c82069cba13,READY,
Math,16,Gemini 3.8 Flash,org.apache.commons.math3.util.FastMath,YES,FastMathGeminiTest.java,8ecae0c7781b4c580555f2ddb096d0f0140f42a93f7889ec9bff791a709185d0,READY,
Math,17,IPO (Native IPO),org.apache.commons.math3.dfp.Dfp,NO,,,NO_SUITE,
Math,17,MIO (EvoSuite SBST),org.apache.commons.math3.dfp.Dfp,YES,Dfp_ESTest.java,a5996d6de084ad912fda175e8872e00d012cf9ce721afbacce02eefb662409cb,READY,
Math,17,DeepSeek V4 Flash,org.apache.commons.math3.dfp.Dfp,YES,DfpDeepseekTest.java,47afc339fe3e59a1fe64dc295e8c45c516b2f2c95cc10d1d942bb5d84d92458f,READY,
Math,17,Gemini 3.8 Flash,org.apache.commons.math3.dfp.Dfp,YES,DfpGeminiTest.java,3bbf67993dffcd40ce9f48c22c093390775e587519dcfba00edefae38c59dc3d,READY,
Math,18,IPO (Native IPO),org.apache.commons.math3.optimization.direct.CMAESOptimizer,NO,,,NO_SUITE,
Math,18,MIO (EvoSuite SBST),org.apache.commons.math3.optimization.direct.CMAESOptimizer,YES,CMAESOptimizer_ESTest.java,01f7c1fe7ca60f847ab66e561f7addf0606ce43859ca31ccf9af9f90d86e0dce,READY,
Math,18,DeepSeek V4 Flash,org.apache.commons.math3.optimization.direct.CMAESOptimizer,YES,CMAESOptimizerDeepseekTest.java,fedf4eecb2b3b6f69383a06f0c3a5f1702c96e14e33230ba6cd242518218550c,READY,
Math,18,Gemini 3.8 Flash,org.apache.commons.math3.optimization.direct.CMAESOptimizer,YES,CMAESOptimizerGeminiTest.java,41beefba7bc835a5001f771a3e82969ad3d2fe5e394e70ed0ecc2d34b05c918f,READY,
Math,19,IPO (Native IPO),org.apache.commons.math3.optimization.direct.CMAESOptimizer,NO,,,NO_SUITE,
Math,19,MIO (EvoSuite SBST),org.apache.commons.math3.optimization.direct.CMAESOptimizer,YES,CMAESOptimizer_ESTest.java,4a50c76744efe99cb793f023d64efcd1430cc6613e42901bcf8fabd7cb710f57,READY,
Math,19,DeepSeek V4 Flash,org.apache.commons.math3.optimization.direct.CMAESOptimizer,YES,CMAESOptimizerDeepseekTest.java,3637a43c55ca19a474fbb4a072f019e53fbe8ba8a26fa16a508e1f2822fd6880,READY,
Math,19,Gemini 3.8 Flash,org.apache.commons.math3.optimization.direct.CMAESOptimizer,YES,CMAESOptimizerGeminiTest.java,c909aa181c7d92efd0c54b22237f8a80c99f2e66277b5a136cd3adfadda8ade5,READY,
Math,20,IPO (Native IPO),org.apache.commons.math3.optimization.direct.CMAESOptimizer,NO,,,NO_SUITE,
Math,20,MIO (EvoSuite SBST),org.apache.commons.math3.optimization.direct.CMAESOptimizer,YES,CMAESOptimizer_ESTest.java,181eb249cf06bd385bb51b851825f1000d835a4d9ce8e192b931ff4c1e233221,READY,
Math,20,DeepSeek V4 Flash,org.apache.commons.math3.optimization.direct.CMAESOptimizer,YES,CMAESOptimizerDeepseekTest.java,db99e35b26b28689e01560ee225933695411e69c62f20f848b85e5725c0e25b0,READY,
Math,20,Gemini 3.8 Flash,org.apache.commons.math3.optimization.direct.CMAESOptimizer,YES,CMAESOptimizerGeminiTest.java,de7228efac8233cda3d7dd66fac82af85779171719db6caff6e2cf07168a1224,READY,
Math,21,IPO (Native IPO),org.apache.commons.math3.linear.RectangularCholeskyDecomposition,NO,,,NO_SUITE,
Math,21,MIO (EvoSuite SBST),org.apache.commons.math3.linear.RectangularCholeskyDecomposition,YES,RectangularCholeskyDecomposition_ESTest.java,b01f013e533194886732f381ca019c886dfdf291cc4ae108ff6409451ebd9d12,READY,
Math,21,DeepSeek V4 Flash,org.apache.commons.math3.linear.RectangularCholeskyDecomposition,YES,RectangularCholeskyDecompositionDeepseekTest.java,a88199af168d8ac1b69bbcab8b985c5124a8c95040ec1f94b1b3cfcdb5a75ff8,READY,
Math,21,Gemini 3.8 Flash,org.apache.commons.math3.linear.RectangularCholeskyDecomposition,YES,RectangularCholeskyDecompositionGeminiTest.java,7400588c1ddde80886298304a17ea0b3f913d925b73716a4b3c3530e8bd6415e,READY,
Math,22,IPO (Native IPO),org.apache.commons.math3.distribution.FDistribution;org.apache.commons.math3.distribution.UniformRealDistribution,YES,FDistribution_IPOTest.java,29e59717761f24ca8682f5ae458fef072bae03acc6a6c35c42e08e7adeeb0bd8,READY,
Math,22,MIO (EvoSuite SBST),org.apache.commons.math3.distribution.FDistribution;org.apache.commons.math3.distribution.UniformRealDistribution,YES,FDistribution_ESTest.java;UniformRealDistribution_ESTest.java,85926264f20808e5783775715a3252ae52e3c4a063b97c819392a044998e5d94,READY,
Math,22,DeepSeek V4 Flash,org.apache.commons.math3.distribution.FDistribution;org.apache.commons.math3.distribution.UniformRealDistribution,YES,FDistributionDeepseekTest.java;UniformRealDistributionDeepseekTest.java,603afdaf8c04f48363a179078ef5c204102ab99a264c110b8439dc77e603977b,READY,
Math,22,Gemini 3.8 Flash,org.apache.commons.math3.distribution.FDistribution;org.apache.commons.math3.distribution.UniformRealDistribution,YES,FDistributionGeminiTest.java;UniformRealDistributionGeminiTest.java,2bd0c2796b1d93719f1eb0418a3666508cb982389cef22d15ce63429c605a5b9,READY,
Math,23,IPO (Native IPO),org.apache.commons.math3.optimization.univariate.BrentOptimizer,NO,,,NO_SUITE,
Math,23,MIO (EvoSuite SBST),org.apache.commons.math3.optimization.univariate.BrentOptimizer,YES,BrentOptimizer_ESTest.java,4b5d6d6f326401b85e453ee6fa3b4c183f18348d23fe8c51e5f8bdba8b94f94a,READY,
Math,23,DeepSeek V4 Flash,org.apache.commons.math3.optimization.univariate.BrentOptimizer,YES,BrentOptimizerDeepseekTest.java,f47b0ae4a53b771576af16eea4087c0d84e6ed36ff91b5321703d154df2313a9,READY,
Math,23,Gemini 3.8 Flash,org.apache.commons.math3.optimization.univariate.BrentOptimizer,YES,BrentOptimizerGeminiTest.java,f05b3030f6e52ee6aa3dd2b723170fd6d8768ce299abd0db8ddc1bf0c0ad962d,READY,
Math,24,IPO (Native IPO),org.apache.commons.math3.optimization.univariate.BrentOptimizer,NO,,,NO_SUITE,
Math,24,MIO (EvoSuite SBST),org.apache.commons.math3.optimization.univariate.BrentOptimizer,YES,BrentOptimizer_ESTest.java,d35d431e43fdab05511bf0b9a687b8e7ad9fa576fa19664790def0c4bcd6e34f,READY,
Math,24,DeepSeek V4 Flash,org.apache.commons.math3.optimization.univariate.BrentOptimizer,YES,BrentOptimizerDeepseekTest.java,c5e7b0cf22dfbe3dadb3f72fc86bdedfb640d5b472cff1498f24ba0e3d7e02cc,READY,
Math,24,Gemini 3.8 Flash,org.apache.commons.math3.optimization.univariate.BrentOptimizer,YES,BrentOptimizerGeminiTest.java,6520724212c6367cf717aa152e070a2e62dbe1ce093333273bb2eba7a840ef35,READY,
Math,25,IPO (Native IPO),org.apache.commons.math3.optimization.fitting.HarmonicFitter,NO,,,NO_SUITE,
Math,25,MIO (EvoSuite SBST),org.apache.commons.math3.optimization.fitting.HarmonicFitter,YES,HarmonicFitter_ESTest.java,e6aa1cad9b16115d350aaaa1d0585510c3c8f301604b12c8d404c795090e926f,READY,
Math,25,DeepSeek V4 Flash,org.apache.commons.math3.optimization.fitting.HarmonicFitter,YES,HarmonicFitterDeepseekTest.java,31400401eafd5e12084913e18b24acac495d7cc18f500370c1cfcb47c9bb055d,READY,
Math,25,Gemini 3.8 Flash,org.apache.commons.math3.optimization.fitting.HarmonicFitter,YES,HarmonicFitterGeminiTest.java,3f092301b840f136a2d4b0b38900613c73f50bc361d571b7e563992aeaeade32,READY,
Math,26,IPO (Native IPO),org.apache.commons.math3.fraction.Fraction,YES,Fraction_IPOTest.java,14524f533b36870ba1e3e1dadb0e2c38f12868358f688f8f694e6fb77a4fc10d,READY,
Math,26,MIO (EvoSuite SBST),org.apache.commons.math3.fraction.Fraction,YES,Fraction_ESTest.java,5a0e81d6e0dc44526a3af2ad09abef74bc39bd73e021d18cded7eb09d46196b1,READY,
Math,26,DeepSeek V4 Flash,org.apache.commons.math3.fraction.Fraction,YES,FractionDeepseekTest.java,c40e9130b70762b01a843f6ff040e3c4fa73f1bc7ce3a06f95c1f710fdb8eb16,READY,
Math,26,Gemini 3.8 Flash,org.apache.commons.math3.fraction.Fraction,YES,FractionGeminiTest.java,c1709374e1084076f2813ff2f8360ec837741a9f688b37501370de81ce9caaa8,READY,
Math,27,IPO (Native IPO),org.apache.commons.math3.fraction.Fraction,YES,Fraction_IPOTest.java,14524f533b36870ba1e3e1dadb0e2c38f12868358f688f8f694e6fb77a4fc10d,READY,
Math,27,MIO (EvoSuite SBST),org.apache.commons.math3.fraction.Fraction,YES,Fraction_ESTest.java,442152b8fbc17818f071d6e54c52420d4ccc8d96f8e72601f098ac502053c1ae,READY,
Math,27,DeepSeek V4 Flash,org.apache.commons.math3.fraction.Fraction,YES,FractionDeepseekTest.java,cebb3f4b13f0debbab7a6a5183004ac5f8fa95f2e962abd12cee4494f24a3d30,READY,
Math,27,Gemini 3.8 Flash,org.apache.commons.math3.fraction.Fraction,YES,FractionGeminiTest.java,caf9cf4644ee7a752136745d0a7cc3cef947a70a3b2a1c9d3136dd6235b0d551,READY,
Math,28,IPO (Native IPO),org.apache.commons.math3.optimization.linear.SimplexSolver,NO,,,NO_SUITE,
Math,28,MIO (EvoSuite SBST),org.apache.commons.math3.optimization.linear.SimplexSolver,YES,SimplexSolver_ESTest.java,4289076c647fac482381930d27519cbd032f6932e5f6075cd894f2698b2f4640,READY,
Math,28,DeepSeek V4 Flash,org.apache.commons.math3.optimization.linear.SimplexSolver,YES,SimplexSolverDeepseekTest.java,afd3851e7e1abd6c80874262c6a05a3eada6590d3163f097e8af30f2fa297e11,READY,
Math,28,Gemini 3.8 Flash,org.apache.commons.math3.optimization.linear.SimplexSolver,YES,SimplexSolverGeminiTest.java,bdac01a1261b2db5d3ecae7af374605dd8873867536b15b3760767a1cd6740cb,READY,
Math,29,IPO (Native IPO),org.apache.commons.math3.linear.OpenMapRealVector,YES,OpenMapRealVector_IPOTest.java,c215d0f750da5781fb2b328d49404c31be8f15db901b4fd8090cbae6e30d31a1,READY,
Math,29,MIO (EvoSuite SBST),org.apache.commons.math3.linear.OpenMapRealVector,YES,OpenMapRealVector_ESTest.java,6f4574dc8fcad12c4862a627150cd60d9f83bd88653d2bbc24f29a9ce5d0374c,READY,
Math,29,DeepSeek V4 Flash,org.apache.commons.math3.linear.OpenMapRealVector,YES,OpenMapRealVectorDeepseekTest.java,97c46bff96a958ddec8f1bc26a9d01be6fb6532b1800d01a3ada571ad208b838,READY,
Math,29,Gemini 3.8 Flash,org.apache.commons.math3.linear.OpenMapRealVector,YES,OpenMapRealVectorGeminiTest.java,ea39400396e36b7b19c32ba0a82a2dd5d0b30f35f349436792a640900a147e27,READY,
Math,30,IPO (Native IPO),org.apache.commons.math3.stat.inference.MannWhitneyUTest,NO,,,NO_SUITE,
Math,30,MIO (EvoSuite SBST),org.apache.commons.math3.stat.inference.MannWhitneyUTest,YES,MannWhitneyUTest_ESTest.java,6746b3d1f2077a10ac1d5a6fa66ba73ba0d16c01e95c6ab2da297cfe27389d98,READY,
Math,30,DeepSeek V4 Flash,org.apache.commons.math3.stat.inference.MannWhitneyUTest,YES,MannWhitneyUTestDeepseekTest.java,e77209251a464de36c42deadc725d1fbc7f96b2b66901e7cda50bde37c291771,READY,
Math,30,Gemini 3.8 Flash,org.apache.commons.math3.stat.inference.MannWhitneyUTest,YES,MannWhitneyUTestGeminiTest.java,b501a9d7471201d1d0b8e22cf1f3a3a2917f224671bcc52803a3fb0c9ffa63d9,READY,
Math,31,IPO (Native IPO),org.apache.commons.math3.util.ContinuedFraction,NO,,,NO_SUITE,
Math,31,MIO (EvoSuite SBST),org.apache.commons.math3.util.ContinuedFraction,NO,,,NO_SUITE,
Math,31,DeepSeek V4 Flash,org.apache.commons.math3.util.ContinuedFraction,YES,ContinuedFractionDeepseekTest.java,df6a5553178a27abbbb3248ac24fa0113c36b42a8c29c723fda7bc554dc551de,READY,
Math,31,Gemini 3.8 Flash,org.apache.commons.math3.util.ContinuedFraction,YES,ContinuedFractionGeminiTest.java,ff668f9e6fc611febdf88a1c610292e2535c0685b00eeee45a7d68004599d5c0,READY,
Math,32,IPO (Native IPO),org.apache.commons.math3.geometry.euclidean.twod.PolygonsSet,NO,,,NO_SUITE,
Math,32,MIO (EvoSuite SBST),org.apache.commons.math3.geometry.euclidean.twod.PolygonsSet,YES,PolygonsSet_ESTest.java,a0986bc5d7400cd4c79ab12aff8bfbc0362bdf97601cfe5211302ec0e22b9122,READY,
Math,32,DeepSeek V4 Flash,org.apache.commons.math3.geometry.euclidean.twod.PolygonsSet,YES,PolygonsSetDeepseekTest.java,2126d36a45132821ab9fe58ae162690ec1c86ecda09942b440220e157258d4e4,READY,
Math,32,Gemini 3.8 Flash,org.apache.commons.math3.geometry.euclidean.twod.PolygonsSet,YES,PolygonsSetGeminiTest.java,6e208096eb3cd968e17ffb7d41d6296c71f3a8560d890b3abd7dbed6a52f48ea,READY,
Math,33,IPO (Native IPO),org.apache.commons.math3.optimization.linear.SimplexTableau,NO,,,NO_SUITE,
Math,33,MIO (EvoSuite SBST),org.apache.commons.math3.optimization.linear.SimplexTableau,YES,SimplexTableau_ESTest.java,8ee179c26958b180440c09c7039ce71c977ecdfa034a5227ac4da6d45c613617,READY,
Math,33,DeepSeek V4 Flash,org.apache.commons.math3.optimization.linear.SimplexTableau,YES,SimplexTableauDeepseekTest.java,b1f781de11ca3079aaebaa3020c847473e517c1c401b7d057901c237d4066cdf,READY,
Math,33,Gemini 3.8 Flash,org.apache.commons.math3.optimization.linear.SimplexTableau,YES,SimplexTableauGeminiTest.java,e8a3d9887347c5b62d4b10b9e02d2c500b099c37f7ee082beceb9a526ff001a8,READY,
Math,34,IPO (Native IPO),org.apache.commons.math3.genetics.ListPopulation,NO,,,NO_SUITE,
Math,34,MIO (EvoSuite SBST),org.apache.commons.math3.genetics.ListPopulation,YES,ListPopulation_ESTest.java,50ae221588313c6a248d5e25fcc04df7d9ba41a27761f37e5d59a6800e6683ab,READY,
Math,34,DeepSeek V4 Flash,org.apache.commons.math3.genetics.ListPopulation,YES,ListPopulationDeepseekTest.java,5ed917a25ec094388c5dec86066a93f3c6b8878d30927f5afc81c783bc85917f,READY,
Math,34,Gemini 3.8 Flash,org.apache.commons.math3.genetics.ListPopulation,YES,ListPopulationGeminiTest.java,45a61c9d9bead03ce598f5ee35d028b7b747319da5db006d7ba3d763bdca13bf,READY,
Math,35,IPO (Native IPO),org.apache.commons.math3.genetics.ElitisticListPopulation,YES,ElitisticListPopulation_IPOTest.java,bf66d219bb3a08c53e0d41ca473e503b12bf55e874021d0e06325de2ee2a4c0d,READY,
Math,35,MIO (EvoSuite SBST),org.apache.commons.math3.genetics.ElitisticListPopulation,YES,ElitisticListPopulation_ESTest.java,732b99902914ac00fcf0e79eac1cb1824cb08a6bd177f22703dfc3b02f22b296,READY,
Math,35,DeepSeek V4 Flash,org.apache.commons.math3.genetics.ElitisticListPopulation,YES,ElitisticListPopulationDeepseekTest.java,519b3df3a666265e916dc3e579a9e9b1204de34d9d82218f46deb27a169ec7eb,READY,
Math,35,Gemini 3.8 Flash,org.apache.commons.math3.genetics.ElitisticListPopulation,YES,ElitisticListPopulationGeminiTest.java,8e29d0a9a9e30e33f4e890b485d1bb8a685e2e548321befd3e0b31d1b3ba61fa,READY,
Math,36,IPO (Native IPO),org.apache.commons.math.fraction.BigFraction,YES,BigFraction_IPOTest.java,03b93fd28677263f949c96608dad531b344566bf06e7cd9ee50755385b71a7f2,READY,
Math,36,MIO (EvoSuite SBST),org.apache.commons.math.fraction.BigFraction,YES,BigFraction_ESTest.java,e54620f51b4a623f21d8af864e5dba6c9756044acffaba62aafa483490e4d8ef,READY,
Math,36,DeepSeek V4 Flash,org.apache.commons.math.fraction.BigFraction,YES,BigFractionDeepseekTest.java,fc3c31cc26d0769b6a6ba98c6b616c9e126ecf6129fe145783cb955aa6b01316,READY,
Math,36,Gemini 3.8 Flash,org.apache.commons.math.fraction.BigFraction,YES,BigFractionGeminiTest.java,df0f50a2cc4c2a0ad2e1c36c7c99e5a4e50cec91cfa000c6676a1e9b111f5440,READY,
Math,37,IPO (Native IPO),org.apache.commons.math.complex.Complex,YES,Complex_IPOTest.java,22b31e70a5fb4e7f047f2ff71ee191bb7fc72b02d3b89b070fc6b32815129dd1,READY,
Math,37,MIO (EvoSuite SBST),org.apache.commons.math.complex.Complex,YES,Complex_ESTest.java,a9e83d84089750cf6e0ccc851e331c94e4b1124feeaab5c1a1c7bb7c2e6d9781,READY,
Math,37,DeepSeek V4 Flash,org.apache.commons.math.complex.Complex,YES,ComplexDeepseekTest.java,3f26f8f6b7eef6d4f732faf68466c8004c9e9fa51a3e5b87b5dc16616cec13af,READY,
Math,37,Gemini 3.8 Flash,org.apache.commons.math.complex.Complex,YES,ComplexGeminiTest.java,4ebf955f0c077af5119442dc2adc406456b3b380ec8b22888f2335e225d4e402,READY,
Math,38,IPO (Native IPO),org.apache.commons.math.optimization.direct.BOBYQAOptimizer,NO,,,NO_SUITE,
Math,38,MIO (EvoSuite SBST),org.apache.commons.math.optimization.direct.BOBYQAOptimizer,YES,BOBYQAOptimizer_ESTest.java,1bdf832e21a9574d97decabd730c3fcb9d460f7b6256e2ff155919ab457c7914,READY,
Math,38,DeepSeek V4 Flash,org.apache.commons.math.optimization.direct.BOBYQAOptimizer,YES,BOBYQAOptimizerDeepseekTest.java,18b2a9153b0b6437989d337edb03b2ac64c9b5742a89761cd6c5f9a247b5370a,READY,
Math,38,Gemini 3.8 Flash,org.apache.commons.math.optimization.direct.BOBYQAOptimizer,YES,BOBYQAOptimizerGeminiTest.java,09076a84d4770b216747b45cac578244497c06675a2c1859a79005edd87f713d,READY,
Math,39,IPO (Native IPO),org.apache.commons.math.ode.nonstiff.EmbeddedRungeKuttaIntegrator,NO,,,NO_SUITE,
Math,39,MIO (EvoSuite SBST),org.apache.commons.math.ode.nonstiff.EmbeddedRungeKuttaIntegrator,YES,EmbeddedRungeKuttaIntegrator_ESTest.java,2c872b3e87ddc6a343c8d6000f9a60d8a4a404d3bafae0f13d9d95e44ab9ca8a,READY,
Math,39,DeepSeek V4 Flash,org.apache.commons.math.ode.nonstiff.EmbeddedRungeKuttaIntegrator,YES,EmbeddedRungeKuttaIntegratorDeepseekTest.java,bd7ed2c90913c6448d70655ed220f6f27cd3053ba7a2a00957892763769193df,READY,
Math,39,Gemini 3.8 Flash,org.apache.commons.math.ode.nonstiff.EmbeddedRungeKuttaIntegrator,YES,EmbeddedRungeKuttaIntegratorGeminiTest.java,500fccc7ea47c948c8b7334a0d33e18f81c64280fe31a1ac66a3072ca5baa193,READY,
Math,40,IPO (Native IPO),org.apache.commons.math.analysis.solvers.BracketingNthOrderBrentSolver,NO,,,NO_SUITE,
Math,40,MIO (EvoSuite SBST),org.apache.commons.math.analysis.solvers.BracketingNthOrderBrentSolver,YES,BracketingNthOrderBrentSolver_ESTest.java,b7bf26e84e5b95dcbf1a9305ba4a1f05fae136b529095f7ebff22262d2c48448,READY,
Math,40,DeepSeek V4 Flash,org.apache.commons.math.analysis.solvers.BracketingNthOrderBrentSolver,YES,BracketingNthOrderBrentSolverDeepseekTest.java,433ae227cececc4af5f5823c41bcb4203bfa684692bcdf4845429f05a162c175,READY,
Math,40,Gemini 3.8 Flash,org.apache.commons.math.analysis.solvers.BracketingNthOrderBrentSolver,YES,BracketingNthOrderBrentSolverGeminiTest.java,01408b928099e2b7913ee1e9d399e79b739e6ec4f2b25daa1ef89167f2c38bea,READY,
Math,41,IPO (Native IPO),org.apache.commons.math.stat.descriptive.moment.Variance,YES,Variance_IPOTest.java,145190fa2d9d5bab86d90ba86c7f240d6968e2f0b6c2cd8d2759bd5cd228a688,READY,
Math,41,MIO (EvoSuite SBST),org.apache.commons.math.stat.descriptive.moment.Variance,YES,Variance_ESTest.java,b61665d6c6b9644d952347070c8f263140bb41ff67d079777c35167d669843b1,READY,
Math,41,DeepSeek V4 Flash,org.apache.commons.math.stat.descriptive.moment.Variance,YES,VarianceDeepseekTest.java,7241923ed5e71da908752b81fb2de9d27fe426944cdb40f8294f7cf2df6c2bc3,READY,
Math,41,Gemini 3.8 Flash,org.apache.commons.math.stat.descriptive.moment.Variance,YES,VarianceGeminiTest.java,17e2943278fd835dcb3dba8485a95fafc3eaa416aa1e9f8af6e1d719287572ca,READY,
Math,42,IPO (Native IPO),org.apache.commons.math.optimization.linear.SimplexTableau,NO,,,NO_SUITE,
Math,42,MIO (EvoSuite SBST),org.apache.commons.math.optimization.linear.SimplexTableau,YES,SimplexTableau_ESTest.java,dcf636222021412caa12c3cbd6ba3c5d92ad3027e203cb4d195bb7da7520f714,READY,
Math,42,DeepSeek V4 Flash,org.apache.commons.math.optimization.linear.SimplexTableau,YES,SimplexTableauDeepseekTest.java,28a121e111c58a9a4febee5ba960744643ad125a394481e4e956d558cf8d46f1,READY,
Math,42,Gemini 3.8 Flash,org.apache.commons.math.optimization.linear.SimplexTableau,YES,SimplexTableauGeminiTest.java,b317eb06c70737106d92623f21d3c67b2c06ee116c3fa75b037d0a47c39814c4,READY,
Math,43,IPO (Native IPO),org.apache.commons.math.stat.descriptive.SummaryStatistics,NO,,,NO_SUITE,
Math,43,MIO (EvoSuite SBST),org.apache.commons.math.stat.descriptive.SummaryStatistics,YES,SummaryStatistics_ESTest.java,9584c56369a5b441f02334651270a6df2d94274e4a6f440f5464d7e5abec3cb5,READY,
Math,43,DeepSeek V4 Flash,org.apache.commons.math.stat.descriptive.SummaryStatistics,YES,SummaryStatisticsDeepseekTest.java,d31d49a5da1b7320c2e248275ad40525e2e24b252fe6f34466f34ba076527ecb,READY,
Math,43,Gemini 3.8 Flash,org.apache.commons.math.stat.descriptive.SummaryStatistics,YES,SummaryStatisticsGeminiTest.java,f633025ec9985e78541a2476ea96653f2f6d095ebd553e5d89f8e966aee516a6,READY,
Math,44,IPO (Native IPO),org.apache.commons.math.ode.AbstractIntegrator,NO,,,NO_SUITE,
Math,44,MIO (EvoSuite SBST),org.apache.commons.math.ode.AbstractIntegrator,YES,AbstractIntegrator_ESTest.java,a5fe26adf060eb7289b37d5e73289d8e59a2b4de390342a16880ea3c172213c5,READY,
Math,44,DeepSeek V4 Flash,org.apache.commons.math.ode.AbstractIntegrator,YES,AbstractIntegratorDeepseekTest.java,c813ff2ba85913a5c89d4a748ace94399c5585b6ea7d4e3495fd1eec9a61ac1c,READY,
Math,44,Gemini 3.8 Flash,org.apache.commons.math.ode.AbstractIntegrator,YES,AbstractIntegratorGeminiTest.java,0b7600ecae08cefe1e5bf7ab06deed57504921d86fc8267341466f8d2434fa3a,READY,
Math,45,IPO (Native IPO),org.apache.commons.math.linear.OpenMapRealMatrix,YES,OpenMapRealMatrix_IPOTest.java,0771f69da78dca940479afbbb6f7c806e974f5a2d4f2e33dbe604ace01da1573,READY,
Math,45,MIO (EvoSuite SBST),org.apache.commons.math.linear.OpenMapRealMatrix,YES,OpenMapRealMatrix_ESTest.java,b27fcc5f695f973b34ab0e4fedcb72c24f17c78a0a44ba9c83157f5f39361517,READY,
Math,45,DeepSeek V4 Flash,org.apache.commons.math.linear.OpenMapRealMatrix,YES,OpenMapRealMatrixDeepseekTest.java,aab192a23f6d3805951c62a2e3f97b92d6e9d284888836762ff8b7b41fbcfe0b,READY,
Math,45,Gemini 3.8 Flash,org.apache.commons.math.linear.OpenMapRealMatrix,YES,OpenMapRealMatrixGeminiTest.java,015a480e75f2aa915333e2f9104f0b6784d0ff84abee02af5f857d8aeb84847b,READY,
Math,46,IPO (Native IPO),org.apache.commons.math.complex.Complex,YES,Complex_IPOTest.java,8d85c7a27b2e3e176f6e06a8c5e0e6103e7c6464bef067eab81048072bfcde25,READY,
Math,46,MIO (EvoSuite SBST),org.apache.commons.math.complex.Complex,YES,Complex_ESTest.java,28f49c526324735beab1f34069a7999518206c7ba3c2cd61cfc197de4b4b7ab6,READY,
Math,46,DeepSeek V4 Flash,org.apache.commons.math.complex.Complex,YES,ComplexDeepseekTest.java,0be8e9343007caa75dada94ed859a1430b6e16cfb82870701ce3fbc890030c65,READY,
Math,46,Gemini 3.8 Flash,org.apache.commons.math.complex.Complex,YES,ComplexGeminiTest.java,44cde283864071cf0b4989cbcba3fb985f0ec11239265ab1230c5521a8bbcf85,READY,
Math,47,IPO (Native IPO),org.apache.commons.math.complex.Complex,YES,Complex_IPOTest.java,06ebeb9ba332d1bf0822996ae89189843b9c8e975e718f00d5a8a9100a780743,READY,
Math,47,MIO (EvoSuite SBST),org.apache.commons.math.complex.Complex,YES,Complex_ESTest.java,f0617c02fcbbfb82ed39f1aa1286c1845903401cb82c7c5c0156fbe649f82fd2,READY,
Math,47,DeepSeek V4 Flash,org.apache.commons.math.complex.Complex,YES,ComplexDeepseekTest.java,90f9751cf2d09d2aae9d617a7c90d60e12a13b4dc1d8127441f8a8080b4cd438,READY,
Math,47,Gemini 3.8 Flash,org.apache.commons.math.complex.Complex,YES,ComplexGeminiTest.java,a256795c9021947fa62b77c3ac3dfc86c4a56bf296715b0222637382d220c381,READY,
Math,48,IPO (Native IPO),org.apache.commons.math.analysis.solvers.BaseSecantSolver,NO,,,NO_SUITE,
Math,48,MIO (EvoSuite SBST),org.apache.commons.math.analysis.solvers.BaseSecantSolver,YES,BaseSecantSolver_ESTest.java,163b16a6bc53af78a916aeceffc8a2b0528beccd2d268713312ab07634ffe3f4,READY,
Math,48,DeepSeek V4 Flash,org.apache.commons.math.analysis.solvers.BaseSecantSolver,YES,BaseSecantSolverDeepseekTest.java,b07b7bda32507a5b6ab1e1b80e5e314568c978c3c976447c579513cdb609f710,READY,
Math,48,Gemini 3.8 Flash,org.apache.commons.math.analysis.solvers.BaseSecantSolver,YES,BaseSecantSolverGeminiTest.java,6595bbd3841e99be96f18953eb6ff015fe80149dcf08ab41a6c966442de697a5,READY,
Math,49,IPO (Native IPO),org.apache.commons.math.linear.OpenMapRealVector,YES,OpenMapRealVector_IPOTest.java,22378a8169e110b7e6e4583ac040c887284d18e2f2e78e4b157a589546c7695f,READY,
Math,49,MIO (EvoSuite SBST),org.apache.commons.math.linear.OpenMapRealVector,YES,OpenMapRealVector_ESTest.java,f67c5a7b2f3edaa4d460e327f421066a9f713536a51cd302b8686a7b05e71f72,READY,
Math,49,DeepSeek V4 Flash,org.apache.commons.math.linear.OpenMapRealVector,YES,OpenMapRealVectorDeepseekTest.java,6122215b497da664967cf26a11e5c97b140d815828a44226e425ffdd099d2d6c,READY,
Math,49,Gemini 3.8 Flash,org.apache.commons.math.linear.OpenMapRealVector,YES,OpenMapRealVectorGeminiTest.java,82c8915e777d282a99ac7213c6cb5104be81ce06828c0aa8f5c080d757348875,READY,
Math,50,IPO (Native IPO),org.apache.commons.math.analysis.solvers.BaseSecantSolver,NO,,,NO_SUITE,
Math,50,MIO (EvoSuite SBST),org.apache.commons.math.analysis.solvers.BaseSecantSolver,YES,BaseSecantSolver_ESTest.java,bb5cee523489416bc51c6bacdc7f61fa7ddd43be31c2a446c58a64f0e41186b7,READY,
Math,50,DeepSeek V4 Flash,org.apache.commons.math.analysis.solvers.BaseSecantSolver,YES,BaseSecantSolverDeepseekTest.java,8e06ebf6fc2dc17c9d1f3ffe4f6809ebda1620e176384b7e82da631da49a27b8,READY,
Math,50,Gemini 3.8 Flash,org.apache.commons.math.analysis.solvers.BaseSecantSolver,YES,BaseSecantSolverGeminiTest.java,7409799279bc9d38f37a3d1c3238bc569f72b28a7e64f35cc8805dac7847131a,READY,
Math,51,IPO (Native IPO),org.apache.commons.math.analysis.solvers.BaseSecantSolver,NO,,,NO_SUITE,
Math,51,MIO (EvoSuite SBST),org.apache.commons.math.analysis.solvers.BaseSecantSolver,YES,BaseSecantSolver_ESTest.java,e54bd57c9137921b733c23c2d1efa9d6e2eaaf31423c33919b75dd628c5455e1,READY,
Math,51,DeepSeek V4 Flash,org.apache.commons.math.analysis.solvers.BaseSecantSolver,YES,BaseSecantSolverDeepseekTest.java,d86f4e376dcae36516e69c094a33b5a3b96097d53f3d6d6e974431f36741921c,READY,
Math,51,Gemini 3.8 Flash,org.apache.commons.math.analysis.solvers.BaseSecantSolver,YES,BaseSecantSolverGeminiTest.java,22c8b2ae2b4edaa104698642e96940b57b7afce389ed82f506beef05c0d13fb8,READY,
Math,52,IPO (Native IPO),org.apache.commons.math.geometry.euclidean.threed.Rotation,YES,Rotation_IPOTest.java,96563685dcefc81ae3e068fc37416d96315c844295d04038806d62f589fddc80,READY,
Math,52,MIO (EvoSuite SBST),org.apache.commons.math.geometry.euclidean.threed.Rotation,YES,Rotation_ESTest.java;Rotation_ESTest.java,8d91a90988969bf5f5d2982004179656514020158e14a47fb0f721758d3d6fab,READY,
Math,52,DeepSeek V4 Flash,org.apache.commons.math.geometry.euclidean.threed.Rotation,YES,RotationDeepseekTest.java,e057be2a3d74b91000daba95f076bd0e809b77d5ee4e8e1697431bdde664dbf3,READY,
Math,52,Gemini 3.8 Flash,org.apache.commons.math.geometry.euclidean.threed.Rotation,YES,RotationGeminiTest.java,756e8dc8b34bd06574b5a2ff152ebb028a0fa4402a9cbe54a5f15f10b30488b6,READY,
Math,53,IPO (Native IPO),org.apache.commons.math.complex.Complex,YES,Complex_IPOTest.java,8caea7ef830e0fff0106c90cefa026cee4b5fb5525ee815d6de4a7e630745591,READY,
Math,53,MIO (EvoSuite SBST),org.apache.commons.math.complex.Complex,YES,Complex_ESTest.java,cb5d2633c566226bc5ca1f97d8e754582dbedc134a826dc7b4fca2638d9a49d1,READY,
Math,53,DeepSeek V4 Flash,org.apache.commons.math.complex.Complex,YES,ComplexDeepseekTest.java,5dbb4161727275265eba8846b6582b1f5c7a9ed1305778c247d0fb3b62ee86d5,READY,
Math,53,Gemini 3.8 Flash,org.apache.commons.math.complex.Complex,YES,ComplexGeminiTest.java,1199fbc248164e243b7c7e4d1abd59e79f1c67e75c1eb04ca088d59a56077ca4,READY,
Math,54,IPO (Native IPO),org.apache.commons.math.dfp.Dfp,NO,,,NO_SUITE,
Math,54,MIO (EvoSuite SBST),org.apache.commons.math.dfp.Dfp,YES,Dfp_ESTest.java,a0c8e59b36e43b3dd8809d3dafa55d77c5954ed95d0cd33142e56d6edce28260,READY,
Math,54,DeepSeek V4 Flash,org.apache.commons.math.dfp.Dfp,YES,DfpDeepseekTest.java,678881b1ac533848573c4c815b2300a94a7e4730de29d4f27b6344970c8b819d,READY,
Math,54,Gemini 3.8 Flash,org.apache.commons.math.dfp.Dfp,YES,DfpGeminiTest.java,3bfe4652b076a415d7942cebd2592b514154543afde286eccbeeb535164a12ea,READY,
Math,55,IPO (Native IPO),org.apache.commons.math.geometry.Vector3D,YES,Vector3D_IPOTest.java,fe0779209eb0500001d526795673f985801fa492f2c59f9e6c5967cd270131fa,READY,
Math,55,MIO (EvoSuite SBST),org.apache.commons.math.geometry.Vector3D,YES,Vector3D_ESTest.java,e0848264e8e9a274a7101af010a329435c3e03b55c306a91fc6da99797db22bb,READY,
Math,55,DeepSeek V4 Flash,org.apache.commons.math.geometry.Vector3D,YES,Vector3DDeepseekTest.java,7d31064ed220f164315b75e78ccf08771f96febc6a579ac33b6c0d2368cb772b,READY,
Math,55,Gemini 3.8 Flash,org.apache.commons.math.geometry.Vector3D,YES,Vector3DGeminiTest.java,18bb4157f53dedb5452cb6a2798717b4d3fffefd1591c6391522edb339367930,READY,
Math,56,IPO (Native IPO),org.apache.commons.math.util.MultidimensionalCounter,YES,MultidimensionalCounter_IPOTest.java,c1472403cad7c1172e3e72f90b97d166ffdc191d82dbfc62639002855ae0d559,READY,
Math,56,MIO (EvoSuite SBST),org.apache.commons.math.util.MultidimensionalCounter,YES,MultidimensionalCounter_ESTest.java,ba8d3d89f279ffc1ab40b1f80776df9078598356c073e76c605eeb849c6d4343,READY,
Math,56,DeepSeek V4 Flash,org.apache.commons.math.util.MultidimensionalCounter,YES,MultidimensionalCounterDeepseekTest.java,984a907eea8e89ee44e8f8d02b1a300c82581e4f3e81203f806f36122a697c46,READY,
Math,56,Gemini 3.8 Flash,org.apache.commons.math.util.MultidimensionalCounter,YES,MultidimensionalCounterGeminiTest.java,17808c31919cbc09a6d2506b0942e42e70671054175980e7e115d1c0e43cef26,READY,
Math,57,IPO (Native IPO),org.apache.commons.math.stat.clustering.KMeansPlusPlusClusterer,NO,,,NO_SUITE,
Math,57,MIO (EvoSuite SBST),org.apache.commons.math.stat.clustering.KMeansPlusPlusClusterer,YES,KMeansPlusPlusClusterer_ESTest.java,cc2e687015c881bab9d63ed79e896339e345dfdc401c43359375b62d7362f1bc,READY,
Math,57,DeepSeek V4 Flash,org.apache.commons.math.stat.clustering.KMeansPlusPlusClusterer,YES,KMeansPlusPlusClustererDeepseekTest.java,04aa3791a9d6710ac112124d50327c64a4f5aec9cdf260a157798b2c2d825828,READY,
Math,57,Gemini 3.8 Flash,org.apache.commons.math.stat.clustering.KMeansPlusPlusClusterer,YES,KMeansPlusPlusClustererGeminiTest.java,c3590fb1ba9f0785f66264013a230d5f4cd915fd7bdf047b4d7a6bef76f68960,READY,
Math,58,IPO (Native IPO),org.apache.commons.math.optimization.fitting.GaussianFitter,NO,,,NO_SUITE,
Math,58,MIO (EvoSuite SBST),org.apache.commons.math.optimization.fitting.GaussianFitter,YES,GaussianFitter_ESTest.java,4c52f1f36bebea993bad55cd13ec6d3788d187ad67eb5f8ab096d740f702e572,READY,
Math,58,DeepSeek V4 Flash,org.apache.commons.math.optimization.fitting.GaussianFitter,YES,GaussianFitterDeepseekTest.java,0dd63ba43fc44061961ba1fe271e3b475e0b5b1fe77430362196f6dbad4dee6b,READY,
Math,58,Gemini 3.8 Flash,org.apache.commons.math.optimization.fitting.GaussianFitter,YES,GaussianFitterGeminiTest.java,700080b6c36f476c0380a2b8072e5bc563a9fe4d935eb9aac184f80fa2774498,READY,
Math,59,IPO (Native IPO),org.apache.commons.math.util.FastMath,YES,FastMath_IPOTest.java,067175e71fedfcdd97afba1d7186e8b5fb0545eb1b833a58d68c4ccd3b715247,READY,
Math,59,MIO (EvoSuite SBST),org.apache.commons.math.util.FastMath,YES,FastMath_ESTest.java,13d11654918cba0319ebdbdab542503e5100f523886bf257efb39460e685ddd1,READY,
Math,59,DeepSeek V4 Flash,org.apache.commons.math.util.FastMath,YES,FastMathDeepseekTest.java,627e46ded477098271ead04cae8d7853b3a2bf122ef5cbb9c4564f72d7cf56d1,READY,
Math,59,Gemini 3.8 Flash,org.apache.commons.math.util.FastMath,YES,FastMathGeminiTest.java,6092875559f273b4121c106531b41dcd2cffc956024f707dd537e75545a48928,READY,
Math,60,IPO (Native IPO),org.apache.commons.math.distribution.NormalDistributionImpl,NO,,,NO_SUITE,
Math,60,MIO (EvoSuite SBST),org.apache.commons.math.distribution.NormalDistributionImpl,YES,NormalDistributionImpl_ESTest.java,06474d91404e1d92fa07db8d24f3c9b26d016153c24df1170d7f330de75329d2,READY,
Math,60,DeepSeek V4 Flash,org.apache.commons.math.distribution.NormalDistributionImpl,YES,NormalDistributionImplDeepseekTest.java,09bf074e109b89e96dca0873ab41d4458146e6a7f71e1af307b9d16e5bc99722,READY,
Math,60,Gemini 3.8 Flash,org.apache.commons.math.distribution.NormalDistributionImpl,YES,NormalDistributionImplGeminiTest.java,75a190dff2fa145dd8dcd58314669f65923c27060913998ae9a884c39a3909f4,READY,
Math,61,IPO (Native IPO),org.apache.commons.math.distribution.PoissonDistributionImpl,YES,PoissonDistributionImpl_IPOTest.java,198b38ba5a032773593f4dfd7634295bfa9c53d9b79bfbe3e58b484a632e7a0b,READY,
Math,61,MIO (EvoSuite SBST),org.apache.commons.math.distribution.PoissonDistributionImpl,YES,PoissonDistributionImpl_ESTest.java,5973a0d6fa9262ce923e08d19767e7e8459d7257cdac24ad19ebfdba95d76125,READY,
Math,61,DeepSeek V4 Flash,org.apache.commons.math.distribution.PoissonDistributionImpl,YES,PoissonDistributionImplDeepseekTest.java,dacab936340521431c9f415bb2a48297a3ee788d984d2cbb3d13e0a3a3c4b808,READY,
Math,61,Gemini 3.8 Flash,org.apache.commons.math.distribution.PoissonDistributionImpl,YES,PoissonDistributionImplGeminiTest.java,40552d72a9d11030f5061d1feaf8bdda6d60fcecbb285cf13dfebea1765f731f,READY,
Math,62,IPO (Native IPO),org.apache.commons.math.optimization.univariate.MultiStartUnivariateRealOptimizer,NO,,,NO_SUITE,
Math,62,MIO (EvoSuite SBST),org.apache.commons.math.optimization.univariate.MultiStartUnivariateRealOptimizer,YES,MultiStartUnivariateRealOptimizer_ESTest.java,a9bae374ea15e30f3bf51b045d4e3cd18b96cc0c238cb848b249b2b76f1ba8cc,READY,
Math,62,DeepSeek V4 Flash,org.apache.commons.math.optimization.univariate.MultiStartUnivariateRealOptimizer,YES,MultiStartUnivariateRealOptimizerDeepseekTest.java,13066d6f9d03f098e166ba9fde5fa8606b4b313950152996936518af17c60b89,READY,
Math,62,Gemini 3.8 Flash,org.apache.commons.math.optimization.univariate.MultiStartUnivariateRealOptimizer,YES,MultiStartUnivariateRealOptimizerGeminiTest.java,39c00d4a12a321dc9ef900a8a2eaaf42a128ffac8324b3beb0d86dc1d41a7de7,READY,
Math,63,IPO (Native IPO),org.apache.commons.math.util.MathUtils,YES,MathUtils_IPOTest.java,38924f5c4f2f84fe30a4c4450b8726db726009ab82caea8d4675ca5a17602c95,READY,
Math,63,MIO (EvoSuite SBST),org.apache.commons.math.util.MathUtils,YES,MathUtils_ESTest.java,adfaef4f1960678459b52f259a7c7e402a6847a4aeec1226918403fe8bfd8b3c,READY,
Math,63,DeepSeek V4 Flash,org.apache.commons.math.util.MathUtils,YES,MathUtilsDeepseekTest.java,952d8665a1e9bcfe5ce70ec1987e59288f5f9efbb150c927b8ccd6b86cd1c0e2,READY,
Math,63,Gemini 3.8 Flash,org.apache.commons.math.util.MathUtils,YES,MathUtilsGeminiTest.java,bb2f5c664048a9fec885c43a5afae0b6701761eb69941fc7ec36bc681363eaba,READY,
Math,64,IPO (Native IPO),org.apache.commons.math.optimization.general.LevenbergMarquardtOptimizer,NO,,,NO_SUITE,
Math,64,MIO (EvoSuite SBST),org.apache.commons.math.optimization.general.LevenbergMarquardtOptimizer,YES,LevenbergMarquardtOptimizer_ESTest.java,691be1e1e935acf265aae85db8e4ee0b0edf4e6c37202d92a2eae316b104ee44,READY,
Math,64,DeepSeek V4 Flash,org.apache.commons.math.optimization.general.LevenbergMarquardtOptimizer,YES,LevenbergMarquardtOptimizerDeepseekTest.java,5b6fb11b515eb818734f499eca3db9f8b0eb742831f52b69418b5b8156ba06f0,READY,
Math,64,Gemini 3.8 Flash,org.apache.commons.math.optimization.general.LevenbergMarquardtOptimizer,YES,LevenbergMarquardtOptimizerGeminiTest.java,693fdbcb9ebd7b9c331d2827b512ceb467abead41061badf38a30c351ae06781,READY,
Math,65,IPO (Native IPO),org.apache.commons.math.optimization.general.AbstractLeastSquaresOptimizer,NO,,,NO_SUITE,
Math,65,MIO (EvoSuite SBST),org.apache.commons.math.optimization.general.AbstractLeastSquaresOptimizer,YES,AbstractLeastSquaresOptimizer_ESTest.java,6b5a496e75ba5031ef455b890a8f2be68ce6df09795d1f544c2db5f244ea3a4e,READY,
Math,65,DeepSeek V4 Flash,org.apache.commons.math.optimization.general.AbstractLeastSquaresOptimizer,YES,AbstractLeastSquaresOptimizerDeepseekTest.java,70b14ced9b4e3207bf9ac28db067b2a4dc4ce084c97a7745c90a3561ad0fa589,READY,
Math,65,Gemini 3.8 Flash,org.apache.commons.math.optimization.general.AbstractLeastSquaresOptimizer,YES,AbstractLeastSquaresOptimizerGeminiTest.java,eb8b2cde00df1888b15a04fb96d199739ec8e55012a21939a4588c9b100e6f8e,READY,
Math,66,IPO (Native IPO),org.apache.commons.math.optimization.univariate.BrentOptimizer,NO,,,NO_SUITE,
Math,66,MIO (EvoSuite SBST),org.apache.commons.math.optimization.univariate.BrentOptimizer,YES,BrentOptimizer_ESTest.java,4f43a4f48cb7a846101a59df96531ce3737f8fc3dfaaa5afce5a8c3126b629aa,READY,
Math,66,DeepSeek V4 Flash,org.apache.commons.math.optimization.univariate.BrentOptimizer,YES,BrentOptimizerDeepseekTest.java,84d102abe19eabecf20511ba1beddfda031671b592209813900e723de28b36cd,READY,
Math,66,Gemini 3.8 Flash,org.apache.commons.math.optimization.univariate.BrentOptimizer,YES,BrentOptimizerGeminiTest.java,a237be1550a8a9f7164bad684280db0c534f313ac277e1021d3a11af814ab39c,READY,
Math,67,IPO (Native IPO),org.apache.commons.math.optimization.MultiStartUnivariateRealOptimizer,NO,,,NO_SUITE,
Math,67,MIO (EvoSuite SBST),org.apache.commons.math.optimization.MultiStartUnivariateRealOptimizer,YES,MultiStartUnivariateRealOptimizer_ESTest.java,f2315ba3ca69b1d1da0aca5e5227acb47dd6f527af28411bc7df308173dc1948,READY,
Math,67,DeepSeek V4 Flash,org.apache.commons.math.optimization.MultiStartUnivariateRealOptimizer,YES,MultiStartUnivariateRealOptimizerDeepseekTest.java,36a6aaf445e92f06684f961a96a737324baa1b5804544e1ef13d9d54a1d6d643,READY,
Math,67,Gemini 3.8 Flash,org.apache.commons.math.optimization.MultiStartUnivariateRealOptimizer,YES,MultiStartUnivariateRealOptimizerGeminiTest.java,af74d2675c229221f74a94e1bf93cf0a0b6ad8c897178211eed8664336f36760,READY,
Math,68,IPO (Native IPO),org.apache.commons.math.optimization.general.LevenbergMarquardtOptimizer,NO,,,NO_SUITE,
Math,68,MIO (EvoSuite SBST),org.apache.commons.math.optimization.general.LevenbergMarquardtOptimizer,YES,LevenbergMarquardtOptimizer_ESTest.java,5a6d7310af96ac8d88d6daa5d6570717b10839ceff3856d38c00e0ac43a39e9f,READY,
Math,68,DeepSeek V4 Flash,org.apache.commons.math.optimization.general.LevenbergMarquardtOptimizer,YES,LevenbergMarquardtOptimizerDeepseekTest.java,d8cf35541e177bc0b6c38b9f074e219679cb98795a84910f82291c1ec95cac6f,READY,
Math,68,Gemini 3.8 Flash,org.apache.commons.math.optimization.general.LevenbergMarquardtOptimizer,YES,LevenbergMarquardtOptimizerGeminiTest.java,19e15653a85eb451620fdeac85a0ee95680db492b2437b939a1eebc1a612d766,READY,
Math,69,IPO (Native IPO),org.apache.commons.math.stat.correlation.PearsonsCorrelation,YES,PearsonsCorrelation_IPOTest.java,85feaf57950fa2f7f16115b139e019dbe02f9f018d43103442bfcecd426dca2c,READY,
Math,69,MIO (EvoSuite SBST),org.apache.commons.math.stat.correlation.PearsonsCorrelation,YES,PearsonsCorrelation_ESTest.java,92a259f693e26d4127ef53d94cfb92d7f8ad8cc01cdd3bf0dc238f7f41c73d36,READY,
Math,69,DeepSeek V4 Flash,org.apache.commons.math.stat.correlation.PearsonsCorrelation,YES,PearsonsCorrelationDeepseekTest.java,da59245045e52ff0d64a066729706963728c44aeb117f278fe2e2f3bec9c4435,READY,
Math,69,Gemini 3.8 Flash,org.apache.commons.math.stat.correlation.PearsonsCorrelation,YES,PearsonsCorrelationGeminiTest.java,91b64809b1c9da711950ecc75fedfe06d26b1c59415c0f673874d806d7a63274,READY,
Math,70,IPO (Native IPO),org.apache.commons.math.analysis.solvers.BisectionSolver,NO,,,NO_SUITE,
Math,70,MIO (EvoSuite SBST),org.apache.commons.math.analysis.solvers.BisectionSolver,YES,BisectionSolver_ESTest.java,9a201d26495b360774b67a48a215b5ec1fae4cd3ad4dfdb10c3e0de1b2f52593,READY,
Math,70,DeepSeek V4 Flash,org.apache.commons.math.analysis.solvers.BisectionSolver,YES,BisectionSolverDeepseekTest.java,b15bb6e03708a7a2c39e53dc076d3706c882496cf999e9a223e7847adbd471f4,READY,
Math,70,Gemini 3.8 Flash,org.apache.commons.math.analysis.solvers.BisectionSolver,YES,BisectionSolverGeminiTest.java,a2236e1af45880bb2993b26a1afc86606bf9b50e0243e6ea54ed7dcbdbdea1ec,READY,
Math,71,IPO (Native IPO),org.apache.commons.math.ode.nonstiff.EmbeddedRungeKuttaIntegrator;org.apache.commons.math.ode.nonstiff.RungeKuttaIntegrator,NO,,,NO_SUITE,
Math,71,MIO (EvoSuite SBST),org.apache.commons.math.ode.nonstiff.EmbeddedRungeKuttaIntegrator;org.apache.commons.math.ode.nonstiff.RungeKuttaIntegrator,YES,EmbeddedRungeKuttaIntegrator_ESTest.java;RungeKuttaIntegrator_ESTest.java,5523eaa3174edf5f394f8c0b15612e8e89d804cb440c580fa28cc4e8b1cd1b27,READY,
Math,71,DeepSeek V4 Flash,org.apache.commons.math.ode.nonstiff.EmbeddedRungeKuttaIntegrator;org.apache.commons.math.ode.nonstiff.RungeKuttaIntegrator,YES,EmbeddedRungeKuttaIntegratorDeepseekTest.java;RungeKuttaIntegratorDeepseekTest.java,fabf01a998ce3cab744753ed2f77ca2080c22e35c0836796582332ce043c4cbf,READY,
Math,71,Gemini 3.8 Flash,org.apache.commons.math.ode.nonstiff.EmbeddedRungeKuttaIntegrator;org.apache.commons.math.ode.nonstiff.RungeKuttaIntegrator,YES,EmbeddedRungeKuttaIntegratorGeminiTest.java;RungeKuttaIntegratorGeminiTest.java,6d5b447bacaf5678a8fe85367004ecff8a07aa70ddf03f44d05e827c53d9343b,READY,
Math,72,IPO (Native IPO),org.apache.commons.math.analysis.solvers.BrentSolver,NO,,,NO_SUITE,
Math,72,MIO (EvoSuite SBST),org.apache.commons.math.analysis.solvers.BrentSolver,YES,BrentSolver_ESTest.java,4673a313eece49fef35e9429aa14c6ed817198eb72650112de0d8ebbf00d7bcd,READY,
Math,72,DeepSeek V4 Flash,org.apache.commons.math.analysis.solvers.BrentSolver,YES,BrentSolverDeepseekTest.java,553394e6807d293a715b6823eb4e68b24071f3d6877d80d369071898361d9250,READY,
Math,72,Gemini 3.8 Flash,org.apache.commons.math.analysis.solvers.BrentSolver,YES,BrentSolverGeminiTest.java,cc09c1e45f955b02549fa5130abc37982c3940e95bfa01c4cb56bd622f02186b,READY,
Math,73,IPO (Native IPO),org.apache.commons.math.analysis.solvers.BrentSolver,NO,,,NO_SUITE,
Math,73,MIO (EvoSuite SBST),org.apache.commons.math.analysis.solvers.BrentSolver,YES,BrentSolver_ESTest.java,e43993528abe21279e8a892fb2df70b33fc84c1c79a8dbd1a5b21e8742b53fbd,READY,
Math,73,DeepSeek V4 Flash,org.apache.commons.math.analysis.solvers.BrentSolver,YES,BrentSolverDeepseekTest.java,d87a519402ae7cca5c064586e9f47faa077a6da8b824e443041266cea2f27912,READY,
Math,73,Gemini 3.8 Flash,org.apache.commons.math.analysis.solvers.BrentSolver,YES,BrentSolverGeminiTest.java,68de6adb5c4d722392ed3726b14f2bbeb2c68a63be7f6f1c69f67fe5a16f6aed,READY,
Math,74,IPO (Native IPO),org.apache.commons.math.ode.nonstiff.EmbeddedRungeKuttaIntegrator,NO,,,NO_SUITE,
Math,74,MIO (EvoSuite SBST),org.apache.commons.math.ode.nonstiff.EmbeddedRungeKuttaIntegrator,YES,EmbeddedRungeKuttaIntegrator_ESTest.java,bdf963123f590cd308b421faf0dd945eb412ef6d882349a08addff879e623a8a,READY,
Math,74,DeepSeek V4 Flash,org.apache.commons.math.ode.nonstiff.EmbeddedRungeKuttaIntegrator,YES,EmbeddedRungeKuttaIntegratorDeepseekTest.java,375ad0b39ab84672a895b2ae03d1051b7840f76847f58d3db8f3180eb3c855aa,READY,
Math,74,Gemini 3.8 Flash,org.apache.commons.math.ode.nonstiff.EmbeddedRungeKuttaIntegrator,YES,EmbeddedRungeKuttaIntegratorGeminiTest.java,08a9b645050574fae72cff9109b25f2ca6b6c0fc95745b5d3f16a83d936566be,READY,
Math,75,IPO (Native IPO),org.apache.commons.math.stat.Frequency,NO,,,NO_SUITE,
Math,75,MIO (EvoSuite SBST),org.apache.commons.math.stat.Frequency,YES,Frequency_ESTest.java,b7f842a23e0365d7a225fa822a520ccbaa6170adc87e63aa3b9ba0fd6244dcb0,READY,
Math,75,DeepSeek V4 Flash,org.apache.commons.math.stat.Frequency,YES,FrequencyDeepseekTest.java,40cdd49df7216a3494c1ca05485eb3816b62e0aafc5c8df661e6aacb777c2af5,READY,
Math,75,Gemini 3.8 Flash,org.apache.commons.math.stat.Frequency,YES,FrequencyGeminiTest.java,c1e654ebfc8a4d6b1e23111acdd574e967d00b6c965eb6490bd50d66d5d3331e,READY,
Math,76,IPO (Native IPO),org.apache.commons.math.linear.SingularValueDecompositionImpl,YES,SingularValueDecompositionImpl_IPOTest.java,044e1b242efff138a789f88584d713aa71935fc31110e285f333573755c528e6,READY,
Math,76,MIO (EvoSuite SBST),org.apache.commons.math.linear.SingularValueDecompositionImpl,YES,SingularValueDecompositionImpl_ESTest.java,0ca9a50eaf2ad78d76eb8a40e51e65817a91fb55c37552f2859fd0351cca2b54,READY,
Math,76,DeepSeek V4 Flash,org.apache.commons.math.linear.SingularValueDecompositionImpl,YES,SingularValueDecompositionImplDeepseekTest.java,557dec00deabeb0ac284fa9a324010829eae3d612e235a7ca599b3fccf2345cb,READY,
Math,76,Gemini 3.8 Flash,org.apache.commons.math.linear.SingularValueDecompositionImpl,YES,SingularValueDecompositionImplGeminiTest.java,4d745e85800dca5137e45c656bd450a06a1a503eb412cf2aab76d6157f37e647,READY,
Math,77,IPO (Native IPO),org.apache.commons.math.linear.ArrayRealVector;org.apache.commons.math.linear.OpenMapRealVector,YES,ArrayRealVector_IPOTest.java;OpenMapRealVector_IPOTest.java,ad6511fc8805e0ba106104f99961b35d0fdf3dd04667a5aae56932916f71f421,READY,
Math,77,MIO (EvoSuite SBST),org.apache.commons.math.linear.ArrayRealVector;org.apache.commons.math.linear.OpenMapRealVector,YES,ArrayRealVector_ESTest.java;OpenMapRealVector_ESTest.java,71ff521a5723bb78d811584719f038263b42ffd16734c15fdc367594d01ff29a,READY,
Math,77,DeepSeek V4 Flash,org.apache.commons.math.linear.ArrayRealVector;org.apache.commons.math.linear.OpenMapRealVector,YES,ArrayRealVectorDeepseekTest.java;OpenMapRealVectorDeepseekTest.java,60c9c9c7cca3e1f42546f4f7c5771606c05fca647d08ae2ff95513929e16f113,READY,
Math,77,Gemini 3.8 Flash,org.apache.commons.math.linear.ArrayRealVector;org.apache.commons.math.linear.OpenMapRealVector,YES,ArrayRealVectorGeminiTest.java;OpenMapRealVectorGeminiTest.java,2e58043605a486e959eee41cdde21d7c816a4d16a01a7214e4a65936629533cb,READY,
Math,78,IPO (Native IPO),org.apache.commons.math.ode.events.EventState,NO,,,NO_SUITE,
Math,78,MIO (EvoSuite SBST),org.apache.commons.math.ode.events.EventState,YES,EventState_ESTest.java,1d8c7a3ca7bed0667ea56dd3e5491f4356a3feaf71dafc93c9a43b2a1880b33b,READY,
Math,78,DeepSeek V4 Flash,org.apache.commons.math.ode.events.EventState,YES,EventStateDeepseekTest.java,c0c6ccf4f418903dfa80611482013aa5a5231d8ddb41b65ef1d8bf462712edf3,READY,
Math,78,Gemini 3.8 Flash,org.apache.commons.math.ode.events.EventState,YES,EventStateGeminiTest.java,7ae7fc9aa82c993f77b956d181289cf2af4150f82f3861ee4ef646c16efe5ef9,READY,
Math,79,IPO (Native IPO),org.apache.commons.math.util.MathUtils,YES,MathUtils_IPOTest.java,b341dd9b6b78b2ae4db10fa00f64652c33eabaf9ce16f67f3f097db29fda08e1,READY,
Math,79,MIO (EvoSuite SBST),org.apache.commons.math.util.MathUtils,YES,MathUtils_ESTest.java,f238c6e529f7eceed80a0a7c46cfca207a5995158216b7e5ddfcc37adc0cffe7,READY,
Math,79,DeepSeek V4 Flash,org.apache.commons.math.util.MathUtils,YES,MathUtilsDeepseekTest.java,8c6a2c1238d170d72530ea6512a0903ada3085222d2fada692193ff382aae7e7,READY,
Math,79,Gemini 3.8 Flash,org.apache.commons.math.util.MathUtils,YES,MathUtilsGeminiTest.java,467cf2da545dbf30996dea05446bfecdf218c801368b4eae27478f94db0b656b,READY,
Math,80,IPO (Native IPO),org.apache.commons.math.linear.EigenDecompositionImpl,YES,EigenDecompositionImpl_IPOTest.java,bf3dd2c819539d98dff7b2edc146fccf38d692ca3be0d20f49bc498fc85cc990,READY,
Math,80,MIO (EvoSuite SBST),org.apache.commons.math.linear.EigenDecompositionImpl,YES,EigenDecompositionImpl_ESTest.java,152e741227d4a3214d73deaba438e75776e2634f7ad026e44c2edec182175616,READY,
Math,80,DeepSeek V4 Flash,org.apache.commons.math.linear.EigenDecompositionImpl,YES,EigenDecompositionImplDeepseekTest.java,293393428fe34e4c72c062c198db7065b512a57b048e7943f895c2cc8fdd5d24,READY,
Math,80,Gemini 3.8 Flash,org.apache.commons.math.linear.EigenDecompositionImpl,YES,EigenDecompositionImplGeminiTest.java,657e9e98cdd281535440d3f7043151a1b5d350559b65d22c0a1a876c87e9a9d7,READY,
Math,81,IPO (Native IPO),org.apache.commons.math.linear.EigenDecompositionImpl,YES,EigenDecompositionImpl_IPOTest.java,bf3dd2c819539d98dff7b2edc146fccf38d692ca3be0d20f49bc498fc85cc990,READY,
Math,81,MIO (EvoSuite SBST),org.apache.commons.math.linear.EigenDecompositionImpl,YES,EigenDecompositionImpl_ESTest.java,6e7a6eddc7c232829801873b9c2b97a51e3b83505c559440e36490af87ce4859,READY,
Math,81,DeepSeek V4 Flash,org.apache.commons.math.linear.EigenDecompositionImpl,YES,EigenDecompositionImplDeepseekTest.java,5d136a962130bde885f7bfdc106a9590ddd4ad3afb9c7748d70bc90895ed019e,READY,
Math,81,Gemini 3.8 Flash,org.apache.commons.math.linear.EigenDecompositionImpl,YES,EigenDecompositionImplGeminiTest.java,364a86063a4dc88a556df60150a64dd2aa5150ef520fb479673a303dc592785e,READY,
Math,82,IPO (Native IPO),org.apache.commons.math.optimization.linear.SimplexSolver,NO,,,NO_SUITE,
Math,82,MIO (EvoSuite SBST),org.apache.commons.math.optimization.linear.SimplexSolver,YES,SimplexSolver_ESTest.java,83d69b437651c50a76119194c76c4dbeddd0356b1e45d1711f62d20badf3978b,READY,
Math,82,DeepSeek V4 Flash,org.apache.commons.math.optimization.linear.SimplexSolver,YES,SimplexSolverDeepseekTest.java,13fc96c13fee8a29b4e00a7179156619558d9f5756a9f5681968a35705d2f966,READY,
Math,82,Gemini 3.8 Flash,org.apache.commons.math.optimization.linear.SimplexSolver,YES,SimplexSolverGeminiTest.java,d25bd52291ec672d88a0a245872856c8b89158cb6bf25fb2752cfda2738237e4,READY,
Math,83,IPO (Native IPO),org.apache.commons.math.optimization.linear.SimplexTableau,NO,,,NO_SUITE,
Math,83,MIO (EvoSuite SBST),org.apache.commons.math.optimization.linear.SimplexTableau,YES,SimplexTableau_ESTest.java,dc84aed002ee3beb83785357b922c4baa94859382042b12e7a5f2aea22a04bc5,READY,
Math,83,DeepSeek V4 Flash,org.apache.commons.math.optimization.linear.SimplexTableau,YES,SimplexTableauDeepseekTest.java,6f642733f9a862dd9c0bf32838122884283d20f543966c45d978fbf79fa66e84,READY,
Math,83,Gemini 3.8 Flash,org.apache.commons.math.optimization.linear.SimplexTableau,YES,SimplexTableauGeminiTest.java,c20fe295f43e6278fea25c056e6e70f33b552a339a595316a373876f97d29f88,READY,
Math,84,IPO (Native IPO),org.apache.commons.math.optimization.direct.MultiDirectional,NO,,,NO_SUITE,
Math,84,MIO (EvoSuite SBST),org.apache.commons.math.optimization.direct.MultiDirectional,YES,MultiDirectional_ESTest.java,b93d9e50b6e2ab3be9fedaa0e8a8ed7c59801ed4f81c2a51276537f5c0f85537,READY,
Math,84,DeepSeek V4 Flash,org.apache.commons.math.optimization.direct.MultiDirectional,YES,MultiDirectionalDeepseekTest.java,c97d9d3b629154f1020efab01aa1994ed6dde5f445cd478d3d5263675e1cfe78,READY,
Math,84,Gemini 3.8 Flash,org.apache.commons.math.optimization.direct.MultiDirectional,YES,MultiDirectionalGeminiTest.java,5f38e71d745bd0deebbf02c4bd9865c12cd1a0c98c0d849cd3336ee0e979b82b,READY,
Math,85,IPO (Native IPO),org.apache.commons.math.analysis.solvers.UnivariateRealSolverUtils,YES,UnivariateRealSolverUtils_IPOTest.java,d3f0f002e5ecba19f31887ddfdca987d367fd07d5b0936c7e192936f5c419f97,READY,
Math,85,MIO (EvoSuite SBST),org.apache.commons.math.analysis.solvers.UnivariateRealSolverUtils,YES,UnivariateRealSolverUtils_ESTest.java,b7f448be52585cbe50d9774bdc5fbe6d41b52854a3813ce001daf40578f8cd22,READY,
Math,85,DeepSeek V4 Flash,org.apache.commons.math.analysis.solvers.UnivariateRealSolverUtils,YES,UnivariateRealSolverUtilsDeepseekTest.java,b4e3476bea81893a6a3b39aac29354091070d84e0b3f1c34451c54e3f531ea2c,READY,
Math,85,Gemini 3.8 Flash,org.apache.commons.math.analysis.solvers.UnivariateRealSolverUtils,YES,UnivariateRealSolverUtilsGeminiTest.java,f3aadcdad243a6e257ca1d5991aa2e604c608052f825b556d4170bcc7a8be5dc,READY,
Math,86,IPO (Native IPO),org.apache.commons.math.linear.CholeskyDecompositionImpl,NO,,,NO_SUITE,
Math,86,MIO (EvoSuite SBST),org.apache.commons.math.linear.CholeskyDecompositionImpl,YES,CholeskyDecompositionImpl_ESTest.java,e5ede5fb047863803138e230617911457277572ad53ecf767194463bf0f6b765,READY,
Math,86,DeepSeek V4 Flash,org.apache.commons.math.linear.CholeskyDecompositionImpl,YES,CholeskyDecompositionImplDeepseekTest.java,8667bec430ca64238a2e9eb3528f713dc9a3ba424333266a6fbc5f3c4f698167,READY,
Math,86,Gemini 3.8 Flash,org.apache.commons.math.linear.CholeskyDecompositionImpl,YES,CholeskyDecompositionImplGeminiTest.java,07fd677eedf64c32f1b52ac0eddf5d798263e4e7728d29945425ee493a10b588,READY,
Math,87,IPO (Native IPO),org.apache.commons.math.optimization.linear.SimplexTableau,NO,,,NO_SUITE,
Math,87,MIO (EvoSuite SBST),org.apache.commons.math.optimization.linear.SimplexTableau,YES,SimplexTableau_ESTest.java,14bb18b17a8f5b5044d1a42dfe217632c40228d9633e91ee55859f25762422a5,READY,
Math,87,DeepSeek V4 Flash,org.apache.commons.math.optimization.linear.SimplexTableau,YES,SimplexTableauDeepseekTest.java,83a804611841e38d4ac5feeb021d8c231e98a397a12d35bfb69c1f4e3e358491,READY,
Math,87,Gemini 3.8 Flash,org.apache.commons.math.optimization.linear.SimplexTableau,YES,SimplexTableauGeminiTest.java,2d223d4bc112aa9d0396ca48546fd9d4baa57bb370393730eafd1141ccac960d,READY,
Math,88,IPO (Native IPO),org.apache.commons.math.optimization.linear.SimplexTableau,NO,,,NO_SUITE,
Math,88,MIO (EvoSuite SBST),org.apache.commons.math.optimization.linear.SimplexTableau,YES,SimplexTableau_ESTest.java,22a7241525032eb65c087cb8eca0ac947b9456f497aff5ba1f3b3c49588e18d1,READY,
Math,88,DeepSeek V4 Flash,org.apache.commons.math.optimization.linear.SimplexTableau,YES,SimplexTableauDeepseekTest.java,652cbc9cdbb67673623fbd6156e4ba3d27bab806c0870ede71932aa53480394e,READY,
Math,88,Gemini 3.8 Flash,org.apache.commons.math.optimization.linear.SimplexTableau,YES,SimplexTableauGeminiTest.java,be8a8124fa63edd991950de8b9a4e758190312f23610b395247250493ea7cf33,READY,
Math,89,IPO (Native IPO),org.apache.commons.math.stat.Frequency,NO,,,NO_SUITE,
Math,89,MIO (EvoSuite SBST),org.apache.commons.math.stat.Frequency,YES,Frequency_ESTest.java,fd5542001b582ab4f2e6b5ecb72127431dde9f23ce1e4a3b74f71f5e6db62d8d,READY,
Math,89,DeepSeek V4 Flash,org.apache.commons.math.stat.Frequency,YES,FrequencyDeepseekTest.java,41a275df6bc698e531b7540828462005723c36fe1b05d6716a74e4837d8f0812,READY,
Math,89,Gemini 3.8 Flash,org.apache.commons.math.stat.Frequency,YES,FrequencyGeminiTest.java,d99a4d5f91f8bc49e4087132db44fb51d17611c268bff0a96fe46c3e9bfe6fde,READY,
Math,90,IPO (Native IPO),org.apache.commons.math.stat.Frequency,NO,,,NO_SUITE,
Math,90,MIO (EvoSuite SBST),org.apache.commons.math.stat.Frequency,YES,Frequency_ESTest.java,112d77684d4fde4d203db83aa420c212c65138361147907575e82982f9afd56f,READY,
Math,90,DeepSeek V4 Flash,org.apache.commons.math.stat.Frequency,YES,FrequencyDeepseekTest.java,9260d8466cda4eb662833f32b297e7839e47186f2ba424819c462fa77acabb75,READY,
Math,90,Gemini 3.8 Flash,org.apache.commons.math.stat.Frequency,YES,FrequencyGeminiTest.java,3f64ef431ef52087143185c86b41fe806995c93cd50a2ff6b7c31709011866c4,READY,
Math,91,IPO (Native IPO),org.apache.commons.math.fraction.Fraction,YES,Fraction_IPOTest.java,85c49223085d91816d79ef1a6dd892185143e88a87f721cce8286789c9a8ead0,READY,
Math,91,MIO (EvoSuite SBST),org.apache.commons.math.fraction.Fraction,YES,Fraction_ESTest.java,a7d1ce95b3fba16135cf8b657823b526ac9a5934116ceed03c3b81158c8cd0b2,READY,
Math,91,DeepSeek V4 Flash,org.apache.commons.math.fraction.Fraction,YES,FractionDeepseekTest.java,06dd6286ae17ba1e3d31868ccc63fcad0687292ddce83f0594765d09741066c8,READY,
Math,91,Gemini 3.8 Flash,org.apache.commons.math.fraction.Fraction,YES,FractionGeminiTest.java,ea7e8287720aeda8f169e1d383797c51066dab6e2b7d0e94c8ccaa9569551839,READY,
Math,92,IPO (Native IPO),org.apache.commons.math.util.MathUtils,YES,MathUtils_IPOTest.java,d6a5fa3b0465b321bc1965c3ebec22e0ba3f14fa76d857ccb1ec650c515a0ae7,READY,
Math,92,MIO (EvoSuite SBST),org.apache.commons.math.util.MathUtils,YES,MathUtils_ESTest.java,d2a9e1ab8b42efe77d835055b2ede36efda1322bff7e32ead8b6cb3bd2bc9dd6,READY,
Math,92,DeepSeek V4 Flash,org.apache.commons.math.util.MathUtils,YES,MathUtilsDeepseekTest.java,cb89ee6c57c321ddfc6642aff830333eb3a11b6067c7080a76cb6c41059040db,READY,
Math,92,Gemini 3.8 Flash,org.apache.commons.math.util.MathUtils,YES,MathUtilsGeminiTest.java,2bf3c3844f2173f1380e08444757416ca5f679341e6246179092e40cca305513,READY,
Math,93,IPO (Native IPO),org.apache.commons.math.util.MathUtils,YES,MathUtils_IPOTest.java,eabb68da325217faa56bf497a139688491c6570a332386e77358bf2a554fdf8d,READY,
Math,93,MIO (EvoSuite SBST),org.apache.commons.math.util.MathUtils,YES,MathUtils_ESTest.java,02888678490323ac475b3edbb5e0c8b4e1db709f76a210e8f37368de63b00c59,READY,
Math,93,DeepSeek V4 Flash,org.apache.commons.math.util.MathUtils,YES,MathUtilsDeepseekTest.java,4de3b2f543d96ab10ec973c55044c2e12f7c221a4d3eda450cb2eb6ad99969fc,READY,
Math,93,Gemini 3.8 Flash,org.apache.commons.math.util.MathUtils,YES,MathUtilsGeminiTest.java,af3c60687322fad0019446d4f30cf026f725cbb10905f9828bea2ffac8041bca,READY,
Math,94,IPO (Native IPO),org.apache.commons.math.util.MathUtils,YES,MathUtils_IPOTest.java,eabb68da325217faa56bf497a139688491c6570a332386e77358bf2a554fdf8d,READY,
Math,94,MIO (EvoSuite SBST),org.apache.commons.math.util.MathUtils,YES,MathUtils_ESTest.java,05f7fa97702d7acd051f7f0eb2cc3491fe71f33c5e3e100f0f13b95e425de04d,READY,
Math,94,DeepSeek V4 Flash,org.apache.commons.math.util.MathUtils,YES,MathUtilsDeepseekTest.java,2502820ff6589916eddae23aedf8b86835c1e1c9bd4b55f8a7ce90a7874bf821,READY,
Math,94,Gemini 3.8 Flash,org.apache.commons.math.util.MathUtils,YES,MathUtilsGeminiTest.java,f83f83f73420d38e14d17b3facec1b7ff98158341fd98a9cd7601cacedf658a8,READY,
Math,95,IPO (Native IPO),org.apache.commons.math.distribution.FDistributionImpl,YES,FDistributionImpl_IPOTest.java,306dea52aebe519206002b0119c1660389dc3f9a84c0ce6bff6c9d30f6559df1,READY,
Math,95,MIO (EvoSuite SBST),org.apache.commons.math.distribution.FDistributionImpl,YES,FDistributionImpl_ESTest.java,2e39c6d34aff0aee685b268797bf49ea01676e828ad1ddfbf53476d3d4c4f398,READY,
Math,95,DeepSeek V4 Flash,org.apache.commons.math.distribution.FDistributionImpl,YES,FDistributionImplDeepseekTest.java,8c2db678f7010aecd496e410fa6a801be636e86eae99085ad105a0685dacecda,READY,
Math,95,Gemini 3.8 Flash,org.apache.commons.math.distribution.FDistributionImpl,YES,FDistributionImplGeminiTest.java,694f6eb561ab18467d6ded0feae8b3a3e8533f2990f0dab0bd38026217a3b9e9,READY,
Math,96,IPO (Native IPO),org.apache.commons.math.complex.Complex,YES,Complex_IPOTest.java,5594ae1af9063425c51468a3a235042c99f33e52690d6c31dacb63e88eafac8d,READY,
Math,96,MIO (EvoSuite SBST),org.apache.commons.math.complex.Complex,YES,Complex_ESTest.java,557ecef8e84697fd8a6f94eaff2f7c79cede52139c7c1fb9367d938e7ea4866c,READY,
Math,96,DeepSeek V4 Flash,org.apache.commons.math.complex.Complex,YES,ComplexDeepseekTest.java,790fee720c4910ecec9b5fe42123fe11a2ce4e29f0ff53ab8f387a20d12f31dd,READY,
Math,96,Gemini 3.8 Flash,org.apache.commons.math.complex.Complex,YES,ComplexGeminiTest.java,1bcc199518436bf4e6442454614c798f963ac1a075fc9de5ed6bd66fdf8970cc,READY,
Math,97,IPO (Native IPO),org.apache.commons.math.analysis.BrentSolver,NO,,,NO_SUITE,
Math,97,MIO (EvoSuite SBST),org.apache.commons.math.analysis.BrentSolver,YES,BrentSolver_ESTest.java,717ce4c216af204aed21b88a72c3c135c9bea43e4d138feb12addb2b332a2283,READY,
Math,97,DeepSeek V4 Flash,org.apache.commons.math.analysis.BrentSolver,YES,BrentSolverDeepseekTest.java,f3514c2ffa5ee0846674eb83c54f8546c5bbf11c10ed3d220f16693b512de672,READY,
Math,97,Gemini 3.8 Flash,org.apache.commons.math.analysis.BrentSolver,YES,BrentSolverGeminiTest.java,7f63873f28fa163ba5b778ec1b8062add539cbc673bbce0963e1565af8ee51df,READY,
Math,98,IPO (Native IPO),org.apache.commons.math.linear.BigMatrixImpl;org.apache.commons.math.linear.RealMatrixImpl,YES,BigMatrixImpl_IPOTest.java,58aae2fafaf32db1fe12b4ec8088108675086774c41e6d3b9d4e053b16ef6146,READY,
Math,98,MIO (EvoSuite SBST),org.apache.commons.math.linear.BigMatrixImpl;org.apache.commons.math.linear.RealMatrixImpl,YES,BigMatrixImpl_ESTest.java;RealMatrixImpl_ESTest.java,9b53834821ccada31b884c15744dd0f392c1fc6cc696d4f7557ea40a6d35676c,READY,
Math,98,DeepSeek V4 Flash,org.apache.commons.math.linear.BigMatrixImpl;org.apache.commons.math.linear.RealMatrixImpl,YES,BigMatrixImplDeepseekTest.java;RealMatrixImplDeepseekTest.java,f925e170d5ccd4d9fcf5b312c2e63d31fff0fb39ab0279e9fd6597b4e2280ead,READY,
Math,98,Gemini 3.8 Flash,org.apache.commons.math.linear.BigMatrixImpl;org.apache.commons.math.linear.RealMatrixImpl,YES,BigMatrixImplGeminiTest.java;RealMatrixImplGeminiTest.java,a6c43453513cdac149c60a26c9713fef940df57c179f65521f5e919501cf29d4,READY,
Math,99,IPO (Native IPO),org.apache.commons.math.util.MathUtils,YES,MathUtils_IPOTest.java,2cf976b152ef0d931658647e87ed13c1dd0bd5e30a75f98d38b7563e519511e5,READY,
Math,99,MIO (EvoSuite SBST),org.apache.commons.math.util.MathUtils,YES,MathUtils_ESTest.java,21cedabc69e7dd08f32a4d68c2b3aa28e164b898a88f0567105158cfe80f12fa,READY,
Math,99,DeepSeek V4 Flash,org.apache.commons.math.util.MathUtils,YES,MathUtilsDeepseekTest.java,c91ced50953e89f8cf127ae7db0776f2caa6acd8e19b0667b0bcc7a4273678cd,READY,
Math,99,Gemini 3.8 Flash,org.apache.commons.math.util.MathUtils,YES,MathUtilsGeminiTest.java,795c9d0b6df989010312ee6636bd95af84e3249ff42569e042bb48e245ce25f1,READY,
Math,100,IPO (Native IPO),org.apache.commons.math.estimation.AbstractEstimator,NO,,,NO_SUITE,
Math,100,MIO (EvoSuite SBST),org.apache.commons.math.estimation.AbstractEstimator,YES,AbstractEstimator_ESTest.java,0172b18ba60081881e2643a0492ef1aeb2a05b4d56b4250d29ff32b6bac48ad2,READY,
Math,100,DeepSeek V4 Flash,org.apache.commons.math.estimation.AbstractEstimator,YES,AbstractEstimatorDeepseekTest.java,eeadb5c1608222334d842e845be0bc82ff9b89fb7d4ff89dc3ef8e9e90e49aa6,READY,
Math,100,Gemini 3.8 Flash,org.apache.commons.math.estimation.AbstractEstimator,YES,AbstractEstimatorGeminiTest.java,380ce4705f3f0d31efe99c62f9feb656c4d106daa90659cb778e3ee7be94da25,READY,
Math,101,IPO (Native IPO),org.apache.commons.math.complex.ComplexFormat,NO,,,NO_SUITE,
Math,101,MIO (EvoSuite SBST),org.apache.commons.math.complex.ComplexFormat,YES,ComplexFormat_ESTest.java,f3e065a118c253ef391257f3cd628f69e1fcb0ab82db15373eb4a166cb80b463,READY,
Math,101,DeepSeek V4 Flash,org.apache.commons.math.complex.ComplexFormat,YES,ComplexFormatDeepseekTest.java,fdf92f3dc39b426a1fa0ed027ac18c42cf86a6d4ffd68aa253963dba0a59a62d,READY,
Math,101,Gemini 3.8 Flash,org.apache.commons.math.complex.ComplexFormat,YES,ComplexFormatGeminiTest.java,ac57a37b2d35ce9f3dad75747aecb117e79e24c220a184d40915d8b1dd7f8c94,READY,
Math,102,IPO (Native IPO),org.apache.commons.math.stat.inference.ChiSquareTestImpl,YES,ChiSquareTestImpl_IPOTest.java,c5a46e636b440b942ad063c5e9242b06c2b7641789c87d6bc16b35edd152f559,READY,
Math,102,MIO (EvoSuite SBST),org.apache.commons.math.stat.inference.ChiSquareTestImpl,YES,ChiSquareTestImpl_ESTest.java,d1f604d1efef52a6ab9669a6b968bb1aaa04c88deb114a8e647d09848e027911,READY,
Math,102,DeepSeek V4 Flash,org.apache.commons.math.stat.inference.ChiSquareTestImpl,YES,ChiSquareTestImplDeepseekTest.java,6aaf6e1853dcc844ce542da970ec554683751b3ada6d250dfe715ffc83c0feae,READY,
Math,102,Gemini 3.8 Flash,org.apache.commons.math.stat.inference.ChiSquareTestImpl,YES,ChiSquareTestImplGeminiTest.java,8c381b3516b37dcdbc014fa3e6837b3a7a7d8fa31b4000cc474b9a7db210b399,READY,
Math,103,IPO (Native IPO),org.apache.commons.math.distribution.NormalDistributionImpl,NO,,,NO_SUITE,
Math,103,MIO (EvoSuite SBST),org.apache.commons.math.distribution.NormalDistributionImpl,YES,NormalDistributionImpl_ESTest.java,46abc63bad08122415fbec30d5688b41d3ed2831b4134532bf4cfd12d9b62365,READY,
Math,103,DeepSeek V4 Flash,org.apache.commons.math.distribution.NormalDistributionImpl,YES,NormalDistributionImplDeepseekTest.java,543947ff067fd4de740c77ff2a9add97297d7ff2ace52b832d0f315c5c6417f5,READY,
Math,103,Gemini 3.8 Flash,org.apache.commons.math.distribution.NormalDistributionImpl,YES,NormalDistributionImplGeminiTest.java,45f2623263915f6e893124073b804c1cf4a571ac687f2b5a764e405ba3eb1879,READY,
Math,104,IPO (Native IPO),org.apache.commons.math.special.Gamma,NO,,,NO_SUITE,
Math,104,MIO (EvoSuite SBST),org.apache.commons.math.special.Gamma,YES,Gamma_ESTest.java,b3217e75339e3fb3b080087ce9dca5e7dde96e4fc92d2a9c952053c59050e4a1,READY,
Math,104,DeepSeek V4 Flash,org.apache.commons.math.special.Gamma,YES,GammaDeepseekTest.java,a2c610e5f44b0fc875da21089038188402e23fd013a175fd495e866abfc70423,READY,
Math,104,Gemini 3.8 Flash,org.apache.commons.math.special.Gamma,YES,GammaGeminiTest.java,1004f7b4ea484029088c15ef158bdeef0e63f85f6da467dd654c4413b528de7f,READY,
Math,105,IPO (Native IPO),org.apache.commons.math.stat.regression.SimpleRegression,NO,,,NO_SUITE,
Math,105,MIO (EvoSuite SBST),org.apache.commons.math.stat.regression.SimpleRegression,YES,SimpleRegression_ESTest.java,bd01783230a33b28651fbd42a8f7c00b09caa2ddea37b8842ac70a8fb1c26a96,READY,
Math,105,DeepSeek V4 Flash,org.apache.commons.math.stat.regression.SimpleRegression,YES,SimpleRegressionDeepseekTest.java,d4b70dd37de28ce9b4464c5495331b3b96910c6f5dc45c8e33688f844aef3302,READY,
Math,105,Gemini 3.8 Flash,org.apache.commons.math.stat.regression.SimpleRegression,YES,SimpleRegressionGeminiTest.java,12fc99871c579c1f9cb96f41bccfddb31f789d8c2c5a46c9c7e5dff70136ec6b,READY,
Math,106,IPO (Native IPO),org.apache.commons.math.fraction.ProperFractionFormat,NO,,,NO_SUITE,
Math,106,MIO (EvoSuite SBST),org.apache.commons.math.fraction.ProperFractionFormat,YES,ProperFractionFormat_ESTest.java,4d904eb59914ad47a6e1821b13afffa40d6cbbdace2688f38f105fbbb64ccc4b,READY,
Math,106,DeepSeek V4 Flash,org.apache.commons.math.fraction.ProperFractionFormat,YES,ProperFractionFormatDeepseekTest.java,1a95a592ec4e91bba4c2bc47f22209472e032a9c5a001084363e3872f6d39290,READY,
Math,106,Gemini 3.8 Flash,org.apache.commons.math.fraction.ProperFractionFormat,YES,ProperFractionFormatGeminiTest.java,b6f1a47740baa416e3bad1ed1b5e13ee74e4f2deca1c75ebcae79f02fba9ef1d,READY,
Mockito,1,IPO (Native IPO),org.mockito.internal.invocation.InvocationMatcher,NO,,,NO_SUITE,
Mockito,1,MIO (EvoSuite SBST),org.mockito.internal.invocation.InvocationMatcher,NO,,,NO_SUITE,
Mockito,1,DeepSeek V4 Flash,org.mockito.internal.invocation.InvocationMatcher,YES,InvocationMatcherDeepseekTest.java,b99873e0aa83c99693d318786fd7eade160994db6530c4efe0fe549c686e69b7,READY,
Mockito,1,Gemini 3.8 Flash,org.mockito.internal.invocation.InvocationMatcher,YES,InvocationMatcherGeminiTest.java,afc04d33b13b43d930775846691ac8d353cb40ae32d74cb8ef59269e36a95fe7,READY,
Mockito,2,IPO (Native IPO),org.mockito.internal.util.Timer,NO,,,NO_SUITE,
Mockito,2,MIO (EvoSuite SBST),org.mockito.internal.util.Timer,NO,,,NO_SUITE,
Mockito,2,DeepSeek V4 Flash,org.mockito.internal.util.Timer,YES,TimerDeepseekTest.java,5df3537f13b1c0b4ee7c6f842d001569618a87ed6fe2e1010a29aecff29d630b,READY,
Mockito,2,Gemini 3.8 Flash,org.mockito.internal.util.Timer,YES,TimerGeminiTest.java,682565f7a1da11c2f98b8f188ce13860a703b6bfe723db010cc23722a4394237,READY,
Mockito,3,IPO (Native IPO),org.mockito.internal.invocation.InvocationMatcher,NO,,,NO_SUITE,
Mockito,3,MIO (EvoSuite SBST),org.mockito.internal.invocation.InvocationMatcher,NO,,,NO_SUITE,
Mockito,3,DeepSeek V4 Flash,org.mockito.internal.invocation.InvocationMatcher,YES,InvocationMatcherDeepseekTest.java,be7a2ac26c1aeda3d647d7c41f684a9cecbff92020764d9434c72e6c2ec2e02c,READY,
Mockito,3,Gemini 3.8 Flash,org.mockito.internal.invocation.InvocationMatcher,YES,InvocationMatcherGeminiTest.java,b3a650deb988904ce48d8e53b3ed7167faf546239792e752acec82e91f73956f,READY,
Mockito,4,IPO (Native IPO),org.mockito.exceptions.Reporter,NO,,,NO_SUITE,
Mockito,4,MIO (EvoSuite SBST),org.mockito.exceptions.Reporter,NO,,,NO_SUITE,
Mockito,4,DeepSeek V4 Flash,org.mockito.exceptions.Reporter,YES,ReporterDeepseekTest.java,2e008e22c81a92448c2c8783f3d629e5c47f3b941470d34b3899b18dd37734ce,READY,
Mockito,4,Gemini 3.8 Flash,org.mockito.exceptions.Reporter,YES,ReporterGeminiTest.java,e9ad59607c75aaf74e486e9f19fd9501d0b534abcef41fcd43b44fd5ab7b7809,READY,
Mockito,5,IPO (Native IPO),org.mockito.internal.verification.VerificationOverTimeImpl,NO,,,NO_SUITE,
Mockito,5,MIO (EvoSuite SBST),org.mockito.internal.verification.VerificationOverTimeImpl,NO,,,NO_SUITE,
Mockito,5,DeepSeek V4 Flash,org.mockito.internal.verification.VerificationOverTimeImpl,YES,VerificationOverTimeImplDeepseekTest.java,cc89475368eb416f515ff16bef3df992f7481de17ff6a2e093b77d75fecafab5,READY,
Mockito,5,Gemini 3.8 Flash,org.mockito.internal.verification.VerificationOverTimeImpl,YES,VerificationOverTimeImplGeminiTest.java,cf75f2727e83a9c3371e6fb8c2aeda91e64c7d9dca31af47866e4d8b7ff02e5e,READY,
Mockito,6,IPO (Native IPO),org.mockito.Matchers,NO,,,NO_SUITE,
Mockito,6,MIO (EvoSuite SBST),org.mockito.Matchers,NO,,,NO_SUITE,
Mockito,6,DeepSeek V4 Flash,org.mockito.Matchers,YES,MatchersDeepseekTest.java,c89129efc6d56f82dfb6f80598aa966330832594cd0980d07ebaa514bcbf956a,READY,
Mockito,6,Gemini 3.8 Flash,org.mockito.Matchers,YES,MatchersGeminiTest.java,293cadff5364f48a57244202c9e7b5f9b31920cae61d3fc2467bbff360e01c43,READY,
Mockito,7,IPO (Native IPO),org.mockito.internal.util.reflection.GenericMetadataSupport,NO,,,NO_SUITE,
Mockito,7,MIO (EvoSuite SBST),org.mockito.internal.util.reflection.GenericMetadataSupport,NO,,,NO_SUITE,
Mockito,7,DeepSeek V4 Flash,org.mockito.internal.util.reflection.GenericMetadataSupport,YES,GenericMetadataSupportDeepseekTest.java,f9d2d3bee65a3650c6660015370c2d03c2a9f112ac1a1cee998f343f0b353084,READY,
Mockito,7,Gemini 3.8 Flash,org.mockito.internal.util.reflection.GenericMetadataSupport,YES,GenericMetadataSupportGeminiTest.java,ead672bd2518f29f2ef90e23c28965d4ecaf00aabadd53b7b57a952c4d158f04,READY,
Mockito,8,IPO (Native IPO),org.mockito.internal.util.reflection.GenericMetadataSupport,NO,,,NO_SUITE,
Mockito,8,MIO (EvoSuite SBST),org.mockito.internal.util.reflection.GenericMetadataSupport,NO,,,NO_SUITE,
Mockito,8,DeepSeek V4 Flash,org.mockito.internal.util.reflection.GenericMetadataSupport,YES,GenericMetadataSupportDeepseekTest.java,378299c7ba11019ba78fffb612ff79a62c1ad68563ac10b1f9f7e1f9c13f3b8e,READY,
Mockito,8,Gemini 3.8 Flash,org.mockito.internal.util.reflection.GenericMetadataSupport,YES,GenericMetadataSupportGeminiTest.java,0fd21cf4a509efff7daa77dddaded2127360bdb89ee9785589438d3b1136b046,READY,
Mockito,9,IPO (Native IPO),org.mockito.internal.stubbing.answers.CallsRealMethods,NO,,,NO_SUITE,
Mockito,9,MIO (EvoSuite SBST),org.mockito.internal.stubbing.answers.CallsRealMethods,NO,,,NO_SUITE,
Mockito,9,DeepSeek V4 Flash,org.mockito.internal.stubbing.answers.CallsRealMethods,YES,CallsRealMethodsDeepseekTest.java,5025765cae83dc08bcba868dda036262f9c4c10f499b5eb79f2d1408fedff76c,READY,
Mockito,9,Gemini 3.8 Flash,org.mockito.internal.stubbing.answers.CallsRealMethods,YES,CallsRealMethodsGeminiTest.java,371ff54bc4c8c0263e2de842cbe9967a6924c8ac080b536863e8e009ecdfd450,READY,
Mockito,10,IPO (Native IPO),org.mockito.internal.stubbing.defaultanswers.ReturnsDeepStubs,NO,,,NO_SUITE,
Mockito,10,MIO (EvoSuite SBST),org.mockito.internal.stubbing.defaultanswers.ReturnsDeepStubs,NO,,,NO_SUITE,
Mockito,10,DeepSeek V4 Flash,org.mockito.internal.stubbing.defaultanswers.ReturnsDeepStubs,YES,ReturnsDeepStubsDeepseekTest.java,8a9e12a41aae37c704f4e1c737623b0155685f83be9fc10384498c16b1e74d45,READY,
Mockito,10,Gemini 3.8 Flash,org.mockito.internal.stubbing.defaultanswers.ReturnsDeepStubs,YES,ReturnsDeepStubsGeminiTest.java,d451bb561f398fe2983f4ed0a4e7c0de9ed7099f2c04a5f30417cdac6741813b,READY,
Mockito,11,IPO (Native IPO),org.mockito.internal.creation.DelegatingMethod,NO,,,NO_SUITE,
Mockito,11,MIO (EvoSuite SBST),org.mockito.internal.creation.DelegatingMethod,NO,,,NO_SUITE,
Mockito,11,DeepSeek V4 Flash,org.mockito.internal.creation.DelegatingMethod,YES,DelegatingMethodDeepseekTest.java,397465c6ac96b1502db0ff6740c498fc32fb945dc4be3c24ec776292d9c1a339,READY,
Mockito,11,Gemini 3.8 Flash,org.mockito.internal.creation.DelegatingMethod,YES,DelegatingMethodGeminiTest.java,f417bc2163f81ec7baed5a9d031e8347a64323b1dbc01a363c13db1b94bfb103,READY,
Mockito,12,IPO (Native IPO),org.mockito.internal.util.reflection.GenericMaster,NO,,,NO_SUITE,
Mockito,12,MIO (EvoSuite SBST),org.mockito.internal.util.reflection.GenericMaster,YES,GenericMaster_ESTest.java,39f6d13c3d012e52a11718824b856a0215ae09d54b277715b711763b3c0e35c0,READY,
Mockito,12,DeepSeek V4 Flash,org.mockito.internal.util.reflection.GenericMaster,YES,GenericMasterDeepseekTest.java,4bc968b89e4651ac9ab9cb4dbd7b5dd3dc122dc84b9800d1b338d4ff04387c5a,READY,
Mockito,12,Gemini 3.8 Flash,org.mockito.internal.util.reflection.GenericMaster,YES,GenericMasterGeminiTest.java,9695881e192510f10b65defc4328a1beabbf85c8fec2436d1739b957f9db6bfd,READY,
Mockito,13,IPO (Native IPO),org.mockito.internal.MockHandler,NO,,,NO_SUITE,
Mockito,13,MIO (EvoSuite SBST),org.mockito.internal.MockHandler,YES,MockHandler_ESTest.java,1bf1ea554e8a4337cf2a30389c842145f0442726aeb6a051a54541ce0576f972,READY,
Mockito,13,DeepSeek V4 Flash,org.mockito.internal.MockHandler,YES,MockHandlerDeepseekTest.java,8d169387307f736e916fc0638dd42cb84d5cec48df834df5730bf50b5b0cc169,READY,
Mockito,13,Gemini 3.8 Flash,org.mockito.internal.MockHandler,YES,MockHandlerGeminiTest.java,63b6d1368ac407b8d2216bbd3ca334d63c3d092e61122dda5497b2e6bcfea00a,READY,
Mockito,14,IPO (Native IPO),org.mockito.internal.MockHandler;org.mockito.internal.MockitoCore,NO,,,NO_SUITE,
Mockito,14,MIO (EvoSuite SBST),org.mockito.internal.MockHandler;org.mockito.internal.MockitoCore,YES,MockHandler_ESTest.java;MockitoCore_ESTest.java,22fde219bd5c037833bb37088f3c88e1d02736d4359fed4e51c33a722fbd7396,READY,
Mockito,14,DeepSeek V4 Flash,org.mockito.internal.MockHandler;org.mockito.internal.MockitoCore,YES,MockHandlerDeepseekTest.java;MockitoCoreDeepseekTest.java,9707d06c6bcd6fd1df27aff03bc06eb557ba8c28421157019bf81134834ee4ed,READY,
Mockito,14,Gemini 3.8 Flash,org.mockito.internal.MockHandler;org.mockito.internal.MockitoCore,YES,MockHandlerGeminiTest.java;MockitoCoreGeminiTest.java,2f15bd66946202069d50a7fdfb5c66c4e4add9803cde8f2804beaedbd35d4462,READY,
Mockito,15,IPO (Native IPO),org.mockito.internal.configuration.injection.FinalMockCandidateFilter,NO,,,NO_SUITE,
Mockito,15,MIO (EvoSuite SBST),org.mockito.internal.configuration.injection.FinalMockCandidateFilter,YES,FinalMockCandidateFilter_ESTest.java,07ea345583b3224d88838b9ed8c329fec3ebdc53a948a1cdedbd399c65176b7d,READY,
Mockito,15,DeepSeek V4 Flash,org.mockito.internal.configuration.injection.FinalMockCandidateFilter,YES,FinalMockCandidateFilterDeepseekTest.java,a2b80190ff3aee28891e545306d405cb99a67aadd389df0b2ed1981c454d987d,READY,
Mockito,15,Gemini 3.8 Flash,org.mockito.internal.configuration.injection.FinalMockCandidateFilter,YES,FinalMockCandidateFilterGeminiTest.java,c176f39a1cd9c081b47822cec328c1d25653aab8f7d3f6daf7e69eab15dd4f7a,READY,
Mockito,16,IPO (Native IPO),org.mockito.internal.MockitoCore;org.mockito.Mockito,NO,,,NO_SUITE,
Mockito,16,MIO (EvoSuite SBST),org.mockito.internal.MockitoCore;org.mockito.Mockito,YES,MockitoCore_ESTest.java;Mockito_ESTest.java,029ef11ceda14977130a87e1d570febd5fdf3e4848da383e8a6c32490e702452,READY,
Mockito,16,DeepSeek V4 Flash,org.mockito.internal.MockitoCore;org.mockito.Mockito,YES,MockitoCoreDeepseekTest.java;MockitoDeepseekTest.java,4b4e01ba52c270bdd7bd405355a18cb1f9a445be1d1eef86760f941e647d0d13,READY,
Mockito,16,Gemini 3.8 Flash,org.mockito.internal.MockitoCore;org.mockito.Mockito,YES,MockitoCoreGeminiTest.java;MockitoGeminiTest.java,e1073e17ab26e27680f02d9ae409ce3eb6e7d5894219b8d859436f7d0b595571,READY,
Mockito,17,IPO (Native IPO),org.mockito.internal.creation.MockSettingsImpl;org.mockito.internal.util.MockUtil,NO,,,NO_SUITE,
Mockito,17,MIO (EvoSuite SBST),org.mockito.internal.creation.MockSettingsImpl;org.mockito.internal.util.MockUtil,YES,MockSettingsImpl_ESTest.java;MockUtil_ESTest.java,07e8164de1d8e6d5f06159b18039848a8b881c4e601e44fd4602e92101cdc76d,READY,
Mockito,17,DeepSeek V4 Flash,org.mockito.internal.creation.MockSettingsImpl;org.mockito.internal.util.MockUtil,YES,MockSettingsImplDeepseekTest.java;MockUtilDeepseekTest.java,aa9c14426f4addf61a177cfa51b900619cbdff91529c7ec14153cffb7ee0a5a3,READY,
Mockito,17,Gemini 3.8 Flash,org.mockito.internal.creation.MockSettingsImpl;org.mockito.internal.util.MockUtil,YES,MockSettingsImplGeminiTest.java;MockUtilGeminiTest.java,2a48b2c945d75c750c3304e3bc2c8605ddbbe229a772f5a28891d4cc0a21abd4,READY,
Mockito,18,IPO (Native IPO),org.mockito.internal.stubbing.defaultanswers.ReturnsEmptyValues,NO,,,NO_SUITE,
Mockito,18,MIO (EvoSuite SBST),org.mockito.internal.stubbing.defaultanswers.ReturnsEmptyValues,NO,,,NO_SUITE,
Mockito,18,DeepSeek V4 Flash,org.mockito.internal.stubbing.defaultanswers.ReturnsEmptyValues,YES,ReturnsEmptyValuesDeepseekTest.java,2a31bf3743b0dd49de23148422468893b7cb255fd4f736b8f5ac36fbff986126,READY,
Mockito,18,Gemini 3.8 Flash,org.mockito.internal.stubbing.defaultanswers.ReturnsEmptyValues,YES,ReturnsEmptyValuesGeminiTest.java,127cd880432740e683abcb53f96ed28775c92ed9fa33e178ecbf26b704fc424c,READY,
Mockito,19,IPO (Native IPO),org.mockito.internal.configuration.injection.filter.FinalMockCandidateFilter;org.mockito.internal.configuration.injection.filter.MockCandidateFilter;org.mockito.internal.configuration.injection.filter.NameBasedCandidateFilter;org.mockito.internal.configuration.injection.filter.TypeBasedCandidateFilter;org.mockito.internal.configuration.injection.PropertyAndSetterInjection,NO,,,NO_SUITE,
Mockito,19,MIO (EvoSuite SBST),org.mockito.internal.configuration.injection.filter.FinalMockCandidateFilter;org.mockito.internal.configuration.injection.filter.MockCandidateFilter;org.mockito.internal.configuration.injection.filter.NameBasedCandidateFilter;org.mockito.internal.configuration.injection.filter.TypeBasedCandidateFilter;org.mockito.internal.configuration.injection.PropertyAndSetterInjection,NO,,,NO_SUITE,
Mockito,19,DeepSeek V4 Flash,org.mockito.internal.configuration.injection.filter.FinalMockCandidateFilter;org.mockito.internal.configuration.injection.filter.MockCandidateFilter;org.mockito.internal.configuration.injection.filter.NameBasedCandidateFilter;org.mockito.internal.configuration.injection.filter.TypeBasedCandidateFilter;org.mockito.internal.configuration.injection.PropertyAndSetterInjection,YES,FinalMockCandidateFilterDeepseekTest.java;MockCandidateFilterDeepseekTest.java;NameBasedCandidateFilterDeepseekTest.java;PropertyAndSetterInjectionDeepseekTest.java;TypeBasedCandidateFilterDeepseekTest.java,e8c0bfccb3bd29b2bada2275e55a4d6234b5985752cf78ffd034be675eebd2fc,READY,
Mockito,19,Gemini 3.8 Flash,org.mockito.internal.configuration.injection.filter.FinalMockCandidateFilter;org.mockito.internal.configuration.injection.filter.MockCandidateFilter;org.mockito.internal.configuration.injection.filter.NameBasedCandidateFilter;org.mockito.internal.configuration.injection.filter.TypeBasedCandidateFilter;org.mockito.internal.configuration.injection.PropertyAndSetterInjection,YES,FinalMockCandidateFilterGeminiTest.java;MockCandidateFilterGeminiTest.java;NameBasedCandidateFilterGeminiTest.java;PropertyAndSetterInjectionGeminiTest.java;TypeBasedCandidateFilterGeminiTest.java,37984fb0dd8af6ad49875516335464a2306d399c848c6a2fa6ef43c5bc1794d3,READY,
Mockito,20,IPO (Native IPO),org.mockito.internal.creation.bytebuddy.ByteBuddyMockMaker,NO,,,NO_SUITE,
Mockito,20,MIO (EvoSuite SBST),org.mockito.internal.creation.bytebuddy.ByteBuddyMockMaker,NO,,,NO_SUITE,
Mockito,20,DeepSeek V4 Flash,org.mockito.internal.creation.bytebuddy.ByteBuddyMockMaker,YES,ByteBuddyMockMakerDeepseekTest.java,1798f7e9ed9d683724bb80a64afb3b4e5bec6da0aaf48304c7622b2bd31d70a1,READY,
Mockito,20,Gemini 3.8 Flash,org.mockito.internal.creation.bytebuddy.ByteBuddyMockMaker,YES,ByteBuddyMockMakerGeminiTest.java,f0c9c8782508c57e9913578ad25a4489062a2d4b3e11645a708080d6c8ace79c,READY,
Mockito,21,IPO (Native IPO),org.mockito.internal.creation.instance.ConstructorInstantiator,NO,,,NO_SUITE,
Mockito,21,MIO (EvoSuite SBST),org.mockito.internal.creation.instance.ConstructorInstantiator,NO,,,NO_SUITE,
Mockito,21,DeepSeek V4 Flash,org.mockito.internal.creation.instance.ConstructorInstantiator,YES,ConstructorInstantiatorDeepseekTest.java,f16740af4caebd8eeac1c5587b1daf47366eac46f8b4a2a4cf0184a700727ac6,READY,
Mockito,21,Gemini 3.8 Flash,org.mockito.internal.creation.instance.ConstructorInstantiator,YES,ConstructorInstantiatorGeminiTest.java,aa327a1d179f7ad3d3969cbb674dfc9aeb267a5f728a0784eda3c785620e181a,READY,
Mockito,22,IPO (Native IPO),org.mockito.internal.matchers.Equality,NO,,,NO_SUITE,
Mockito,22,MIO (EvoSuite SBST),org.mockito.internal.matchers.Equality,YES,Equality_ESTest.java,a34f1ee0368efe0afa40c60b5c1714046a9e355aa28064fd56b96b433f8a55b9,READY,
Mockito,22,DeepSeek V4 Flash,org.mockito.internal.matchers.Equality,YES,EqualityDeepseekTest.java,5cbe7712a75cf6b6367dd323b5a1242569388a4b196b8e3048a543288c50dd83,READY,
Mockito,22,Gemini 3.8 Flash,org.mockito.internal.matchers.Equality,YES,EqualityGeminiTest.java,a5106060bb219be6485344161f83a67f6e332bb3203b73f280dbd63619e072eb,READY,
Mockito,23,IPO (Native IPO),org.mockito.internal.stubbing.defaultanswers.ReturnsDeepStubs,NO,,,NO_SUITE,
Mockito,23,MIO (EvoSuite SBST),org.mockito.internal.stubbing.defaultanswers.ReturnsDeepStubs,YES,ReturnsDeepStubs_ESTest.java,9170c874814d3bf8f7608eafd75f086c5d9a2ba8fb46370aff429a7e4e0b1f49,READY,
Mockito,23,DeepSeek V4 Flash,org.mockito.internal.stubbing.defaultanswers.ReturnsDeepStubs,YES,ReturnsDeepStubsDeepseekTest.java,e6376ff4005988ebd7bb1f3136efc945905c4e4223e34b90c7716651eb3e6885,READY,
Mockito,23,Gemini 3.8 Flash,org.mockito.internal.stubbing.defaultanswers.ReturnsDeepStubs,YES,ReturnsDeepStubsGeminiTest.java,378d0c6b5dea18a88ff8bd2f8a873f77bbb27dbeb9ecd2d41657ff3735ae8f77,READY,
Mockito,24,IPO (Native IPO),org.mockito.internal.stubbing.defaultanswers.ReturnsEmptyValues,NO,,,NO_SUITE,
Mockito,24,MIO (EvoSuite SBST),org.mockito.internal.stubbing.defaultanswers.ReturnsEmptyValues,YES,ReturnsEmptyValues_ESTest.java,fb99266d8c9f098d4abc0c72615cefd593e6d4146c0bf6c1031bb5ecc08a665e,READY,
Mockito,24,DeepSeek V4 Flash,org.mockito.internal.stubbing.defaultanswers.ReturnsEmptyValues,YES,ReturnsEmptyValuesDeepseekTest.java,d80756a04e8871c9813c15e8a9ea69b777c0fefc1c7c498c9c61044fed63e3fd,READY,
Mockito,24,Gemini 3.8 Flash,org.mockito.internal.stubbing.defaultanswers.ReturnsEmptyValues,YES,ReturnsEmptyValuesGeminiTest.java,43c4f5665db5d6d9eda0c9373112d3758088c748553fff862c9211cccdcb0d40,READY,
Mockito,25,IPO (Native IPO),org.mockito.internal.stubbing.defaultanswers.ReturnsDeepStubs,NO,,,NO_SUITE,
Mockito,25,MIO (EvoSuite SBST),org.mockito.internal.stubbing.defaultanswers.ReturnsDeepStubs,YES,ReturnsDeepStubs_ESTest.java,5db9c5e26ffcc862c4c2fe26920280f91772bd7948376489dfe14af06bca7698,READY,
Mockito,25,DeepSeek V4 Flash,org.mockito.internal.stubbing.defaultanswers.ReturnsDeepStubs,YES,ReturnsDeepStubsDeepseekTest.java,997dd13f635de58719ce067c75183f8750d7178d6be762b81229702424a155fe,READY,
Mockito,25,Gemini 3.8 Flash,org.mockito.internal.stubbing.defaultanswers.ReturnsDeepStubs,YES,ReturnsDeepStubsGeminiTest.java,7b7dc2a0506bcc10e245ecfaa6c574a74f07c458c113c013bfb89e00759ce997,READY,
Mockito,26,IPO (Native IPO),org.mockito.internal.util.Primitives,NO,,,NO_SUITE,
Mockito,26,MIO (EvoSuite SBST),org.mockito.internal.util.Primitives,YES,Primitives_ESTest.java,9ab61f1c59549e142ea12ba00aa69d59a64c220153a6e451215ee362ee6b07f0,READY,
Mockito,26,DeepSeek V4 Flash,org.mockito.internal.util.Primitives,YES,PrimitivesDeepseekTest.java,3a43ec4c8de97f88f7b422bae6a3fe7dd944d6bf6da7973cfffa02f1b180d306,READY,
Mockito,26,Gemini 3.8 Flash,org.mockito.internal.util.Primitives,YES,PrimitivesGeminiTest.java,495e51c17d7ef268957113411a7a104cf2090488f5a456be195e353432fdbe6a,READY,
Mockito,27,IPO (Native IPO),org.mockito.internal.util.MockUtil,NO,,,NO_SUITE,
Mockito,27,MIO (EvoSuite SBST),org.mockito.internal.util.MockUtil,YES,MockUtil_ESTest.java,715430a8a5c87bd35eaa720933fb543e1c3a2a5798b530d2e84da2d694d22041,READY,
Mockito,27,DeepSeek V4 Flash,org.mockito.internal.util.MockUtil,YES,MockUtilDeepseekTest.java,17c4c919f93615d5b147be395e5b0a4e9ad27d297468ac0d536050e322ac8764,READY,
Mockito,27,Gemini 3.8 Flash,org.mockito.internal.util.MockUtil,YES,MockUtilGeminiTest.java,0e464a4937a8868ed7bdeeb50faf12d92b27101a7e2df75f72b8f9f0aef9fe05,READY,
Mockito,28,IPO (Native IPO),org.mockito.internal.configuration.DefaultInjectionEngine,NO,,,NO_SUITE,
Mockito,28,MIO (EvoSuite SBST),org.mockito.internal.configuration.DefaultInjectionEngine,YES,DefaultInjectionEngine_ESTest.java,e71ebd6bec3862d20e0dc8b36a5f616c0340083a2264f239f48b8e4f1ddd40b9,READY,
Mockito,28,DeepSeek V4 Flash,org.mockito.internal.configuration.DefaultInjectionEngine,YES,DefaultInjectionEngineDeepseekTest.java,012d45d30573cbef20a21d5a12550cb8a43fde6cabe1002d848a1ecb5e9875b2,READY,
Mockito,28,Gemini 3.8 Flash,org.mockito.internal.configuration.DefaultInjectionEngine,YES,DefaultInjectionEngineGeminiTest.java,01970e9dfa7f056e7abe8a2a914a7f59dbb2064daad4d6d6bf17cfee30d2d01c,READY,
Mockito,29,IPO (Native IPO),org.mockito.internal.matchers.Same,NO,,,NO_SUITE,
Mockito,29,MIO (EvoSuite SBST),org.mockito.internal.matchers.Same,YES,Same_ESTest.java,5504aa5b80a30287381261e9d3f54e4ac0e9d2519534929eccd5b3122ccd602b,READY,
Mockito,29,DeepSeek V4 Flash,org.mockito.internal.matchers.Same,YES,SameDeepseekTest.java,5f3bbccbc053670105897aa78f027ac0c7a854652a7976a6816205dad35fc3e2,READY,
Mockito,29,Gemini 3.8 Flash,org.mockito.internal.matchers.Same,YES,SameGeminiTest.java,a107dfa39e86d8f0a63b0c74d9cbe46b399da422ebcdbab49ab9e334ee7ac6a0,READY,
Mockito,30,IPO (Native IPO),org.mockito.exceptions.Reporter;org.mockito.internal.stubbing.defaultanswers.ReturnsSmartNulls,NO,,,NO_SUITE,
Mockito,30,MIO (EvoSuite SBST),org.mockito.exceptions.Reporter;org.mockito.internal.stubbing.defaultanswers.ReturnsSmartNulls,YES,Reporter_ESTest.java;ReturnsSmartNulls_ESTest.java,74ad49470b35d799875a8b97f1d6156505ae1bdf548bd0688062190a2f2838ea,READY,
Mockito,30,DeepSeek V4 Flash,org.mockito.exceptions.Reporter;org.mockito.internal.stubbing.defaultanswers.ReturnsSmartNulls,YES,ReporterDeepseekTest.java;ReturnsSmartNullsDeepseekTest.java,61b34270c5f91e5371188bc2c76239413c6552adc297731ff4a0cb79905ac114,READY,
Mockito,30,Gemini 3.8 Flash,org.mockito.exceptions.Reporter;org.mockito.internal.stubbing.defaultanswers.ReturnsSmartNulls,YES,ReporterGeminiTest.java;ReturnsSmartNullsGeminiTest.java,035f86c5c85f62456d9542da00ec2b340e33bc1ada6116960b70982ad4fd5d67,READY,
Mockito,31,IPO (Native IPO),org.mockito.internal.stubbing.defaultanswers.ReturnsSmartNulls,NO,,,NO_SUITE,
Mockito,31,MIO (EvoSuite SBST),org.mockito.internal.stubbing.defaultanswers.ReturnsSmartNulls,YES,ReturnsSmartNulls_ESTest.java,0f0da1adbdf8b763feac4465fbe9d18707d9a4cfb7cd3cf875cc82cd0b34d1b4,READY,
Mockito,31,DeepSeek V4 Flash,org.mockito.internal.stubbing.defaultanswers.ReturnsSmartNulls,YES,ReturnsSmartNullsDeepseekTest.java,77a61c8ed287d43338f7b1f653375971a308da14eba17140ad5b801096878c4f,READY,
Mockito,31,Gemini 3.8 Flash,org.mockito.internal.stubbing.defaultanswers.ReturnsSmartNulls,YES,ReturnsSmartNullsGeminiTest.java,5a6685d666acc8544caa61be4a4350e870fc51d6b36f8c367f42511c9f1d2202,READY,
Mockito,32,IPO (Native IPO),org.mockito.internal.configuration.SpyAnnotationEngine,NO,,,NO_SUITE,
Mockito,32,MIO (EvoSuite SBST),org.mockito.internal.configuration.SpyAnnotationEngine,YES,SpyAnnotationEngine_ESTest.java,776fb964d8ccbfab5c7e0ba610372944b18a23b78813f26e68379677d3b48f71,READY,
Mockito,32,DeepSeek V4 Flash,org.mockito.internal.configuration.SpyAnnotationEngine,YES,SpyAnnotationEngineDeepseekTest.java,e41b6914148279cb53e39ec9d74e30fddfbcab2594ee8c027c1bc95e16f4ea6a,READY,
Mockito,32,Gemini 3.8 Flash,org.mockito.internal.configuration.SpyAnnotationEngine,YES,SpyAnnotationEngineGeminiTest.java,90e41391ea4450d5c85364c1ad540a2650ab89a0065b98447fe0c0e1466aae6d,READY,
Mockito,33,IPO (Native IPO),org.mockito.internal.invocation.InvocationMatcher,NO,,,NO_SUITE,
Mockito,33,MIO (EvoSuite SBST),org.mockito.internal.invocation.InvocationMatcher,YES,InvocationMatcher_ESTest.java,f7dfa6cd23c014b38f0e1b9cf69624fc400ccfa066c4c254bcd4c3ab79e73f93,READY,
Mockito,33,DeepSeek V4 Flash,org.mockito.internal.invocation.InvocationMatcher,YES,InvocationMatcherDeepseekTest.java,b571d1d0192ebd0ed8563f097f9a15475a916aba9c63688f1303455a08dd6ccb,READY,
Mockito,33,Gemini 3.8 Flash,org.mockito.internal.invocation.InvocationMatcher,YES,InvocationMatcherGeminiTest.java,6465649574172bc620cc2ab2a3d0e7013aa8e518853a4d3a661aeaee08d44eae,READY,
Mockito,34,IPO (Native IPO),org.mockito.internal.invocation.InvocationMatcher,NO,,,NO_SUITE,
Mockito,34,MIO (EvoSuite SBST),org.mockito.internal.invocation.InvocationMatcher,YES,InvocationMatcher_ESTest.java,1ff2a62706991acad3ea9adb8e053865d0d503453f3d878771ba948f8240cf8a,READY,
Mockito,34,DeepSeek V4 Flash,org.mockito.internal.invocation.InvocationMatcher,YES,InvocationMatcherDeepseekTest.java,4ac24bafef079d56335a071d3bf85edf0324e8b3c53031c719eb357d7adebec2,READY,
Mockito,34,Gemini 3.8 Flash,org.mockito.internal.invocation.InvocationMatcher,YES,InvocationMatcherGeminiTest.java,0c01bca2ebc405ca947e377cfbd455cdf7c9c4d4723caf7061d4f4e90c705500,READY,
Mockito,35,IPO (Native IPO),org.mockito.Matchers,NO,,,NO_SUITE,
Mockito,35,MIO (EvoSuite SBST),org.mockito.Matchers,YES,Matchers_ESTest.java,d9413052cc7e9962244d761e34c3df7a201fb2f31d2aa3bb8bb54de1d734878e,READY,
Mockito,35,DeepSeek V4 Flash,org.mockito.Matchers,YES,MatchersDeepseekTest.java,6f6a25c1c3cf006e1605989c883ea408594a11a51fee9347a14e106f5abdc0ad,READY,
Mockito,35,Gemini 3.8 Flash,org.mockito.Matchers,YES,MatchersGeminiTest.java,cd4b53ce4ece1e131d84ddcef9ed88a4c2d863ec6a571cf363f65b232fe801cd,READY,
Mockito,36,IPO (Native IPO),org.mockito.internal.invocation.Invocation,NO,,,NO_SUITE,
Mockito,36,MIO (EvoSuite SBST),org.mockito.internal.invocation.Invocation,YES,Invocation_ESTest.java,fa4a14c393dc8423b02c6332b0cebf7a380c5d595c749232f51a2351c08abca9,READY,
Mockito,36,DeepSeek V4 Flash,org.mockito.internal.invocation.Invocation,YES,InvocationDeepseekTest.java,0ee478e591ec1537773a493a6c0a099409e902c2c1809fe00d112326288ef4d1,READY,
Mockito,36,Gemini 3.8 Flash,org.mockito.internal.invocation.Invocation,YES,InvocationGeminiTest.java,382a43c94579c33ff1128c5f062057298150ff4b950e04d03023cbc247ea771d,READY,
Mockito,37,IPO (Native IPO),org.mockito.internal.stubbing.answers.AnswersValidator,NO,,,NO_SUITE,
Mockito,37,MIO (EvoSuite SBST),org.mockito.internal.stubbing.answers.AnswersValidator,YES,AnswersValidator_ESTest.java,1371a30e89c5ff790ab1ea1a1335efbb8788c4c8a2b3497e8cb66538ea38b941,READY,
Mockito,37,DeepSeek V4 Flash,org.mockito.internal.stubbing.answers.AnswersValidator,YES,AnswersValidatorDeepseekTest.java,9f5c4705d3f6c44bfb4032c823dbdaedf7c70ebe3d408c4040a8650fcfca93b9,READY,
Mockito,37,Gemini 3.8 Flash,org.mockito.internal.stubbing.answers.AnswersValidator,YES,AnswersValidatorGeminiTest.java,44bed3e82030b0ed81d842489d4b5a9f0aadac1fac94b4f1408b3f928c574d70,READY,
Mockito,38,IPO (Native IPO),org.mockito.internal.verification.argumentmatching.ArgumentMatchingTool,NO,,,NO_SUITE,
Mockito,38,MIO (EvoSuite SBST),org.mockito.internal.verification.argumentmatching.ArgumentMatchingTool,YES,ArgumentMatchingTool_ESTest.java,6b8f90029a7f2b8123aea4774e332c636a995e79fee706da8f6c35b148c4acba,READY,
Mockito,38,DeepSeek V4 Flash,org.mockito.internal.verification.argumentmatching.ArgumentMatchingTool,YES,ArgumentMatchingToolDeepseekTest.java,00dd61759a7185bbc59a67cdc2514b8b5e0c4e57c736755c4e0f78f1375b7d31,READY,
Mockito,38,Gemini 3.8 Flash,org.mockito.internal.verification.argumentmatching.ArgumentMatchingTool,YES,ArgumentMatchingToolGeminiTest.java,ad8f886b326edd6071d598cd3ced802e5def124c640f324d17bc5f26181decec,READY,
Time,1,IPO (Native IPO),org.joda.time.field.UnsupportedDurationField;org.joda.time.Partial,YES,Partial_IPOTest.java;UnsupportedDurationField_IPOTest.java,3e5d249f95a1e95e95a233575f806a932faf0cecc279aa1f127e75ae561c2e83,READY,
Time,1,MIO (EvoSuite SBST),org.joda.time.field.UnsupportedDurationField;org.joda.time.Partial,YES,Partial_ESTest.java;UnsupportedDurationField_ESTest.java,f507665e436bd2b9c4d270d85b1ca64ae60a8b6cf60f2f01b767b26e8afc1b8f,READY,
Time,1,DeepSeek V4 Flash,org.joda.time.field.UnsupportedDurationField;org.joda.time.Partial,YES,PartialDeepseekTest.java;UnsupportedDurationFieldDeepseekTest.java,287ca60e5819c8c0a465e642866c30da089d10ac8ee7e2ed90bdd11a8e36068b,READY,
Time,1,Gemini 3.8 Flash,org.joda.time.field.UnsupportedDurationField;org.joda.time.Partial,YES,PartialGeminiTest.java;UnsupportedDurationFieldGeminiTest.java,f4f86c7f363e49c86febd1aa04a25f908e37835882023ec52c3b4ee534c01935,READY,
Time,2,IPO (Native IPO),org.joda.time.field.UnsupportedDurationField;org.joda.time.Partial,YES,Partial_IPOTest.java;UnsupportedDurationField_IPOTest.java,3e5d249f95a1e95e95a233575f806a932faf0cecc279aa1f127e75ae561c2e83,READY,
Time,2,MIO (EvoSuite SBST),org.joda.time.field.UnsupportedDurationField;org.joda.time.Partial,YES,Partial_ESTest.java;UnsupportedDurationField_ESTest.java,b1ad9a9db3f80f5b13ebd9049490a17d323619bbdfc24c698e9d90f640282995,READY,
Time,2,DeepSeek V4 Flash,org.joda.time.field.UnsupportedDurationField;org.joda.time.Partial,YES,PartialDeepseekTest.java;UnsupportedDurationFieldDeepseekTest.java,40ab1b5f0b16066fca62bda833671695dce022bd10a5a64bf15b3ca14685d983,READY,
Time,2,Gemini 3.8 Flash,org.joda.time.field.UnsupportedDurationField;org.joda.time.Partial,YES,PartialGeminiTest.java;UnsupportedDurationFieldGeminiTest.java,ba11d8435be2a957c31fa13fc749f7265455414d4f0c792abcbda767069ee8e7,READY,
Time,3,IPO (Native IPO),org.joda.time.MutableDateTime,NO,,,NO_SUITE,
Time,3,MIO (EvoSuite SBST),org.joda.time.MutableDateTime,YES,MutableDateTime_ESTest.java,5eb11a957d3497bd4c3bbd0dcf9c4e5f26f92066efc195b2c06c50e64ba72db4,READY,
Time,3,DeepSeek V4 Flash,org.joda.time.MutableDateTime,YES,MutableDateTimeDeepseekTest.java,3eba4cd4acf676fea0d5b1a2baa862690122fa0ee173b325dc2afdcb1bdba580,READY,
Time,3,Gemini 3.8 Flash,org.joda.time.MutableDateTime,YES,MutableDateTimeGeminiTest.java,0cb7bc45d9ec1e0ad8869aa0be376072f872b204f7141aeecbe50bbce54e982d,READY,
Time,4,IPO (Native IPO),org.joda.time.Partial,YES,Partial_IPOTest.java,64d811a176c283e09899aac990b3d4cd568750e5d256c90c7678a76d4fbdc704,READY,
Time,4,MIO (EvoSuite SBST),org.joda.time.Partial,YES,Partial_ESTest.java,c482fddead9fb9d0b5a0110409ae2d4ae9652a5f8769a808d3087ae3b78ff710,READY,
Time,4,DeepSeek V4 Flash,org.joda.time.Partial,YES,PartialDeepseekTest.java,11e979036c3abb24dfa061ee301d01fc9c7de6dbdb95455a75bb4bce82841cbb,READY,
Time,4,Gemini 3.8 Flash,org.joda.time.Partial,YES,PartialGeminiTest.java,c3bf5ef09c342d7779bc2c6ee77a99390f4ceb352789deaf46e4282218a821cf,READY,
Time,5,IPO (Native IPO),org.joda.time.Period,YES,Period_IPOTest.java,87c41e282999d9d1cabedad5673e0e21d40305fdb82b6d866508c2f4207789b7,READY,
Time,5,MIO (EvoSuite SBST),org.joda.time.Period,YES,Period_ESTest.java,2bb2ff18f42fcc00a137da2e48d9c8dba046091f262c5fc475005b6562d256c7,READY,
Time,5,DeepSeek V4 Flash,org.joda.time.Period,YES,PeriodDeepseekTest.java,1d5c0eb8b344418cea238e270547e211917849cec86c7f8ce38b1d80c70b24dd,READY,
Time,5,Gemini 3.8 Flash,org.joda.time.Period,YES,PeriodGeminiTest.java,f50afc0cd82633c87f32dd3a6184f2b5a105494fd98742c4a43b22dac5769703,READY,
Time,6,IPO (Native IPO),org.joda.time.chrono.GJChronology,YES,GJChronology_IPOTest.java,cab324f073f3f015a2fc4e58c394ff42a9c36f861fc2974e7aa220e2d8585b7c,READY,
Time,6,MIO (EvoSuite SBST),org.joda.time.chrono.GJChronology,YES,GJChronology_ESTest.java,cd9ae3c633b0e6f7ba640194dcc89fc491003c500925ac1ab961f240b4a85b3d,READY,
Time,6,DeepSeek V4 Flash,org.joda.time.chrono.GJChronology,YES,GJChronologyDeepseekTest.java,541b18933707393437b3ccc2bfa513ebe7b667eb96e8299625e0397e43821da0,READY,
Time,6,Gemini 3.8 Flash,org.joda.time.chrono.GJChronology,YES,GJChronologyGeminiTest.java,822fd1ed343340a804796d6be39a4e8a3f4bc5afd99dce24e4c161be0d18dab5,READY,
Time,7,IPO (Native IPO),org.joda.time.format.DateTimeFormatter,NO,,,NO_SUITE,
Time,7,MIO (EvoSuite SBST),org.joda.time.format.DateTimeFormatter,YES,DateTimeFormatter_ESTest.java,7b2ae82c4a61dbaf99a524e7cf4b274aaa1ed3f864e8c909b0149af14f51cb0b,READY,
Time,7,DeepSeek V4 Flash,org.joda.time.format.DateTimeFormatter,YES,DateTimeFormatterDeepseekTest.java,58909a6c4294479c03600216773b1789140e92a98b98fb14b51a3cf5b036b4a7,READY,
Time,7,Gemini 3.8 Flash,org.joda.time.format.DateTimeFormatter,YES,DateTimeFormatterGeminiTest.java,c5e58e82d090c092d5fb69f9f6e7ccff1e7e2d4c978af8130feec746767afabe,READY,
Time,8,IPO (Native IPO),org.joda.time.DateTimeZone,YES,DateTimeZone_IPOTest.java,1e6b1b28b808e0dd5367be893d7608868c5adb91be874d0d5724e76d4a305af4,READY,
Time,8,MIO (EvoSuite SBST),org.joda.time.DateTimeZone,YES,DateTimeZone_ESTest.java,43a858346f4a6b03d8385511a1b767e92466940f9554471c7e4726850df645ff,READY,
Time,8,DeepSeek V4 Flash,org.joda.time.DateTimeZone,YES,DateTimeZoneDeepseekTest.java,1807df7f0108c7ef3beb99d564900f71c19288527b9d2afb3fa9509bd5133af5,READY,
Time,8,Gemini 3.8 Flash,org.joda.time.DateTimeZone,YES,DateTimeZoneGeminiTest.java,c1feffc6fc472996e47d30d8243fb170cc14d9851c0b75692b40a3dc1aea2dbf,READY,
Time,9,IPO (Native IPO),org.joda.time.DateTimeZone,YES,DateTimeZone_IPOTest.java,cc62aeb41428a316bdad9c6605c38198534f1a0f22077880ed46e6982c513140,READY,
Time,9,MIO (EvoSuite SBST),org.joda.time.DateTimeZone,YES,DateTimeZone_ESTest.java,30e47bfd1f62849cd7e407b7a2ae44e527dce2b9c2558bbb75fb6142c2cb3403,READY,
Time,9,DeepSeek V4 Flash,org.joda.time.DateTimeZone,YES,DateTimeZoneDeepseekTest.java,1d5b0031a19101c0cbe98a0075603514912f12e7679853cf50eabe95f60a9af2,READY,
Time,9,Gemini 3.8 Flash,org.joda.time.DateTimeZone,YES,DateTimeZoneGeminiTest.java,82772087db767dbb50d0df193796f78d21871dba7e3ee61e7cda368cb123f7db,READY,
Time,10,IPO (Native IPO),org.joda.time.base.BaseSingleFieldPeriod,YES,BaseSingleFieldPeriod_IPOTest.java,256b53d86b4d0bf24922fa9f8439d53e87b45c8317c38a090c460454b0aebf8a,READY,
Time,10,MIO (EvoSuite SBST),org.joda.time.base.BaseSingleFieldPeriod,YES,BaseSingleFieldPeriod_ESTest.java,07de56c37532937d3556d99abbac629df28b85874e299a112b050808b40de56f,READY,
Time,10,DeepSeek V4 Flash,org.joda.time.base.BaseSingleFieldPeriod,YES,BaseSingleFieldPeriodDeepseekTest.java,dd3ef4d7eaa134f0ce3b941b7ffbf803a64b94636cdb1695fd5cdd54ee8c1899,READY,
Time,10,Gemini 3.8 Flash,org.joda.time.base.BaseSingleFieldPeriod,YES,BaseSingleFieldPeriodGeminiTest.java,e4d8c453f38ef79071c909eff1acb7cd546e9dadb43cbe24dd225056abf9dd2f,READY,
Time,11,IPO (Native IPO),org.joda.time.tz.ZoneInfoCompiler,NO,,,NO_SUITE,
Time,11,MIO (EvoSuite SBST),org.joda.time.tz.ZoneInfoCompiler,YES,ZoneInfoCompiler_ESTest.java,1082f37bc3da193bb72ca567321853270be545b6246c6f5ce36f89b7faeb9ee9,READY,
Time,11,DeepSeek V4 Flash,org.joda.time.tz.ZoneInfoCompiler,YES,ZoneInfoCompilerDeepseekTest.java,1f5bee8e76f5ebc71612bcecf8301eec104530f8ed536d157c89be5da646999e,READY,
Time,11,Gemini 3.8 Flash,org.joda.time.tz.ZoneInfoCompiler,YES,ZoneInfoCompilerGeminiTest.java,19d899e3f4c1805044da653131906a50aa58b4a11df11f731e246b199cbcaa27,READY,
Time,12,IPO (Native IPO),org.joda.time.LocalDate;org.joda.time.LocalDateTime,YES,LocalDateTime_IPOTest.java;LocalDate_IPOTest.java,42106564943b781af24dfad32a8d0174ae8284a55d70eb97f291a8fb404058cb,READY,
Time,12,MIO (EvoSuite SBST),org.joda.time.LocalDate;org.joda.time.LocalDateTime,YES,LocalDateTime_ESTest.java;LocalDate_ESTest.java,c91a4721a476a2e7fa07ce5a4138521a6c4e13c33e76e2a97373f11ca23270e5,READY,
Time,12,DeepSeek V4 Flash,org.joda.time.LocalDate;org.joda.time.LocalDateTime,YES,LocalDateDeepseekTest.java;LocalDateTimeDeepseekTest.java,174baf180859be9d97ae6b9505182a4def9d7abf84886895f9560aacda19d308,READY,
Time,12,Gemini 3.8 Flash,org.joda.time.LocalDate;org.joda.time.LocalDateTime,YES,LocalDateGeminiTest.java;LocalDateTimeGeminiTest.java,4ccd5c7166b028793457dc7a5b6da7a025915c8775b1abfc0b781320a3fdabb7,READY,
Time,13,IPO (Native IPO),org.joda.time.format.PeriodFormatterBuilder,NO,,,NO_SUITE,
Time,13,MIO (EvoSuite SBST),org.joda.time.format.PeriodFormatterBuilder,YES,PeriodFormatterBuilder_ESTest.java,1855c24cd9de9dc5b3c42e40862fef034dada2b6fc9f2eae8daf7fc323166dc0,READY,
Time,13,DeepSeek V4 Flash,org.joda.time.format.PeriodFormatterBuilder,YES,PeriodFormatterBuilderDeepseekTest.java,6e1be7e67f437bc7bbe42590d6f9df12c3d2751d8839297a2c25df406405af66,READY,
Time,13,Gemini 3.8 Flash,org.joda.time.format.PeriodFormatterBuilder,YES,PeriodFormatterBuilderGeminiTest.java,740dcffd887fe95a459db3dcd6b8a06306423204869f57c6f28666a0dbdd8380,READY,
Time,14,IPO (Native IPO),org.joda.time.chrono.BasicMonthOfYearDateTimeField,NO,,,NO_SUITE,
Time,14,MIO (EvoSuite SBST),org.joda.time.chrono.BasicMonthOfYearDateTimeField,YES,BasicMonthOfYearDateTimeField_ESTest.java,b920867f98a9370fdf6e2f37f49923e3dd9ca644ce979712d00027c6145ab50b,READY,
Time,14,DeepSeek V4 Flash,org.joda.time.chrono.BasicMonthOfYearDateTimeField,YES,BasicMonthOfYearDateTimeFieldDeepseekTest.java,963a42ff8a6b3470755a973ce402ff536d4e7f86a29abd704c0f62d39cb8ded0,READY,
Time,14,Gemini 3.8 Flash,org.joda.time.chrono.BasicMonthOfYearDateTimeField,YES,BasicMonthOfYearDateTimeFieldGeminiTest.java,d9bf551f077be0947e42254ce120d2fca27e31ec737f44b12c6de1d50c541028,READY,
Time,15,IPO (Native IPO),org.joda.time.field.FieldUtils,YES,FieldUtils_IPOTest.java,bba6efdd5513540de37be5e5cd305b8609a653495db9f65aed5ddcb611411638,READY,
Time,15,MIO (EvoSuite SBST),org.joda.time.field.FieldUtils,YES,FieldUtils_ESTest.java,9bea5d909e4f3dc6ed0812f4b955f41f51bdb055ef89d61fd90c8430f9e5fe49,READY,
Time,15,DeepSeek V4 Flash,org.joda.time.field.FieldUtils,YES,FieldUtilsDeepseekTest.java,7fba1f3e0ea11ee7d71fb3a2cdbc153f1098551618b8cdcd090ec565a5cfd9a5,READY,
Time,15,Gemini 3.8 Flash,org.joda.time.field.FieldUtils,YES,FieldUtilsGeminiTest.java,ab6ba4f392e6bc0eafe390a42caafe3b5c50d6915391abe19c1d09b0dc2cce9e,READY,
Time,16,IPO (Native IPO),org.joda.time.format.DateTimeFormatter,NO,,,NO_SUITE,
Time,16,MIO (EvoSuite SBST),org.joda.time.format.DateTimeFormatter,YES,DateTimeFormatter_ESTest.java,9d63a349662d9dc20eb0bf44b2eb2059ed2b8cdd8605afd21da4215740e01c71,READY,
Time,16,DeepSeek V4 Flash,org.joda.time.format.DateTimeFormatter,YES,DateTimeFormatterDeepseekTest.java,a78ce8a5bbb9b44f2caefc5a0d6e884697464da4cfc0eadfb6a31e7739374168,READY,
Time,16,Gemini 3.8 Flash,org.joda.time.format.DateTimeFormatter,YES,DateTimeFormatterGeminiTest.java,2ab0967f87b343eda8a8729504e49363f913189e44e2c638d3e9ac51cc0b6a2d,READY,
Time,17,IPO (Native IPO),org.joda.time.DateTimeZone,YES,DateTimeZone_IPOTest.java,cc62aeb41428a316bdad9c6605c38198534f1a0f22077880ed46e6982c513140,READY,
Time,17,MIO (EvoSuite SBST),org.joda.time.DateTimeZone,YES,DateTimeZone_ESTest.java,1ca6ea1d0106e816b1287812aec1ec4342fae8bd663f90448e7340fb0cfca0b0,READY,
Time,17,DeepSeek V4 Flash,org.joda.time.DateTimeZone,YES,DateTimeZoneDeepseekTest.java,b3e29fd08ce590fe96570c2316d4f76b3fdeeb6ca1be125c781a79e8f5da2a4a,READY,
Time,17,Gemini 3.8 Flash,org.joda.time.DateTimeZone,YES,DateTimeZoneGeminiTest.java,43b2c2c4a187ccc6226f5ab477b8ef204150db56b1ac9ff9380464e586f17d98,READY,
Time,18,IPO (Native IPO),org.joda.time.chrono.GJChronology,YES,GJChronology_IPOTest.java,cab324f073f3f015a2fc4e58c394ff42a9c36f861fc2974e7aa220e2d8585b7c,READY,
Time,18,MIO (EvoSuite SBST),org.joda.time.chrono.GJChronology,YES,GJChronology_ESTest.java,4e834c8ebaf41d85831900af171e5ca21a8eb872514cc005bd147eff6c315146,READY,
Time,18,DeepSeek V4 Flash,org.joda.time.chrono.GJChronology,YES,GJChronologyDeepseekTest.java,cc8278787bafc87c28efb43d52f932efc02b6752cdf60704c89ac18f3fe8a5e4,READY,
Time,18,Gemini 3.8 Flash,org.joda.time.chrono.GJChronology,YES,GJChronologyGeminiTest.java,946f9e386c1a19eeba56575bbac9b78c41252730d81f4867b2d641e226c584ec,READY,
Time,19,IPO (Native IPO),org.joda.time.DateTimeZone,YES,DateTimeZone_IPOTest.java,cc62aeb41428a316bdad9c6605c38198534f1a0f22077880ed46e6982c513140,READY,
Time,19,MIO (EvoSuite SBST),org.joda.time.DateTimeZone,YES,DateTimeZone_ESTest.java,f111e211ed347fa35a6ce389d6a779c06c4ea00a655907720dbef0d6fffef389,READY,
Time,19,DeepSeek V4 Flash,org.joda.time.DateTimeZone,YES,DateTimeZoneDeepseekTest.java,ffcd3e60982034f1ac90f95248b503cd46473edc1cf255b661631c8b23ca03cc,READY,
Time,19,Gemini 3.8 Flash,org.joda.time.DateTimeZone,YES,DateTimeZoneGeminiTest.java,605e1e1aa3e388dd2f13c0a058a0a0ed1d3aff18def21994e34e1d3781e19df7,READY,
Time,20,IPO (Native IPO),org.joda.time.format.DateTimeFormatterBuilder,NO,,,NO_SUITE,
Time,20,MIO (EvoSuite SBST),org.joda.time.format.DateTimeFormatterBuilder,YES,DateTimeFormatterBuilder_ESTest.java,7c48303ad6d7cb2ec50206a09d19231e64a926ea455ac241c9e2175a2568e255,READY,
Time,20,DeepSeek V4 Flash,org.joda.time.format.DateTimeFormatterBuilder,YES,DateTimeFormatterBuilderDeepseekTest.java,cd754212029ca9e9cc818021890092ae23ed522bbf00fb06a51c1ac607b5b1c7,READY,
Time,20,Gemini 3.8 Flash,org.joda.time.format.DateTimeFormatterBuilder,YES,DateTimeFormatterBuilderGeminiTest.java,d907e7b1d4370d69590d73098e2975c6d07151ea03c05f33369a4a784a65e20a,READY,
Time,22,IPO (Native IPO),org.joda.time.base.BasePeriod,NO,,,NO_SUITE,
Time,22,MIO (EvoSuite SBST),org.joda.time.base.BasePeriod,YES,BasePeriod_ESTest.java,c9086d86f93f4a172a00a15295bf4242196c19800ce636c8c6903ee0cad36f3b,READY,
Time,22,DeepSeek V4 Flash,org.joda.time.base.BasePeriod,YES,BasePeriodDeepseekTest.java,7fa8c242cb5b9097540d9511393fe7b7d0582d80c8712795f33ec2af82808f23,READY,
Time,22,Gemini 3.8 Flash,org.joda.time.base.BasePeriod,YES,BasePeriodGeminiTest.java,8c308277e9e32053d61972d7cf7d786df32a663a0531c81f24c601f27d68aaa8,READY,
Time,23,IPO (Native IPO),org.joda.time.DateTimeZone,YES,DateTimeZone_IPOTest.java,cc62aeb41428a316bdad9c6605c38198534f1a0f22077880ed46e6982c513140,READY,
Time,23,MIO (EvoSuite SBST),org.joda.time.DateTimeZone,YES,DateTimeZone_ESTest.java,777895e27f60280e8178233bd77f9a4aae46d29b6ee35611ff3984725a837809,READY,
Time,23,DeepSeek V4 Flash,org.joda.time.DateTimeZone,YES,DateTimeZoneDeepseekTest.java,a903c4a3af47e8f8c1ca4c67448ea3da6030015f1b5d993b153cbadec213bd87,READY,
Time,23,Gemini 3.8 Flash,org.joda.time.DateTimeZone,YES,DateTimeZoneGeminiTest.java,a1b6ebeb309a6f86175c39ae5262c4f1eeb61fce3947229495a64b13f3cf04fa,READY,
Time,24,IPO (Native IPO),org.joda.time.format.DateTimeParserBucket,YES,DateTimeParserBucket_IPOTest.java,0d816860317e7593a91975edd5962c6bd8dfb5554ad7ec4f86feba0f0ab12097,READY,
Time,24,MIO (EvoSuite SBST),org.joda.time.format.DateTimeParserBucket,YES,DateTimeParserBucket_ESTest.java,63ce8a00aac915c70ca1b9c7abf90357a58161364fd49e08d1af14c85c933681,READY,
Time,24,DeepSeek V4 Flash,org.joda.time.format.DateTimeParserBucket,YES,DateTimeParserBucketDeepseekTest.java,3b9d873f856e6367ea36937a68eaf7064c3712d2cbd7f31f64683f3b1c968713,READY,
Time,24,Gemini 3.8 Flash,org.joda.time.format.DateTimeParserBucket,YES,DateTimeParserBucketGeminiTest.java,8017fdd0f1ce8485d1594e9de4568dee7f254a5f83e482652c24bb2f9aca10cf,READY,
Time,25,IPO (Native IPO),org.joda.time.DateTimeZone,YES,DateTimeZone_IPOTest.java,cc62aeb41428a316bdad9c6605c38198534f1a0f22077880ed46e6982c513140,READY,
Time,25,MIO (EvoSuite SBST),org.joda.time.DateTimeZone,YES,DateTimeZone_ESTest.java,b9fcd475211fd09c13b13e9509b67d708a56c90421710d6ee92b89ce8b67ce28,READY,
Time,25,DeepSeek V4 Flash,org.joda.time.DateTimeZone,YES,DateTimeZoneDeepseekTest.java,cd90c1d65c2fb1d1f7c4789fc3e051e5129ecb4269f406f3866c4b376f99f64a,READY,
Time,25,Gemini 3.8 Flash,org.joda.time.DateTimeZone,YES,DateTimeZoneGeminiTest.java,6ac19b1ed35e9d682362de7f4cc89a7e78f7ea1f6023a70096afd6e15febf3d6,READY,
Time,26,IPO (Native IPO),org.joda.time.chrono.ZonedChronology;org.joda.time.DateTimeZone;org.joda.time.field.LenientDateTimeField,YES,DateTimeZone_IPOTest.java;ZonedChronology_IPOTest.java,e63ce205eb9f49783a7abd1185126d641eae43d937eed9a4a5f594123012d2a8,READY,
Time,26,MIO (EvoSuite SBST),org.joda.time.chrono.ZonedChronology;org.joda.time.DateTimeZone;org.joda.time.field.LenientDateTimeField,YES,DateTimeZone_ESTest.java;LenientDateTimeField_ESTest.java;ZonedChronology_ESTest.java,81151f8db604afcb09d0d81f860cbe08ee5cb5478cc086336eabd9b78b997626,READY,
Time,26,DeepSeek V4 Flash,org.joda.time.chrono.ZonedChronology;org.joda.time.DateTimeZone;org.joda.time.field.LenientDateTimeField,YES,DateTimeZoneDeepseekTest.java;LenientDateTimeFieldDeepseekTest.java;ZonedChronologyDeepseekTest.java,2b9078765becf72ef668a2eec6afa0df7315a93974e39b6fbed6da2f18eed1e6,READY,
Time,26,Gemini 3.8 Flash,org.joda.time.chrono.ZonedChronology;org.joda.time.DateTimeZone;org.joda.time.field.LenientDateTimeField,YES,DateTimeZoneGeminiTest.java;LenientDateTimeFieldGeminiTest.java;ZonedChronologyGeminiTest.java,a64adfc499c28ce3d5eac9608e6c103b34f81bad08f514acfd42d2046879cf4b,READY,
Time,27,IPO (Native IPO),org.joda.time.format.PeriodFormatterBuilder,NO,,,NO_SUITE,
Time,27,MIO (EvoSuite SBST),org.joda.time.format.PeriodFormatterBuilder,YES,PeriodFormatterBuilder_ESTest.java,75abd66e549b5a4f1ca4c96f3c7202424c9a5ba1f8dfba97449baeb0fcb8e590,READY,
Time,27,DeepSeek V4 Flash,org.joda.time.format.PeriodFormatterBuilder,YES,PeriodFormatterBuilderDeepseekTest.java,61989140a465aef80b8e74e233fe97f8cd16fad8cc8a0620b76f8edfd5b31a37,READY,
Time,27,Gemini 3.8 Flash,org.joda.time.format.PeriodFormatterBuilder,YES,PeriodFormatterBuilderGeminiTest.java,76954d265fdf9b16ffa3b08b71bd3d47b63ae8f1629577f3692dedfe889d0ed7,READY,
